token,token_address,non_monotonic_curve,direction,notional,deterioration_pct,output_raw,sell_proceeds_usdc,at,url,routes,raw_file
BROTHER,0x3b405a98c9e795d427fe82cdeeeed803f221b52471e3a757574a2b4180793ee,False,buy,10,0.0,41225398124028227483481407488,,2026-09-18T09:59:23.563636+00:00,https://starknet.api.avnu.fi/swap/v3/quotes?sellTokenAddress=0x033068f6539f8e6e6b131e6b2b814e6c34a5224bc66947c47dab9dfee93b35fb&buyTokenAddress=0x03b405a98c9e795d427fe82cdeeeed803f221b52471e3a757574a2b4180793ee&sellAmount=0x989680&size=1,"[{""name"": ""Ekubo"", ""pool"": ""0x160f5d987caf56d8109427919172c1e45ef366ea1d7dcf105a3c5a5e794aea3"", ""share_of_parent"": 1.0}, {""name"": ""10kSwap"", ""pool"": ""0x4ad445ffb6294d1394b3f6a5610642d37c702eaaa47346b680c6af2f102192e"", ""share_of_parent"": 1.0}, {""name"": ""Ekubo(Twamm)"", ""pool"": ""0x202580cdfea7eb7d07895691fff97c327545347ed6b6c547e165755821c969e"", ""share_of_parent"": 1.0}]",quote-BROTHER-buy-10.json
BROTHER,0x3b405a98c9e795d427fe82cdeeeed803f221b52471e3a757574a2b4180793ee,False,buy,100,0.17205879732277163,411544661998245011851208294400,,2026-09-18T09:59:24.668932+00:00,https://starknet.api.avnu.fi/swap/v3/quotes?sellTokenAddress=0x033068f6539f8e6e6b131e6b2b814e6c34a5224bc66947c47dab9dfee93b35fb&buyTokenAddress=0x03b405a98c9e795d427fe82cdeeeed803f221b52471e3a757574a2b4180793ee&sellAmount=0x5f5e100&size=1,"[{""name"": ""Ekubo"", ""pool"": ""0x5dfce41b432a59570b82182d3f9f37abf7aee04a3faebc96ac367c4cb12d313"", ""share_of_parent"": 1.0}, {""name"": ""Ekubo"", ""pool"": ""0xd4cf27867a524d5da0eb8a9d570506c9db85ee8fce7a90e4c5f8488251360a"", ""share_of_parent"": 0.8511151163}, {""name"": ""Ekubo(Twamm)"", ""pool"": ""0x202580cdfea7eb7d07895691fff97c327545347ed6b6c547e165755821c969e"", ""share_of_parent"": 0.1488848837}]",quote-BROTHER-buy-100.json
BROTHER,0x3b405a98c9e795d427fe82cdeeeed803f221b52471e3a757574a2b4180793ee,False,buy,1000,1.1416303501609826,4075475646706962676108140478464,,2026-09-18T09:59:25.736482+00:00,https://starknet.api.avnu.fi/swap/v3/quotes?sellTokenAddress=0x033068f6539f8e6e6b131e6b2b814e6c34a5224bc66947c47dab9dfee93b35fb&buyTokenAddress=0x03b405a98c9e795d427fe82cdeeeed803f221b52471e3a757574a2b4180793ee&sellAmount=0x3b9aca00&size=1,"[{""name"": ""Ekubo"", ""pool"": ""0x59592b427f28fea4683279a034e443c03125e1159ab0b14cc29a04ecf57a443"", ""share_of_parent"": 0.1502738634}, {""name"": ""Ekubo"", ""pool"": ""0x4ffe087d21be7dc329d29721d169f5f6522a6fce624e8ac3aed285c3fb42f50"", ""share_of_parent"": 1.0}, {""name"": ""Ekubo"", ""pool"": ""0xd4cf27867a524d5da0eb8a9d570506c9db85ee8fce7a90e4c5f8488251360a"", ""share_of_parent"": 1.0}, {""name"": ""Ekubo"", ""pool"": ""0x5dfce41b432a59570b82182d3f9f37abf7aee04a3faebc96ac367c4cb12d313"", ""share_of_parent"": 0.8065699199}, {""name"": ""Ekubo"", ""pool"": ""0xd4cf27867a524d5da0eb8a9d570506c9db85ee8fce7a90e4c5f8488251360a"", ""share_of_parent"": 0.8533957653}, {""name"": ""Ekubo(Twamm)"", ""pool"": ""0x202580cdfea7eb7d07895691fff97c327545347ed6b6c547e165755821c969e"", ""share_of_parent"": 0.1367743988}, {""name"": ""JediSwap"", ""pool"": ""0x4a0f7f881c9416062cca477b5237d6c0c99aa04f7aabca7d7e8a2232eeace75"", ""share_of_parent"": 0.009829835900000009}, {""name"": ""0dAMM"", ""pool"": ""0xd7b9aeed671dfd92653c682fb4a06db88fed691c5c8c7c6e74c8ef5421159c"", ""share_of_parent"": 0.0431562166999999}, {""name"": ""Ekubo"", ""pool"": ""0xd4cf27867a524d5da0eb8a9d570506c9db85ee8fce7a90e4c5f8488251360a"", ""share_of_parent"": 0.9397875512}, {""name"": ""Ekubo(Twamm)"", ""pool"": ""0x202580cdfea7eb7d07895691fff97c327545347ed6b6c547e165755821c969e"", ""share_of_parent"": 0.060212448800000005}]",quote-BROTHER-buy-1000.json
BROTHER,0x3b405a98c9e795d427fe82cdeeeed803f221b52471e3a757574a2b4180793ee,False,buy,10000,10.579270358567094,36864051800091633580332921389056,,2026-09-18T09:59:27.968867+00:00,https://starknet.api.avnu.fi/swap/v3/quotes?sellTokenAddress=0x033068f6539f8e6e6b131e6b2b814e6c34a5224bc66947c47dab9dfee93b35fb&buyTokenAddress=0x03b405a98c9e795d427fe82cdeeeed803f221b52471e3a757574a2b4180793ee&sellAmount=0x2540be400&size=1,"[{""name"": ""Ekubo"", ""pool"": ""0x59592b427f28fea4683279a034e443c03125e1159ab0b14cc29a04ecf57a443"", ""share_of_parent"": 0.053058941}, {""name"": ""Ekubo"", ""pool"": ""0x4ffe087d21be7dc329d29721d169f5f6522a6fce624e8ac3aed285c3fb42f50"", ""share_of_parent"": 1.0}, {""name"": ""Ekubo"", ""pool"": ""0xd4cf27867a524d5da0eb8a9d570506c9db85ee8fce7a90e4c5f8488251360a"", ""share_of_parent"": 0.8668657824}, {""name"": ""Ekubo(Twamm)"", ""pool"": ""0x202580cdfea7eb7d07895691fff97c327545347ed6b6c547e165755821c969e"", ""share_of_parent"": 0.13313421760000002}, {""name"": ""Ekubo"", ""pool"": ""0x160f5d987caf56d8109427919172c1e45ef366ea1d7dcf105a3c5a5e794aea3"", ""share_of_parent"": 0.0074565434}, {""name"": ""10kSwap"", ""pool"": ""0x4ad445ffb6294d1394b3f6a5610642d37c702eaaa47346b680c6af2f102192e"", ""share_of_parent"": 0.219187241}, {""name"": ""Ekubo"", ""pool"": ""0xd4cf27867a524d5da0eb8a9d570506c9db85ee8fce7a90e4c5f8488251360a"", ""share_of_parent"": 1.0}, {""name"": ""JediSwap"", ""pool"": ""0x2ed66297d146ecd91595c3174da61c1397e8b7fcecf25d423b1ba6717b0ece9"", ""share_of_parent"": 0.0487676825}, {""name"": ""Ekubo"", ""pool"": ""0xd4cf27867a524d5da0eb8a9d570506c9db85ee8fce7a90e4c5f8488251360a"", ""share_of_parent"": 1.0}, {""name"": ""Nostra"", ""pool"": ""0x1a2de9f2895ac4e6cb80c11ecc07ce8062a4ae883f64cb2b1dc6724b85e897d"", ""share_of_parent"": 0.7320450765000001}, {""name"": ""Ekubo"", ""pool"": ""0xd4cf27867a524d5da0eb8a9d570506c9db85ee8fce7a90e4c5f8488251360a"", ""share_of_parent"": 0.9151241187}, {""name"": ""Ekubo(Twamm)"", ""pool"": ""0x202580cdfea7eb7d07895691fff97c327545347ed6b6c547e165755821c969e"", ""share_of_parent"": 0.08487588130000001}, {""name"": ""Ekubo"", ""pool"": ""0x5dfce41b432a59570b82182d3f9f37abf7aee04a3faebc96ac367c4cb12d313"", ""share_of_parent"": 0.6534845154}, {""name"": ""Ekubo"", ""pool"": ""0x116679a71aa797a1f2bfe6e6746f823906d7765e71bd250e569340ae975ae56"", ""share_of_parent"": 0.0340789445}, {""name"": ""Ekubo"", ""pool"": ""0x59a158b8b6ece32bbf436f4d5fd7da4f0664e2ec63e86ff2922f56ed6d52dd9"", ""share_of_parent"": 1.0}, {""name"": ""Ekubo"", ""pool"": ""0xd4cf27867a524d5da0eb8a9d570506c9db85ee8fce7a90e4c5f8488251360a"", ""share_of_parent"": 0.7688892286}, {""name"": ""Ekubo(Twamm)"", ""pool"": ""0x202580cdfea7eb7d07895691fff97c327545347ed6b6c547e165755821c969e"", ""share_of_parent"": 0.1970318269}, {""name"": ""Ekubo"", ""pool"": ""0x2e65ce680bf9243a7d3b0c40200c015f66be7602bfe8e24a0b4bbd2f4b0997"", ""share_of_parent"": 0.0198541458}, {""name"": ""Ekubo"", ""pool"": ""0x70c7729dcb5b2eab110331619cdc5c7ab894ff0b604b2dd3204df40517202a5"", ""share_of_parent"": 1.0}, {""name"": ""Ekubo"", ""pool"": ""0xd4cf27867a524d5da0eb8a9d570506c9db85ee8fce7a90e4c5f8488251360a"", ""share_of_parent"": 0.86656704}, {""name"": ""Ekubo(Twamm)"", ""pool"": ""0x202580cdfea7eb7d07895691fff97c327545347ed6b6c547e165755821c969e"", ""share_of_parent"": 0.13343296000000002}, {""name"": ""0dAMM"", ""pool"": ""0xd7b9aeed671dfd92653c682fb4a06db88fed691c5c8c7c6e74c8ef5421159c"", ""share_of_parent"": 0.2628951048}, {""name"": ""Ekubo"", ""pool"": ""0x116679a71aa797a1f2bfe6e6746f823906d7765e71bd250e569340ae975ae56"", ""share_of_parent"": 0.0187514247}, {""name"": ""Ekubo"", ""pool"": ""0x59a158b8b6ece32bbf436f4d5fd7da4f0664e2ec63e86ff2922f56ed6d52dd9"", ""share_of_parent"": 1.0}, {""name"": ""Ekubo"", ""pool"": ""0xd4cf27867a524d5da0eb8a9d570506c9db85ee8fce7a90e4c5f8488251360a"", ""share_of_parent"": 0.8102069389}, {""name"": ""Ekubo(Twamm)"", ""pool"": ""0x202580cdfea7eb7d07895691fff97c327545347ed6b6c547e165755821c969e"", ""share_of_parent"": 0.0996138979}, {""name"": ""JediSwap"", ""pool"": ""0x4a0f7f881c9416062cca477b5237d6c0c99aa04f7aabca7d7e8a2232eeace75"", ""share_of_parent"": 0.0339456684}, {""name"": ""Ekubo"", ""pool"": ""0x672aad8e4b81b65baebc9723162bcc207232783d499f1f3f10cee77106bed2e"", ""share_of_parent"": 0.037482070100000014}, {""name"": ""Ekubo(Oracle)"", ""pool"": ""0x11c6618b5abc3c0a95cbc7f33c9c52ae0598862a6b7a2f3d64e90e833d8b854"", ""share_of_parent"": 0.0005274725}, {""name"": ""Ekubo(Oracle)"", ""pool"": ""0xbc670cdb0ba806fd70697ca13b592c000e34fbfb92cc0a3a25eda97bb4f647"", ""share_of_parent"": 1.0}, {""name"": ""Ekubo"", ""pool"": ""0xd4cf27867a524d5da0eb8a9d570506c9db85ee8fce7a90e4c5f8488251360a"", ""share_of_parent"": 1.0}, {""name"": ""0dAMM"", ""pool"": ""0x256462984b6063ffe3d674449892577ab3777ad0ac0b2109797800914dcf1c1"", ""share_of_parent"": 0.002723277100000033}, {""name"": ""Ekubo"", ""pool"": ""0x2d91a3f0b1e68b0d5e6f27fb649dcaef141c4efdedb9305764fe22382fc03f0"", ""share_of_parent"": 0.2369785155}, {""name"": ""Ekubo"", ""pool"": ""0xd4cf27867a524d5da0eb8a9d570506c9db85ee8fce7a90e4c5f8488251360a"", ""share_of_parent"": 1.0}, {""name"": ""Nostra"", ""pool"": ""0x1a2de9f2895ac4e6cb80c11ecc07ce8062a4ae883f64cb2b1dc6724b85e897d"", ""share_of_parent"": 0.7630214845}, {""name"": ""Ekubo"", ""pool"": ""0xd4cf27867a524d5da0eb8a9d570506c9db85ee8fce7a90e4c5f8488251360a"", ""share_of_parent"": 0.5510123989}, {""name"": ""Ekubo(Twamm)"", ""pool"": ""0x202580cdfea7eb7d07895691fff97c327545347ed6b6c547e165755821c969e"", ""share_of_parent"": 0.4489876011}]",quote-BROTHER-buy-10000.json
BROTHER,0x3b405a98c9e795d427fe82cdeeeed803f221b52471e3a757574a2b4180793ee,False,buy,100000,72.85183417040635,111919394466213698833536438501376,,2026-09-18T09:59:29.905588+00:00,https://starknet.api.avnu.fi/swap/v3/quotes?sellTokenAddress=0x033068f6539f8e6e6b131e6b2b814e6c34a5224bc66947c47dab9dfee93b35fb&buyTokenAddress=0x03b405a98c9e795d427fe82cdeeeed803f221b52471e3a757574a2b4180793ee&sellAmount=0x174876e800&size=1,"[{""name"": ""Ekubo"", ""pool"": ""0x59592b427f28fea4683279a034e443c03125e1159ab0b14cc29a04ecf57a443"", ""share_of_parent"": 0.0079000999}, {""name"": ""Ekubo"", ""pool"": ""0x4ffe087d21be7dc329d29721d169f5f6522a6fce624e8ac3aed285c3fb42f50"", ""share_of_parent"": 1.0}, {""name"": ""Ekubo"", ""pool"": ""0xd4cf27867a524d5da0eb8a9d570506c9db85ee8fce7a90e4c5f8488251360a"", ""share_of_parent"": 0.7765330875}, {""name"": ""Ekubo(Twamm)"", ""pool"": ""0x202580cdfea7eb7d07895691fff97c327545347ed6b6c547e165755821c969e"", ""share_of_parent"": 0.2234669125}, {""name"": ""Ekubo"", ""pool"": ""0x160f5d987caf56d8109427919172c1e45ef366ea1d7dcf105a3c5a5e794aea3"", ""share_of_parent"": 0.1981098901}, {""name"": ""10kSwap"", ""pool"": ""0x4ad445ffb6294d1394b3f6a5610642d37c702eaaa47346b680c6af2f102192e"", ""share_of_parent"": 0.0062914951}, {""name"": ""Ekubo"", ""pool"": ""0xd4cf27867a524d5da0eb8a9d570506c9db85ee8fce7a90e4c5f8488251360a"", ""share_of_parent"": 1.0}, {""name"": ""Ekubo"", ""pool"": ""0x2d91a3f0b1e68b0d5e6f27fb649dcaef141c4efdedb9305764fe22382fc03f0"", ""share_of_parent"": 0.880576319}, {""name"": ""Ekubo"", ""pool"": ""0xd4cf27867a524d5da0eb8a9d570506c9db85ee8fce7a90e4c5f8488251360a"", ""share_of_parent"": 0.5293349544}, {""name"": ""Ekubo(Twamm)"", ""pool"": ""0x202580cdfea7eb7d07895691fff97c327545347ed6b6c547e165755821c969e"", ""share_of_parent"": 0.4706650456}, {""name"": ""JediSwap"", ""pool"": ""0x2ed66297d146ecd91595c3174da61c1397e8b7fcecf25d423b1ba6717b0ece9"", ""share_of_parent"": 0.0051098065}, {""name"": ""Ekubo"", ""pool"": ""0xd4cf27867a524d5da0eb8a9d570506c9db85ee8fce7a90e4c5f8488251360a"", ""share_of_parent"": 1.0}, {""name"": ""StarkDefi"", ""pool"": ""0x6cbc110394329a1beb059b1da3a36e3042280f4c8cab1a1d10618e4822649ce"", ""share_of_parent"": 0.0048882835}, {""name"": ""Ekubo"", ""pool"": ""0xd4cf27867a524d5da0eb8a9d570506c9db85ee8fce7a90e4c5f8488251360a"", ""share_of_parent"": 1.0}, {""name"": ""Nostra"", ""pool"": ""0x1a2de9f2895ac4e6cb80c11ecc07ce8062a4ae883f64cb2b1dc6724b85e897d"", ""share_of_parent"": 0.1031340958999999}, {""name"": ""Ekubo"", ""pool"": ""0xd4cf27867a524d5da0eb8a9d570506c9db85ee8fce7a90e4c5f8488251360a"", ""share_of_parent"": 0.68526732}, {""name"": ""Ekubo(Twamm)"", ""pool"": ""0x202580cdfea7eb7d07895691fff97c327545347ed6b6c547e165755821c969e"", ""share_of_parent"": 0.31473268}, {""name"": ""Ekubo"", ""pool"": ""0x5dfce41b432a59570b82182d3f9f37abf7aee04a3faebc96ac367c4cb12d313"", ""share_of_parent"": 0.6745554445}, {""name"": ""Ekubo(Twamm)"", ""pool"": ""0x1c110b2f3aead94c0d25d6dcab121a1d673b5b69d0e7f0b5f4b7dce087d849"", ""share_of_parent"": 0.1386700418}, {""name"": ""Ekubo"", ""pool"": ""0x70d5e8436853e9e1e591d1d1a58bab8923adde5e4c873961801696e613b652a"", ""share_of_parent"": 1.0}, {""name"": ""Ekubo"", ""pool"": ""0x5a3febaff513632474af45ede4b0490af55195e201c3b3a67b2edd11afbb6bf"", ""share_of_parent"": 0.0509328439}, {""name"": ""Ekubo"", ""pool"": ""0x70d5e8436853e9e1e591d1d1a58bab8923adde5e4c873961801696e613b652a"", ""share_of_parent"": 1.0}, {""name"": ""Ekubo"", ""pool"": ""0xd4cf27867a524d5da0eb8a9d570506c9db85ee8fce7a90e4c5f8488251360a"", ""share_of_parent"": 0.492951635}, {""name"": ""Ekubo(Twamm)"", ""pool"": ""0x202580cdfea7eb7d07895691fff97c327545347ed6b6c547e165755821c969e"", ""share_of_parent"": 0.2924162048}, {""name"": ""JediSwap"", ""pool"": ""0x4a0f7f881c9416062cca477b5237d6c0c99aa04f7aabca7d7e8a2232eeace75"", ""share_of_parent"": 0.025029274500000025}, {""name"": ""Ekubo"", ""pool"": ""0x2e65ce680bf9243a7d3b0c40200c015f66be7602bfe8e24a0b4bbd2f4b0997"", ""share_of_parent"": 0.012037962}, {""name"": ""Ekubo"", ""pool"": ""0x70c7729dcb5b2eab110331619cdc5c7ab894ff0b604b2dd3204df40517202a5"", ""share_of_parent"": 1.0}, {""name"": ""Ekubo"", ""pool"": ""0xd4cf27867a524d5da0eb8a9d570506c9db85ee8fce7a90e4c5f8488251360a"", ""share_of_parent"": 0.3234998899}, {""name"": ""Ekubo(Twamm)"", ""pool"": ""0x202580cdfea7eb7d07895691fff97c327545347ed6b6c547e165755821c969e"", ""share_of_parent"": 0.6765001101}, {""name"": ""0dAMM"", ""pool"": ""0xd7b9aeed671dfd92653c682fb4a06db88fed691c5c8c7c6e74c8ef5421159c"", ""share_of_parent"": 0.0582297702}, {""name"": ""Ekubo"", ""pool"": ""0xd4cf27867a524d5da0eb8a9d570506c9db85ee8fce7a90e4c5f8488251360a"", ""share_of_parent"": 0.803530692}, {""name"": ""Ekubo(Twamm)"", ""pool"": ""0x202580cdfea7eb7d07895691fff97c327545347ed6b6c547e165755821c969e"", ""share_of_parent"": 0.196469308}, {""name"": ""Ekubo(Oracle)"", ""pool"": ""0x11c6618b5abc3c0a95cbc7f33c9c52ae0598862a6b7a2f3d64e90e833d8b854"", ""share_of_parent"": 0.0053546453}, {""name"": ""Ekubo(Twamm)"", ""pool"": ""0x4cd644edaadb929be154781ab8322bb1de20cbbabb96c70dfe987563b322cc3"", ""share_of_parent"": 1.0}, {""name"": ""Ekubo"", ""pool"": ""0x672aad8e4b81b65baebc9723162bcc207232783d499f1f3f10cee77106bed2e"", ""share_of_parent"": 1.0}, {""name"": ""0dAMM"", ""pool"": ""0x256462984b6063ffe3d674449892577ab3777ad0ac0b2109797800914dcf1c1"", ""share_of_parent"": 0.0299360639}, {""name"": ""Ekubo"", ""pool"": ""0x2d91a3f0b1e68b0d5e6f27fb649dcaef141c4efdedb9305764fe22382fc03f0"", ""share_of_parent"": 0.4283802268}, {""name"": ""Ekubo"", ""pool"": ""0xd4cf27867a524d5da0eb8a9d570506c9db85ee8fce7a90e4c5f8488251360a"", ""share_of_parent"": 0.6046919285}, {""name"": ""Ekubo(Twamm)"", ""pool"": ""0x202580cdfea7eb7d07895691fff97c327545347ed6b6c547e165755821c969e"", ""share_of_parent"": 0.3953080715}, {""name"": ""Nostra"", ""pool"": ""0x1a2de9f2895ac4e6cb80c11ecc07ce8062a4ae883f64cb2b1dc6724b85e897d"", ""share_of_parent"": 0.5716197732}, {""name"": ""Ekubo"", ""pool"": ""0xd4cf27867a524d5da0eb8a9d570506c9db85ee8fce7a90e4c5f8488251360a"", ""share_of_parent"": 0.5630863874}, {""name"": ""Ekubo(Twamm)"", ""pool"": ""0x202580cdfea7eb7d07895691fff97c327545347ed6b6c547e165755821c969e"", ""share_of_parent"": 0.4369136126}, {""name"": ""0dAMM"", ""pool"": ""0x1bfb102cbf19897dc230d4f6032f5d660454706d52944ff74ab237ee18723ec"", ""share_of_parent"": 0.013876124100000024}, {""name"": ""Ekubo"", ""pool"": ""0x70c7729dcb5b2eab110331619cdc5c7ab894ff0b604b2dd3204df40517202a5"", ""share_of_parent"": 1.0}, {""name"": ""Ekubo"", ""pool"": ""0xd4cf27867a524d5da0eb8a9d570506c9db85ee8fce7a90e4c5f8488251360a"", ""share_of_parent"": 0.4949003009}, {""name"": ""Ekubo(Twamm)"", ""pool"": ""0x202580cdfea7eb7d07895691fff97c327545347ed6b6c547e165755821c969e"", ""share_of_parent"": 0.5050996991}]",quote-BROTHER-buy-100000.json
BROTHER,0x3b405a98c9e795d427fe82cdeeeed803f221b52471e3a757574a2b4180793ee,False,sell,10,0.0,9471421,9.471421,2026-09-18T10:05:44.329566+00:00,https://starknet.api.avnu.fi/swap/v3/quotes?sellTokenAddress=0x3b405a98c9e795d427fe82cdeeeed803f221b52471e3a757574a2b4180793ee&buyTokenAddress=0x033068f6539f8e6e6b131e6b2b814e6c34a5224bc66947c47dab9dfee93b35fb&sellAmount=0x80538c0f54e977ee549c2da0&size=1,"[{""name"": ""Ekubo"", ""pool"": ""0xd4cf27867a524d5da0eb8a9d570506c9db85ee8fce7a90e4c5f8488251360a"", ""share_of_parent"": 1.0}, {""name"": ""0dAMM"", ""pool"": ""0xd7b9aeed671dfd92653c682fb4a06db88fed691c5c8c7c6e74c8ef5421159c"", ""share_of_parent"": 1.0}]",quote-BROTHER-sell-10.json
BROTHER,0x3b405a98c9e795d427fe82cdeeeed803f221b52471e3a757574a2b4180793ee,False,sell,100,0.10558500144803862,94614206,94.614206,2026-09-18T10:05:44.925981+00:00,https://starknet.api.avnu.fi/swap/v3/quotes?sellTokenAddress=0x3b405a98c9e795d427fe82cdeeeed803f221b52471e3a757574a2b4180793ee&buyTokenAddress=0x033068f6539f8e6e6b131e6b2b814e6c34a5224bc66947c47dab9dfee93b35fb&sellAmount=0x503437899511eaf4f4e19c840&size=1,"[{""name"": ""Ekubo"", ""pool"": ""0xd4cf27867a524d5da0eb8a9d570506c9db85ee8fce7a90e4c5f8488251360a"", ""share_of_parent"": 1.0}, {""name"": ""0dAMM"", ""pool"": ""0xd7b9aeed671dfd92653c682fb4a06db88fed691c5c8c7c6e74c8ef5421159c"", ""share_of_parent"": 1.0}]",quote-BROTHER-sell-100.json
BROTHER,0x3b405a98c9e795d427fe82cdeeeed803f221b52471e3a757574a2b4180793ee,False,sell,1000,1.1447500855468307,936299690,936.29969,2026-09-18T10:05:45.376939+00:00,https://starknet.api.avnu.fi/swap/v3/quotes?sellTokenAddress=0x3b405a98c9e795d427fe82cdeeeed803f221b52471e3a757574a2b4180793ee&buyTokenAddress=0x033068f6539f8e6e6b131e6b2b814e6c34a5224bc66947c47dab9dfee93b35fb&sellAmount=0x3220a2b5fd2b32d9190d01d280&size=1,"[{""name"": ""Ekubo"", ""pool"": ""0xd4cf27867a524d5da0eb8a9d570506c9db85ee8fce7a90e4c5f8488251360a"", ""share_of_parent"": 0.9583016983}, {""name"": ""0dAMM"", ""pool"": ""0xd7b9aeed671dfd92653c682fb4a06db88fed691c5c8c7c6e74c8ef5421159c"", ""share_of_parent"": 1.0}, {""name"": ""Ekubo(Twamm)"", ""pool"": ""0x202580cdfea7eb7d07895691fff97c327545347ed6b6c547e165755821c969e"", ""share_of_parent"": 0.038001998}, {""name"": ""0dAMM"", ""pool"": ""0xd7b9aeed671dfd92653c682fb4a06db88fed691c5c8c7c6e74c8ef5421159c"", ""share_of_parent"": 1.0}, {""name"": ""JediSwap"", ""pool"": ""0x4a0f7f881c9416062cca477b5237d6c0c99aa04f7aabca7d7e8a2232eeace75"", ""share_of_parent"": 0.0036963037000000082}, {""name"": ""0dAMM"", ""pool"": ""0xd7b9aeed671dfd92653c682fb4a06db88fed691c5c8c7c6e74c8ef5421159c"", ""share_of_parent"": 1.0}]",quote-BROTHER-sell-1000.json
BROTHER,0x3b405a98c9e795d427fe82cdeeeed803f221b52471e3a757574a2b4180793ee,False,sell,10000,20.14160073762955,7563725198,7563.725198,2026-09-18T10:05:45.828056+00:00,https://starknet.api.avnu.fi/swap/v3/quotes?sellTokenAddress=0x3b405a98c9e795d427fe82cdeeeed803f221b52471e3a757574a2b4180793ee&buyTokenAddress=0x033068f6539f8e6e6b131e6b2b814e6c34a5224bc66947c47dab9dfee93b35fb&sellAmount=0x1f5465b1be3affc7afa82123900&size=1,"[{""name"": ""Ekubo"", ""pool"": ""0xd4cf27867a524d5da0eb8a9d570506c9db85ee8fce7a90e4c5f8488251360a"", ""share_of_parent"": 0.6526933066}, {""name"": ""0dAMM"", ""pool"": ""0xd7b9aeed671dfd92653c682fb4a06db88fed691c5c8c7c6e74c8ef5421159c"", ""share_of_parent"": 1.0}, {""name"": ""Ekubo(Twamm)"", ""pool"": ""0x202580cdfea7eb7d07895691fff97c327545347ed6b6c547e165755821c969e"", ""share_of_parent"": 0.2771288711}, {""name"": ""0dAMM"", ""pool"": ""0xd7b9aeed671dfd92653c682fb4a06db88fed691c5c8c7c6e74c8ef5421159c"", ""share_of_parent"": 1.0}, {""name"": ""Ekubo"", ""pool"": ""0x59a158b8b6ece32bbf436f4d5fd7da4f0664e2ec63e86ff2922f56ed6d52dd9"", ""share_of_parent"": 0.0418321678}, {""name"": ""Ekubo"", ""pool"": ""0x116679a71aa797a1f2bfe6e6746f823906d7765e71bd250e569340ae975ae56"", ""share_of_parent"": 1.0}, {""name"": ""0dAMM"", ""pool"": ""0xd7b9aeed671dfd92653c682fb4a06db88fed691c5c8c7c6e74c8ef5421159c"", ""share_of_parent"": 1.0}, {""name"": ""JediSwap"", ""pool"": ""0x4a0f7f881c9416062cca477b5237d6c0c99aa04f7aabca7d7e8a2232eeace75"", ""share_of_parent"": 0.0145654345}, {""name"": ""0dAMM"", ""pool"": ""0xd7b9aeed671dfd92653c682fb4a06db88fed691c5c8c7c6e74c8ef5421159c"", ""share_of_parent"": 1.0}, {""name"": ""Ekubo"", ""pool"": ""0x672aad8e4b81b65baebc9723162bcc207232783d499f1f3f10cee77106bed2e"", ""share_of_parent"": 0.013780220000000025}, {""name"": ""0dAMM"", ""pool"": ""0xd7b9aeed671dfd92653c682fb4a06db88fed691c5c8c7c6e74c8ef5421159c"", ""share_of_parent"": 1.0}]",quote-BROTHER-sell-10000.json
BROTHER,0x3b405a98c9e795d427fe82cdeeeed803f221b52471e3a757574a2b4180793ee,False,sell,100000,74.64232345811679,24017323011,24017.323011,2026-09-18T10:05:46.856518+00:00,https://starknet.api.avnu.fi/swap/v3/quotes?sellTokenAddress=0x3b405a98c9e795d427fe82cdeeeed803f221b52471e3a757574a2b4180793ee&buyTokenAddress=0x033068f6539f8e6e6b131e6b2b814e6c34a5224bc66947c47dab9dfee93b35fb&sellAmount=0x1394bf8f16e4dfdccdc914b63a00&size=1,"[{""name"": ""Ekubo"", ""pool"": ""0xd4cf27867a524d5da0eb8a9d570506c9db85ee8fce7a90e4c5f8488251360a"", ""share_of_parent"": 0.5258341658}, {""name"": ""0dAMM"", ""pool"": ""0xd7b9aeed671dfd92653c682fb4a06db88fed691c5c8c7c6e74c8ef5421159c"", ""share_of_parent"": 1.0}, {""name"": ""Ekubo(Twamm)"", ""pool"": ""0x202580cdfea7eb7d07895691fff97c327545347ed6b6c547e165755821c969e"", ""share_of_parent"": 0.3448871128}, {""name"": ""0dAMM"", ""pool"": ""0xd7b9aeed671dfd92653c682fb4a06db88fed691c5c8c7c6e74c8ef5421159c"", ""share_of_parent"": 1.0}, {""name"": ""Ekubo"", ""pool"": ""0x59a158b8b6ece32bbf436f4d5fd7da4f0664e2ec63e86ff2922f56ed6d52dd9"", ""share_of_parent"": 0.0956843156}, {""name"": ""Ekubo"", ""pool"": ""0x116679a71aa797a1f2bfe6e6746f823906d7765e71bd250e569340ae975ae56"", ""share_of_parent"": 1.0}, {""name"": ""0dAMM"", ""pool"": ""0xd7b9aeed671dfd92653c682fb4a06db88fed691c5c8c7c6e74c8ef5421159c"", ""share_of_parent"": 1.0}, {""name"": ""JediSwap"", ""pool"": ""0x4a0f7f881c9416062cca477b5237d6c0c99aa04f7aabca7d7e8a2232eeace75"", ""share_of_parent"": 0.0179160839}, {""name"": ""0dAMM"", ""pool"": ""0xd7b9aeed671dfd92653c682fb4a06db88fed691c5c8c7c6e74c8ef5421159c"", ""share_of_parent"": 1.0}, {""name"": ""Ekubo"", ""pool"": ""0x672aad8e4b81b65baebc9723162bcc207232783d499f1f3f10cee77106bed2e"", ""share_of_parent"": 0.015678321899999913}, {""name"": ""0dAMM"", ""pool"": ""0xd7b9aeed671dfd92653c682fb4a06db88fed691c5c8c7c6e74c8ef5421159c"", ""share_of_parent"": 1.0}]",quote-BROTHER-sell-100000.json
DAI,0xda114221cb83fa859dbdb4c44beeaa0bb37c7537ad5ae66fe5e0efd20e6eb3,False,buy,10,0.0,8835268787071011840,,2026-09-18T10:02:21.815614+00:00,https://starknet.api.avnu.fi/swap/v3/quotes?sellTokenAddress=0x033068f6539f8e6e6b131e6b2b814e6c34a5224bc66947c47dab9dfee93b35fb&buyTokenAddress=0x00da114221cb83fa859dbdb4c44beeaa0bb37c7537ad5ae66fe5e0efd20e6eb3&sellAmount=0x989680&size=1,"[{""name"": ""0dAMM"", ""pool"": ""0x256462984b6063ffe3d674449892577ab3777ad0ac0b2109797800914dcf1c1"", ""share_of_parent"": 1.0}, {""name"": ""Ekubo"", ""pool"": ""0x6be830d5921c76234a4bce9a79ce48a8420b13ee7b53db17575bc655805a37c"", ""share_of_parent"": 1.0}]",quote-DAI-buy-10.json
DAI,0xda114221cb83fa859dbdb4c44beeaa0bb37c7537ad5ae66fe5e0efd20e6eb3,False,buy,100,0.23062997139577934,88148920091946500096,,2026-09-18T10:02:23.276961+00:00,https://starknet.api.avnu.fi/swap/v3/quotes?sellTokenAddress=0x033068f6539f8e6e6b131e6b2b814e6c34a5224bc66947c47dab9dfee93b35fb&buyTokenAddress=0x00da114221cb83fa859dbdb4c44beeaa0bb37c7537ad5ae66fe5e0efd20e6eb3&sellAmount=0x5f5e100&size=1,"[{""name"": ""Ekubo"", ""pool"": ""0x3b8bb80f88207c0ed6a28b6f1152e97a8d8244b508497be52320ad1b63523d3"", ""share_of_parent"": 0.2302005518}, {""name"": ""JediSwap"", ""pool"": ""0xcfd39f5244f7b617418c018204a8a9f9a7f72e71f0ef38f968eeb2a9ca302b"", ""share_of_parent"": 0.3326801596}, {""name"": ""10kSwap"", ""pool"": ""0x2e767b996c8d4594c73317bb102c2018b9036aee8eed08ace5f45b3568b94e5"", ""share_of_parent"": 0.6673198404}, {""name"": ""0dAMM"", ""pool"": ""0x256462984b6063ffe3d674449892577ab3777ad0ac0b2109797800914dcf1c1"", ""share_of_parent"": 0.6490271136}, {""name"": ""Ekubo"", ""pool"": ""0x6be830d5921c76234a4bce9a79ce48a8420b13ee7b53db17575bc655805a37c"", ""share_of_parent"": 0.885169121}, {""name"": ""Ekubo"", ""pool"": ""0x66ec8184b1e0343f2127e38298162ed46fc2fe5bdb6676957df9ba1e5597ad9"", ""share_of_parent"": 0.11483087900000001}, {""name"": ""Ekubo"", ""pool"": ""0x10e713b3b787247e9db52188d114b27165426f773e10d1acc5285ff776fa9c7"", ""share_of_parent"": 0.12077233460000002}, {""name"": ""Ekubo"", ""pool"": ""0x5a174106c82f18b50f130e19608b332041057c34a5e9bfcd2a2ba8354b58e48"", ""share_of_parent"": 0.3559027972}, {""name"": ""StarkDefi"", ""pool"": ""0x748fc6a5cf179ef42c4f43784d4e194bdd1e8ebabc8498a8d927b87bd43204c"", ""share_of_parent"": 1.0}, {""name"": ""Ekubo"", ""pool"": ""0x6a85e26af6dcb83839e8dd96411333928362322976b37fc1fc5f9201accee84"", ""share_of_parent"": 0.6440972028}, {""name"": ""Ekubo"", ""pool"": ""0x6be830d5921c76234a4bce9a79ce48a8420b13ee7b53db17575bc655805a37c"", ""share_of_parent"": 1.0}]",quote-DAI-buy-100.json
DAI,0xda114221cb83fa859dbdb4c44beeaa0bb37c7537ad5ae66fe5e0efd20e6eb3,False,buy,1000,1.229348522507978,872665254077754638336,,2026-09-18T10:02:24.583126+00:00,https://starknet.api.avnu.fi/swap/v3/quotes?sellTokenAddress=0x033068f6539f8e6e6b131e6b2b814e6c34a5224bc66947c47dab9dfee93b35fb&buyTokenAddress=0x00da114221cb83fa859dbdb4c44beeaa0bb37c7537ad5ae66fe5e0efd20e6eb3&sellAmount=0x3b9aca00&size=1,"[{""name"": ""Ekubo"", ""pool"": ""0x160f5d987caf56d8109427919172c1e45ef366ea1d7dcf105a3c5a5e794aea3"", ""share_of_parent"": 0.0961958041}, {""name"": ""JediSwap"", ""pool"": ""0x7e2a13b40fc1119ec55e0bcf9428eedaa581ab3c924561ad4e955f95da63138"", ""share_of_parent"": 0.4442147394}, {""name"": ""10kSwap"", ""pool"": ""0x17e9e62c04b50800d7c59454754fe31a2193c9c3c6c92c093f2ab0faadf8c87"", ""share_of_parent"": 0.280479557}, {""name"": ""Ekubo"", ""pool"": ""0x6be830d5921c76234a4bce9a79ce48a8420b13ee7b53db17575bc655805a37c"", ""share_of_parent"": 0.1752363187}, {""name"": ""Ekubo"", ""pool"": ""0x66ec8184b1e0343f2127e38298162ed46fc2fe5bdb6676957df9ba1e5597ad9"", ""share_of_parent"": 0.1000693848999999}, {""name"": ""Ekubo"", ""pool"": ""0x3b8bb80f88207c0ed6a28b6f1152e97a8d8244b508497be52320ad1b63523d3"", ""share_of_parent"": 0.2473706293}, {""name"": ""Ekubo"", ""pool"": ""0x2318a6517d95ea54b451a99142fd0a18d1dccf9edf08b9a6840c7157e0b7953"", ""share_of_parent"": 0.2884363123}, {""name"": ""JediSwap"", ""pool"": ""0xf0f5b3eed258344152e1f17baf84a2e1b621cd754b625bec169e8595aea767"", ""share_of_parent"": 0.5525472878}, {""name"": ""10kSwap"", ""pool"": ""0x41d52e15e82b003bf0ad52ca58393c87abef3e00f1bf69682fd4162d5773f8f"", ""share_of_parent"": 0.4474527122}, {""name"": ""JediSwap"", ""pool"": ""0xcfd39f5244f7b617418c018204a8a9f9a7f72e71f0ef38f968eeb2a9ca302b"", ""share_of_parent"": 0.3748112097}, {""name"": ""10kSwap"", ""pool"": ""0x2e767b996c8d4594c73317bb102c2018b9036aee8eed08ace5f45b3568b94e5"", ""share_of_parent"": 0.336752478}, {""name"": ""0dAMM"", ""pool"": ""0x256462984b6063ffe3d674449892577ab3777ad0ac0b2109797800914dcf1c1"", ""share_of_parent"": 0.6108611388}, {""name"": ""JediSwap"", ""pool"": ""0x7e2a13b40fc1119ec55e0bcf9428eedaa581ab3c924561ad4e955f95da63138"", ""share_of_parent"": 0.3595350683}, {""name"": ""10kSwap"", ""pool"": ""0x17e9e62c04b50800d7c59454754fe31a2193c9c3c6c92c093f2ab0faadf8c87"", ""share_of_parent"": 0.2784789232}, {""name"": ""Ekubo"", ""pool"": ""0x6be830d5921c76234a4bce9a79ce48a8420b13ee7b53db17575bc655805a37c"", ""share_of_parent"": 0.2707402734}, {""name"": ""Ekubo"", ""pool"": ""0x66ec8184b1e0343f2127e38298162ed46fc2fe5bdb6676957df9ba1e5597ad9"", ""share_of_parent"": 0.09124573510000002}, {""name"": ""0dAMM"", ""pool"": ""0x1bfb102cbf19897dc230d4f6032f5d660454706d52944ff74ab237ee18723ec"", ""share_of_parent"": 0.0081858141}, {""name"": ""JediSwap"", ""pool"": ""0x39c183c8e5a2df130eefa6fbaa3b8aad89b29891f6272cb0c90deaa93ec6315"", ""share_of_parent"": 1.0}, {""name"": ""Ekubo"", ""pool"": ""0x10e713b3b787247e9db52188d114b27165426f773e10d1acc5285ff776fa9c7"", ""share_of_parent"": 0.037386613699999925}, {""name"": ""Ekubo"", ""pool"": ""0x5a174106c82f18b50f130e19608b332041057c34a5e9bfcd2a2ba8354b58e48"", ""share_of_parent"": 0.4791610302}, {""name"": ""StarkDefi"", ""pool"": ""0x748fc6a5cf179ef42c4f43784d4e194bdd1e8ebabc8498a8d927b87bd43204c"", ""share_of_parent"": 1.0}, {""name"": ""Ekubo"", ""pool"": ""0x6a85e26af6dcb83839e8dd96411333928362322976b37fc1fc5f9201accee84"", ""share_of_parent"": 0.5208389698}, {""name"": ""JediSwap"", ""pool"": ""0x7e2a13b40fc1119ec55e0bcf9428eedaa581ab3c924561ad4e955f95da63138"", ""share_of_parent"": 0.2662322114}, {""name"": ""Ekubo"", ""pool"": ""0x6be830d5921c76234a4bce9a79ce48a8420b13ee7b53db17575bc655805a37c"", ""share_of_parent"": 0.7337677886}]",quote-DAI-buy-1000.json
DAI,0xda114221cb83fa859dbdb4c44beeaa0bb37c7537ad5ae66fe5e0efd20e6eb3,False,buy,10000,9.099784349207651,8031278380774695370752,,2026-09-18T10:02:26.751024+00:00,https://starknet.api.avnu.fi/swap/v3/quotes?sellTokenAddress=0x033068f6539f8e6e6b131e6b2b814e6c34a5224bc66947c47dab9dfee93b35fb&buyTokenAddress=0x00da114221cb83fa859dbdb4c44beeaa0bb37c7537ad5ae66fe5e0efd20e6eb3&sellAmount=0x2540be400&size=1,"[{""name"": ""Ekubo"", ""pool"": ""0x59592b427f28fea4683279a034e443c03125e1159ab0b14cc29a04ecf57a443"", ""share_of_parent"": 0.0971129633}, {""name"": ""Ekubo"", ""pool"": ""0x55b5f9772697ad743ec6729541afa517c349097d1cced3abf77fa2e7307d8b9"", ""share_of_parent"": 1.0}, {""name"": ""JediSwap"", ""pool"": ""0x7e2a13b40fc1119ec55e0bcf9428eedaa581ab3c924561ad4e955f95da63138"", ""share_of_parent"": 0.431048535}, {""name"": ""10kSwap"", ""pool"": ""0x17e9e62c04b50800d7c59454754fe31a2193c9c3c6c92c093f2ab0faadf8c87"", ""share_of_parent"": 0.2577432847}, {""name"": ""Ekubo"", ""pool"": ""0x6be830d5921c76234a4bce9a79ce48a8420b13ee7b53db17575bc655805a37c"", ""share_of_parent"": 0.3112081803}, {""name"": ""Ekubo"", ""pool"": ""0x160f5d987caf56d8109427919172c1e45ef366ea1d7dcf105a3c5a5e794aea3"", ""share_of_parent"": 0.3220408025}, {""name"": ""JediSwap"", ""pool"": ""0x7e2a13b40fc1119ec55e0bcf9428eedaa581ab3c924561ad4e955f95da63138"", ""share_of_parent"": 0.3934674758}, {""name"": ""10kSwap"", ""pool"": ""0x17e9e62c04b50800d7c59454754fe31a2193c9c3c6c92c093f2ab0faadf8c87"", ""share_of_parent"": 0.2916361029}, {""name"": ""Ekubo"", ""pool"": ""0x6be830d5921c76234a4bce9a79ce48a8420b13ee7b53db17575bc655805a37c"", ""share_of_parent"": 0.3148964213}, {""name"": ""Ekubo"", ""pool"": ""0x3b8bb80f88207c0ed6a28b6f1152e97a8d8244b508497be52320ad1b63523d3"", ""share_of_parent"": 0.2647036042}, {""name"": ""Ekubo"", ""pool"": ""0xc25669ed8b70551736c7833dc0fde2d93d7829df3c0969aaadc642a36d4c98"", ""share_of_parent"": 0.190605469}, {""name"": ""JediSwap"", ""pool"": ""0x7e2a13b40fc1119ec55e0bcf9428eedaa581ab3c924561ad4e955f95da63138"", ""share_of_parent"": 0.3674352595}, {""name"": ""Ekubo"", ""pool"": ""0x6be830d5921c76234a4bce9a79ce48a8420b13ee7b53db17575bc655805a37c"", ""share_of_parent"": 0.6325647405}, {""name"": ""Ekubo"", ""pool"": ""0x2318a6517d95ea54b451a99142fd0a18d1dccf9edf08b9a6840c7157e0b7953"", ""share_of_parent"": 0.2263069421}, {""name"": ""JediSwap"", ""pool"": ""0xf0f5b3eed258344152e1f17baf84a2e1b621cd754b625bec169e8595aea767"", ""share_of_parent"": 0.6007306031}, {""name"": ""10kSwap"", ""pool"": ""0x41d52e15e82b003bf0ad52ca58393c87abef3e00f1bf69682fd4162d5773f8f"", ""share_of_parent"": 0.3992693969}, {""name"": ""JediSwap"", ""pool"": ""0xcfd39f5244f7b617418c018204a8a9f9a7f72e71f0ef38f968eeb2a9ca302b"", ""share_of_parent"": 0.3047382185}, {""name"": ""10kSwap"", ""pool"": ""0x2e767b996c8d4594c73317bb102c2018b9036aee8eed08ace5f45b3568b94e5"", ""share_of_parent"": 0.2783493704}, {""name"": ""0dAMM"", ""pool"": ""0x256462984b6063ffe3d674449892577ab3777ad0ac0b2109797800914dcf1c1"", ""share_of_parent"": 0.3038748467}, {""name"": ""JediSwap"", ""pool"": ""0x7e2a13b40fc1119ec55e0bcf9428eedaa581ab3c924561ad4e955f95da63138"", ""share_of_parent"": 0.259361365}, {""name"": ""10kSwap"", ""pool"": ""0x17e9e62c04b50800d7c59454754fe31a2193c9c3c6c92c093f2ab0faadf8c87"", ""share_of_parent"": 0.2753518498}, {""name"": ""Ekubo"", ""pool"": ""0x6be830d5921c76234a4bce9a79ce48a8420b13ee7b53db17575bc655805a37c"", ""share_of_parent"": 0.3718749804}, {""name"": ""Ekubo"", ""pool"": ""0x66ec8184b1e0343f2127e38298162ed46fc2fe5bdb6676957df9ba1e5597ad9"", ""share_of_parent"": 0.09341180480000001}, {""name"": ""0dAMM"", ""pool"": ""0x1bfb102cbf19897dc230d4f6032f5d660454706d52944ff74ab237ee18723ec"", ""share_of_parent"": 0.0029430823}, {""name"": ""Ekubo"", ""pool"": ""0x777df52c2a1966773817eacf5d36481fb77679fa915c78bf7dc6dd3db2c105"", ""share_of_parent"": 1.0}, {""name"": ""JediSwap"", ""pool"": ""0x7e2a13b40fc1119ec55e0bcf9428eedaa581ab3c924561ad4e955f95da63138"", ""share_of_parent"": 1.0}, {""name"": ""Ekubo"", ""pool"": ""0x10e713b3b787247e9db52188d114b27165426f773e10d1acc5285ff776fa9c7"", ""share_of_parent"": 0.009324701000000137}, {""name"": ""Ekubo"", ""pool"": ""0x5a174106c82f18b50f130e19608b332041057c34a5e9bfcd2a2ba8354b58e48"", ""share_of_parent"": 1.0}, {""name"": ""StarkDefi"", ""pool"": ""0x748fc6a5cf179ef42c4f43784d4e194bdd1e8ebabc8498a8d927b87bd43204c"", ""share_of_parent"": 1.0}]",quote-DAI-buy-10000.json
DAI,0xda114221cb83fa859dbdb4c44beeaa0bb37c7537ad5ae66fe5e0efd20e6eb3,False,buy,100000,46.86591304301384,46945394002057685368832,,2026-09-18T10:02:28.426227+00:00,https://starknet.api.avnu.fi/swap/v3/quotes?sellTokenAddress=0x033068f6539f8e6e6b131e6b2b814e6c34a5224bc66947c47dab9dfee93b35fb&buyTokenAddress=0x00da114221cb83fa859dbdb4c44beeaa0bb37c7537ad5ae66fe5e0efd20e6eb3&sellAmount=0x174876e800&size=1,"[{""name"": ""Ekubo"", ""pool"": ""0x59592b427f28fea4683279a034e443c03125e1159ab0b14cc29a04ecf57a443"", ""share_of_parent"": 0.2897401929}, {""name"": ""Ekubo"", ""pool"": ""0x144aeb3f417951bba73dd04b237f72d611d1b2e124fdf590528f57c704990ff"", ""share_of_parent"": 0.1955329167}, {""name"": ""Nostra"", ""pool"": ""0x1583919ffd78e87fa28fdf6b6a805fe3ddf52f754a63721dcd4c258211129a6"", ""share_of_parent"": 0.7268000424}, {""name"": ""JediSwap"", ""pool"": ""0x7e2a13b40fc1119ec55e0bcf9428eedaa581ab3c924561ad4e955f95da63138"", ""share_of_parent"": 1.0}, {""name"": ""Ekubo"", ""pool"": ""0x70e37dd1f443d2ae706724dc660fe9793f34dbf338107415ff4197e847338f9"", ""share_of_parent"": 0.0322171906}, {""name"": ""JediSwap"", ""pool"": ""0xcfd39f5244f7b617418c018204a8a9f9a7f72e71f0ef38f968eeb2a9ca302b"", ""share_of_parent"": 1.0}, {""name"": ""JediSwap"", ""pool"": ""0x39c183c8e5a2df130eefa6fbaa3b8aad89b29891f6272cb0c90deaa93ec6315"", ""share_of_parent"": 0.24098276700000001}, {""name"": ""Ekubo"", ""pool"": ""0x55b5f9772697ad743ec6729541afa517c349097d1cced3abf77fa2e7307d8b9"", ""share_of_parent"": 0.8044670833}, {""name"": ""Ekubo"", ""pool"": ""0xc25669ed8b70551736c7833dc0fde2d93d7829df3c0969aaadc642a36d4c98"", ""share_of_parent"": 0.3361723046}, {""name"": ""10kSwap"", ""pool"": ""0x2e767b996c8d4594c73317bb102c2018b9036aee8eed08ace5f45b3568b94e5"", ""share_of_parent"": 1.0}, {""name"": ""JediSwap"", ""pool"": ""0x7e2a13b40fc1119ec55e0bcf9428eedaa581ab3c924561ad4e955f95da63138"", ""share_of_parent"": 0.2633962041}, {""name"": ""10kSwap"", ""pool"": ""0x17e9e62c04b50800d7c59454754fe31a2193c9c3c6c92c093f2ab0faadf8c87"", ""share_of_parent"": 0.2846569336}, {""name"": ""Ekubo"", ""pool"": ""0x6be830d5921c76234a4bce9a79ce48a8420b13ee7b53db17575bc655805a37c"", ""share_of_parent"": 0.11577455770000003}, {""name"": ""Ekubo"", ""pool"": ""0x160f5d987caf56d8109427919172c1e45ef366ea1d7dcf105a3c5a5e794aea3"", ""share_of_parent"": 0.1245681937}, {""name"": ""10kSwap"", ""pool"": ""0x17e9e62c04b50800d7c59454754fe31a2193c9c3c6c92c093f2ab0faadf8c87"", ""share_of_parent"": 0.0049958041}, {""name"": ""Ekubo"", ""pool"": ""0x6be830d5921c76234a4bce9a79ce48a8420b13ee7b53db17575bc655805a37c"", ""share_of_parent"": 0.9950041959}, {""name"": ""Ekubo"", ""pool"": ""0x5dfce41b432a59570b82182d3f9f37abf7aee04a3faebc96ac367c4cb12d313"", ""share_of_parent"": 0.0941789707}, {""name"": ""Ekubo"", ""pool"": ""0x4ffe087d21be7dc329d29721d169f5f6522a6fce624e8ac3aed285c3fb42f50"", ""share_of_parent"": 1.0}, {""name"": ""Ekubo"", ""pool"": ""0x55b5f9772697ad743ec6729541afa517c349097d1cced3abf77fa2e7307d8b9"", ""share_of_parent"": 1.0}, {""name"": ""10kSwap"", ""pool"": ""0x17e9e62c04b50800d7c59454754fe31a2193c9c3c6c92c093f2ab0faadf8c87"", ""share_of_parent"": 1.0}, {""name"": ""Ekubo"", ""pool"": ""0x3b8bb80f88207c0ed6a28b6f1152e97a8d8244b508497be52320ad1b63523d3"", ""share_of_parent"": 0.0076272772}, {""name"": ""JediSwap"", ""pool"": ""0xcfd39f5244f7b617418c018204a8a9f9a7f72e71f0ef38f968eeb2a9ca302b"", ""share_of_parent"": 1.0}, {""name"": ""Ekubo"", ""pool"": ""0x2e65ce680bf9243a7d3b0c40200c015f66be7602bfe8e24a0b4bbd2f4b0997"", ""share_of_parent"": 0.152714726}, {""name"": ""Ekubo"", ""pool"": ""0x144aeb3f417951bba73dd04b237f72d611d1b2e124fdf590528f57c704990ff"", ""share_of_parent"": 1.0}, {""name"": ""Ekubo"", ""pool"": ""0x55b5f9772697ad743ec6729541afa517c349097d1cced3abf77fa2e7307d8b9"", ""share_of_parent"": 1.0}, {""name"": ""JediSwap"", ""pool"": ""0x7e2a13b40fc1119ec55e0bcf9428eedaa581ab3c924561ad4e955f95da63138"", ""share_of_parent"": 0.4361726245}, {""name"": ""10kSwap"", ""pool"": ""0x17e9e62c04b50800d7c59454754fe31a2193c9c3c6c92c093f2ab0faadf8c87"", ""share_of_parent"": 0.5638273755000001}, {""name"": ""Ekubo"", ""pool"": ""0x7dfd50ffb20b9192a67fea997bb2ecc4a35346dd6bb82b37f274c004f53c0f1"", ""share_of_parent"": 0.1733024751}, {""name"": ""Ekubo"", ""pool"": ""0x4519b483ae513d2c7d336bc8bdeacd7c4a3cd62116a5b108dfa115ebecf0845"", ""share_of_parent"": 0.7335250305}, {""name"": ""JediSwap"", ""pool"": ""0xcfd39f5244f7b617418c018204a8a9f9a7f72e71f0ef38f968eeb2a9ca302b"", ""share_of_parent"": 0.6375254125}, {""name"": ""10kSwap"", ""pool"": ""0x2e767b996c8d4594c73317bb102c2018b9036aee8eed08ace5f45b3568b94e5"", ""share_of_parent"": 0.3624745875}, {""name"": ""JediSwap"", ""pool"": ""0xf0f5b3eed258344152e1f17baf84a2e1b621cd754b625bec169e8595aea767"", ""share_of_parent"": 0.1479537335}, {""name"": ""10kSwap"", ""pool"": ""0x41d52e15e82b003bf0ad52ca58393c87abef3e00f1bf69682fd4162d5773f8f"", ""share_of_parent"": 0.11852123600000013}, {""name"": ""0dAMM"", ""pool"": ""0xd7b9aeed671dfd92653c682fb4a06db88fed691c5c8c7c6e74c8ef5421159c"", ""share_of_parent"": 0.0341331416}, {""name"": ""Ekubo"", ""pool"": ""0x4ffe087d21be7dc329d29721d169f5f6522a6fce624e8ac3aed285c3fb42f50"", ""share_of_parent"": 1.0}, {""name"": ""Ekubo"", ""pool"": ""0x55b5f9772697ad743ec6729541afa517c349097d1cced3abf77fa2e7307d8b9"", ""share_of_parent"": 1.0}, {""name"": ""Ekubo"", ""pool"": ""0x66ec8184b1e0343f2127e38298162ed46fc2fe5bdb6676957df9ba1e5597ad9"", ""share_of_parent"": 1.0}, {""name"": ""0dAMM"", ""pool"": ""0x256462984b6063ffe3d674449892577ab3777ad0ac0b2109797800914dcf1c1"", ""share_of_parent"": 0.12373502279999993}, {""name"": ""JediSwap"", ""pool"": ""0x7e2a13b40fc1119ec55e0bcf9428eedaa581ab3c924561ad4e955f95da63138"", ""share_of_parent"": 0.926099392}, {""name"": ""Ekubo"", ""pool"": ""0x6be830d5921c76234a4bce9a79ce48a8420b13ee7b53db17575bc655805a37c"", ""share_of_parent"": 0.073900608}]",quote-DAI-buy-100000.json
DAI,0xda114221cb83fa859dbdb4c44beeaa0bb37c7537ad5ae66fe5e0efd20e6eb3,False,sell,10,0.0,11305238,11.305238,2026-09-18T10:05:33.721545+00:00,https://starknet.api.avnu.fi/swap/v3/quotes?sellTokenAddress=0xda114221cb83fa859dbdb4c44beeaa0bb37c7537ad5ae66fe5e0efd20e6eb3&buyTokenAddress=0x033068f6539f8e6e6b131e6b2b814e6c34a5224bc66947c47dab9dfee93b35fb&sellAmount=0x8acf5bcd7782f2ed&size=1,"[{""name"": ""JediSwap"", ""pool"": ""0x7e2a13b40fc1119ec55e0bcf9428eedaa581ab3c924561ad4e955f95da63138"", ""share_of_parent"": 1.0}, {""name"": ""0dAMM"", ""pool"": ""0x256462984b6063ffe3d674449892577ab3777ad0ac0b2109797800914dcf1c1"", ""share_of_parent"": 1.0}]",quote-DAI-sell-10.json
DAI,0xda114221cb83fa859dbdb4c44beeaa0bb37c7537ad5ae66fe5e0efd20e6eb3,False,sell,100,0.1734399576550305,112856302,112.856302,2026-09-18T10:05:34.313177+00:00,https://starknet.api.avnu.fi/swap/v3/quotes?sellTokenAddress=0xda114221cb83fa859dbdb4c44beeaa0bb37c7537ad5ae66fe5e0efd20e6eb3&buyTokenAddress=0x033068f6539f8e6e6b131e6b2b814e6c34a5224bc66947c47dab9dfee93b35fb&sellAmount=0x56c199606ab1d7d49&size=1,"[{""name"": ""JediSwap"", ""pool"": ""0x7e2a13b40fc1119ec55e0bcf9428eedaa581ab3c924561ad4e955f95da63138"", ""share_of_parent"": 0.511932328}, {""name"": ""Ekubo"", ""pool"": ""0xc25669ed8b70551736c7833dc0fde2d93d7829df3c0969aaadc642a36d4c98"", ""share_of_parent"": 0.2293344774}, {""name"": ""Ekubo"", ""pool"": ""0x3b8bb80f88207c0ed6a28b6f1152e97a8d8244b508497be52320ad1b63523d3"", ""share_of_parent"": 1.0}, {""name"": ""0dAMM"", ""pool"": ""0x256462984b6063ffe3d674449892577ab3777ad0ac0b2109797800914dcf1c1"", ""share_of_parent"": 0.7706655226}, {""name"": ""10kSwap"", ""pool"": ""0x17e9e62c04b50800d7c59454754fe31a2193c9c3c6c92c093f2ab0faadf8c87"", ""share_of_parent"": 0.2408004792}, {""name"": ""Ekubo"", ""pool"": ""0xc25669ed8b70551736c7833dc0fde2d93d7829df3c0969aaadc642a36d4c98"", ""share_of_parent"": 1.0}, {""name"": ""Ekubo"", ""pool"": ""0x3b8bb80f88207c0ed6a28b6f1152e97a8d8244b508497be52320ad1b63523d3"", ""share_of_parent"": 1.0}, {""name"": ""Ekubo"", ""pool"": ""0x6be830d5921c76234a4bce9a79ce48a8420b13ee7b53db17575bc655805a37c"", ""share_of_parent"": 0.2472671928}, {""name"": ""Ekubo"", ""pool"": ""0xc25669ed8b70551736c7833dc0fde2d93d7829df3c0969aaadc642a36d4c98"", ""share_of_parent"": 1.0}, {""name"": ""Ekubo"", ""pool"": ""0x3b8bb80f88207c0ed6a28b6f1152e97a8d8244b508497be52320ad1b63523d3"", ""share_of_parent"": 1.0}]",quote-DAI-sell-100.json
DAI,0xda114221cb83fa859dbdb4c44beeaa0bb37c7537ad5ae66fe5e0efd20e6eb3,False,sell,1000,1.09628793308022,1118130004,1118.130004,2026-09-18T10:05:34.963515+00:00,https://starknet.api.avnu.fi/swap/v3/quotes?sellTokenAddress=0xda114221cb83fa859dbdb4c44beeaa0bb37c7537ad5ae66fe5e0efd20e6eb3&buyTokenAddress=0x033068f6539f8e6e6b131e6b2b814e6c34a5224bc66947c47dab9dfee93b35fb&sellAmount=0x3638ffdc42af26e4e2&size=1,"[{""name"": ""JediSwap"", ""pool"": ""0x7e2a13b40fc1119ec55e0bcf9428eedaa581ab3c924561ad4e955f95da63138"", ""share_of_parent"": 0.2589490509}, {""name"": ""Ekubo"", ""pool"": ""0xc25669ed8b70551736c7833dc0fde2d93d7829df3c0969aaadc642a36d4c98"", ""share_of_parent"": 0.3087840134}, {""name"": ""Ekubo"", ""pool"": ""0x3b8bb80f88207c0ed6a28b6f1152e97a8d8244b508497be52320ad1b63523d3"", ""share_of_parent"": 1.0}, {""name"": ""Ekubo"", ""pool"": ""0x160f5d987caf56d8109427919172c1e45ef366ea1d7dcf105a3c5a5e794aea3"", ""share_of_parent"": 0.6835730377}, {""name"": ""0dAMM"", ""pool"": ""0x256462984b6063ffe3d674449892577ab3777ad0ac0b2109797800914dcf1c1"", ""share_of_parent"": 0.007642948900000009}, {""name"": ""10kSwap"", ""pool"": ""0x17e9e62c04b50800d7c59454754fe31a2193c9c3c6c92c093f2ab0faadf8c87"", ""share_of_parent"": 0.1856963036}, {""name"": ""Ekubo"", ""pool"": ""0xc25669ed8b70551736c7833dc0fde2d93d7829df3c0969aaadc642a36d4c98"", ""share_of_parent"": 0.3333663339}, {""name"": ""Ekubo"", ""pool"": ""0x3b8bb80f88207c0ed6a28b6f1152e97a8d8244b508497be52320ad1b63523d3"", ""share_of_parent"": 1.0}, {""name"": ""Ekubo"", ""pool"": ""0x160f5d987caf56d8109427919172c1e45ef366ea1d7dcf105a3c5a5e794aea3"", ""share_of_parent"": 0.6666336661}, {""name"": ""Ekubo"", ""pool"": ""0x6be830d5921c76234a4bce9a79ce48a8420b13ee7b53db17575bc655805a37c"", ""share_of_parent"": 0.2904475524}, {""name"": ""Ekubo"", ""pool"": ""0xc25669ed8b70551736c7833dc0fde2d93d7829df3c0969aaadc642a36d4c98"", ""share_of_parent"": 0.3140009825}, {""name"": ""Ekubo"", ""pool"": ""0x3b8bb80f88207c0ed6a28b6f1152e97a8d8244b508497be52320ad1b63523d3"", ""share_of_parent"": 1.0}, {""name"": ""Ekubo"", ""pool"": ""0x160f5d987caf56d8109427919172c1e45ef366ea1d7dcf105a3c5a5e794aea3"", ""share_of_parent"": 0.6859990175}, {""name"": ""JediSwap"", ""pool"": ""0xcfd39f5244f7b617418c018204a8a9f9a7f72e71f0ef38f968eeb2a9ca302b"", ""share_of_parent"": 0.0561818181}, {""name"": ""Ekubo"", ""pool"": ""0x3b8bb80f88207c0ed6a28b6f1152e97a8d8244b508497be52320ad1b63523d3"", ""share_of_parent"": 1.0}, {""name"": ""10kSwap"", ""pool"": ""0x2e767b996c8d4594c73317bb102c2018b9036aee8eed08ace5f45b3568b94e5"", ""share_of_parent"": 0.0528171828}, {""name"": ""Ekubo"", ""pool"": ""0x704d2f129606e3d33e5e1c68bed7be09d5e766ab210188ea0ab72b5214c1c37"", ""share_of_parent"": 0.2033774379}, {""name"": ""Ekubo"", ""pool"": ""0x160f5d987caf56d8109427919172c1e45ef366ea1d7dcf105a3c5a5e794aea3"", ""share_of_parent"": 1.0}, {""name"": ""Ekubo"", ""pool"": ""0x3b8bb80f88207c0ed6a28b6f1152e97a8d8244b508497be52320ad1b63523d3"", ""share_of_parent"": 0.7966225621}, {""name"": ""JediSwap"", ""pool"": ""0xf0f5b3eed258344152e1f17baf84a2e1b621cd754b625bec169e8595aea767"", ""share_of_parent"": 0.0272087912}, {""name"": ""Ekubo"", ""pool"": ""0x7fe6f9d2b9f69632211a116ff0749f1277bc214622fc1e772dd280b24dc8473"", ""share_of_parent"": 0.4340952574}, {""name"": ""Ekubo"", ""pool"": ""0x160f5d987caf56d8109427919172c1e45ef366ea1d7dcf105a3c5a5e794aea3"", ""share_of_parent"": 1.0}, {""name"": ""Ekubo"", ""pool"": ""0x2c86b7abe3dc5c832e59131fb422d5c57215c16d3e51f7adc96e21d31262a1d"", ""share_of_parent"": 0.5659047426}, {""name"": ""Ekubo"", ""pool"": ""0x3b8bb80f88207c0ed6a28b6f1152e97a8d8244b508497be52320ad1b63523d3"", ""share_of_parent"": 1.0}, {""name"": ""10kSwap"", ""pool"": ""0x41d52e15e82b003bf0ad52ca58393c87abef3e00f1bf69682fd4162d5773f8f"", ""share_of_parent"": 0.0119900099}, {""name"": ""Ekubo"", ""pool"": ""0x2c86b7abe3dc5c832e59131fb422d5c57215c16d3e51f7adc96e21d31262a1d"", ""share_of_parent"": 1.0}, {""name"": ""Ekubo"", ""pool"": ""0x3b8bb80f88207c0ed6a28b6f1152e97a8d8244b508497be52320ad1b63523d3"", ""share_of_parent"": 1.0}, {""name"": ""Ekubo"", ""pool"": ""0x66ec8184b1e0343f2127e38298162ed46fc2fe5bdb6676957df9ba1e5597ad9"", ""share_of_parent"": 0.0522717282}, {""name"": ""Ekubo"", ""pool"": ""0x160f5d987caf56d8109427919172c1e45ef366ea1d7dcf105a3c5a5e794aea3"", ""share_of_parent"": 1.0}, {""name"": ""StarkDefi"", ""pool"": ""0x748fc6a5cf179ef42c4f43784d4e194bdd1e8ebabc8498a8d927b87bd43204c"", ""share_of_parent"": 0.0079240759}, {""name"": ""Ekubo"", ""pool"": ""0x3b8bb80f88207c0ed6a28b6f1152e97a8d8244b508497be52320ad1b63523d3"", ""share_of_parent"": 1.0}, {""name"": ""Ekubo"", ""pool"": ""0x45deca534055e8bc4ab2efac7cf3f1f60359cb82a18be8c2d96d5cb7361224d"", ""share_of_parent"": 0.05651348700000004}, {""name"": ""Ekubo"", ""pool"": ""0x3b8bb80f88207c0ed6a28b6f1152e97a8d8244b508497be52320ad1b63523d3"", ""share_of_parent"": 1.0}]",quote-DAI-sell-1000.json
DAI,0xda114221cb83fa859dbdb4c44beeaa0bb37c7537ad5ae66fe5e0efd20e6eb3,False,sell,10000,7.376439257625533,10471313986,10471.313986,2026-09-18T10:05:36.198696+00:00,https://starknet.api.avnu.fi/swap/v3/quotes?sellTokenAddress=0xda114221cb83fa859dbdb4c44beeaa0bb37c7537ad5ae66fe5e0efd20e6eb3&buyTokenAddress=0x033068f6539f8e6e6b131e6b2b814e6c34a5224bc66947c47dab9dfee93b35fb&sellAmount=0x21e39fe9a9ad784f0db&size=1,"[{""name"": ""JediSwap"", ""pool"": ""0x7e2a13b40fc1119ec55e0bcf9428eedaa581ab3c924561ad4e955f95da63138"", ""share_of_parent"": 0.1625214785}, {""name"": ""Ekubo"", ""pool"": ""0x55b5f9772697ad743ec6729541afa517c349097d1cced3abf77fa2e7307d8b9"", ""share_of_parent"": 0.0899028251}, {""name"": ""Ekubo"", ""pool"": ""0x59592b427f28fea4683279a034e443c03125e1159ab0b14cc29a04ecf57a443"", ""share_of_parent"": 1.0}, {""name"": ""Ekubo"", ""pool"": ""0xc25669ed8b70551736c7833dc0fde2d93d7829df3c0969aaadc642a36d4c98"", ""share_of_parent"": 0.2413636807}, {""name"": ""Ekubo"", ""pool"": ""0x3b8bb80f88207c0ed6a28b6f1152e97a8d8244b508497be52320ad1b63523d3"", ""share_of_parent"": 1.0}, {""name"": ""Ekubo"", ""pool"": ""0x160f5d987caf56d8109427919172c1e45ef366ea1d7dcf105a3c5a5e794aea3"", ""share_of_parent"": 0.6571306696}, {""name"": ""0dAMM"", ""pool"": ""0x256462984b6063ffe3d674449892577ab3777ad0ac0b2109797800914dcf1c1"", ""share_of_parent"": 0.011602824599999905}, {""name"": ""10kSwap"", ""pool"": ""0x17e9e62c04b50800d7c59454754fe31a2193c9c3c6c92c093f2ab0faadf8c87"", ""share_of_parent"": 0.1178061938}, {""name"": ""Ekubo"", ""pool"": ""0x55b5f9772697ad743ec6729541afa517c349097d1cced3abf77fa2e7307d8b9"", ""share_of_parent"": 0.140861502}, {""name"": ""Ekubo"", ""pool"": ""0x59592b427f28fea4683279a034e443c03125e1159ab0b14cc29a04ecf57a443"", ""share_of_parent"": 1.0}, {""name"": ""Ekubo"", ""pool"": ""0x160f5d987caf56d8109427919172c1e45ef366ea1d7dcf105a3c5a5e794aea3"", ""share_of_parent"": 0.859138498}, {""name"": ""Ekubo"", ""pool"": ""0x6be830d5921c76234a4bce9a79ce48a8420b13ee7b53db17575bc655805a37c"", ""share_of_parent"": 0.1617102897}, {""name"": ""Ekubo"", ""pool"": ""0xc25669ed8b70551736c7833dc0fde2d93d7829df3c0969aaadc642a36d4c98"", ""share_of_parent"": 0.233298242}, {""name"": ""Ekubo"", ""pool"": ""0x3b8bb80f88207c0ed6a28b6f1152e97a8d8244b508497be52320ad1b63523d3"", ""share_of_parent"": 1.0}, {""name"": ""Ekubo"", ""pool"": ""0x160f5d987caf56d8109427919172c1e45ef366ea1d7dcf105a3c5a5e794aea3"", ""share_of_parent"": 0.766701758}, {""name"": ""JediSwap"", ""pool"": ""0xcfd39f5244f7b617418c018204a8a9f9a7f72e71f0ef38f968eeb2a9ca302b"", ""share_of_parent"": 0.0444255744}, {""name"": ""Ekubo"", ""pool"": ""0x3b8bb80f88207c0ed6a28b6f1152e97a8d8244b508497be52320ad1b63523d3"", ""share_of_parent"": 1.0}, {""name"": ""10kSwap"", ""pool"": ""0x2e767b996c8d4594c73317bb102c2018b9036aee8eed08ace5f45b3568b94e5"", ""share_of_parent"": 0.0407892107}, {""name"": ""Ekubo"", ""pool"": ""0x3b8bb80f88207c0ed6a28b6f1152e97a8d8244b508497be52320ad1b63523d3"", ""share_of_parent"": 1.0}, {""name"": ""JediSwap"", ""pool"": ""0xf0f5b3eed258344152e1f17baf84a2e1b621cd754b625bec169e8595aea767"", ""share_of_parent"": 0.0201778221}, {""name"": ""Ekubo"", ""pool"": ""0x2c86b7abe3dc5c832e59131fb422d5c57215c16d3e51f7adc96e21d31262a1d"", ""share_of_parent"": 1.0}, {""name"": ""Ekubo"", ""pool"": ""0x3b8bb80f88207c0ed6a28b6f1152e97a8d8244b508497be52320ad1b63523d3"", ""share_of_parent"": 1.0}, {""name"": ""10kSwap"", ""pool"": ""0x41d52e15e82b003bf0ad52ca58393c87abef3e00f1bf69682fd4162d5773f8f"", ""share_of_parent"": 0.0125594405}, {""name"": ""Ekubo"", ""pool"": ""0x2318a6517d95ea54b451a99142fd0a18d1dccf9edf08b9a6840c7157e0b7953"", ""share_of_parent"": 1.0}, {""name"": ""Ekubo"", ""pool"": ""0x3b8bb80f88207c0ed6a28b6f1152e97a8d8244b508497be52320ad1b63523d3"", ""share_of_parent"": 1.0}, {""name"": ""Ekubo"", ""pool"": ""0x66ec8184b1e0343f2127e38298162ed46fc2fe5bdb6676957df9ba1e5597ad9"", ""share_of_parent"": 0.0378361638}, {""name"": ""Ekubo"", ""pool"": ""0x160f5d987caf56d8109427919172c1e45ef366ea1d7dcf105a3c5a5e794aea3"", ""share_of_parent"": 1.0}, {""name"": ""StarkDefi"", ""pool"": ""0x748fc6a5cf179ef42c4f43784d4e194bdd1e8ebabc8498a8d927b87bd43204c"", ""share_of_parent"": 0.0137922077}, {""name"": ""Ekubo"", ""pool"": ""0x3b8bb80f88207c0ed6a28b6f1152e97a8d8244b508497be52320ad1b63523d3"", ""share_of_parent"": 1.0}, {""name"": ""Ekubo"", ""pool"": ""0x1df43cb6fe09c88eb9b6e7d7f818d7d2def3a175085d4e8f9cc80937dc0eaf8"", ""share_of_parent"": 0.2773686313}, {""name"": ""Ekubo"", ""pool"": ""0x3b8bb80f88207c0ed6a28b6f1152e97a8d8244b508497be52320ad1b63523d3"", ""share_of_parent"": 1.0}, {""name"": ""Ekubo"", ""pool"": ""0x381eaee65efedd5a9a73360776de057d9847566e02430c7d9639e97cf2a16be"", ""share_of_parent"": 0.0459000999}, {""name"": ""Ekubo"", ""pool"": ""0x2318a6517d95ea54b451a99142fd0a18d1dccf9edf08b9a6840c7157e0b7953"", ""share_of_parent"": 0.6242884086}, {""name"": ""Ekubo"", ""pool"": ""0x3b8bb80f88207c0ed6a28b6f1152e97a8d8244b508497be52320ad1b63523d3"", ""share_of_parent"": 1.0}, {""name"": ""Ekubo"", ""pool"": ""0x7dfd50ffb20b9192a67fea997bb2ecc4a35346dd6bb82b37f274c004f53c0f1"", ""share_of_parent"": 0.3757115914}, {""name"": ""Ekubo"", ""pool"": ""0x5a0f3e276330030fe2b73bf211e081224a4bb99fd3a3b5a944ded9238c62799"", ""share_of_parent"": 0.0139560439}, {""name"": ""Ekubo"", ""pool"": ""0x3b8bb80f88207c0ed6a28b6f1152e97a8d8244b508497be52320ad1b63523d3"", ""share_of_parent"": 1.0}, {""name"": ""Ekubo"", ""pool"": ""0x45deca534055e8bc4ab2efac7cf3f1f60359cb82a18be8c2d96d5cb7361224d"", ""share_of_parent"": 0.05115684369999994}, {""name"": ""Ekubo"", ""pool"": ""0x3b8bb80f88207c0ed6a28b6f1152e97a8d8244b508497be52320ad1b63523d3"", ""share_of_parent"": 1.0}]",quote-DAI-sell-10000.json
DAI,0xda114221cb83fa859dbdb4c44beeaa0bb37c7537ad5ae66fe5e0efd20e6eb3,False,sell,100000,47.30003565957656,59578563946,59578.563946,2026-09-18T10:05:37.179136+00:00,https://starknet.api.avnu.fi/swap/v3/quotes?sellTokenAddress=0xda114221cb83fa859dbdb4c44beeaa0bb37c7537ad5ae66fe5e0efd20e6eb3&buyTokenAddress=0x033068f6539f8e6e6b131e6b2b814e6c34a5224bc66947c47dab9dfee93b35fb&sellAmount=0x152e43f20a0c6b316897&size=1,"[{""name"": ""JediSwap"", ""pool"": ""0x7e2a13b40fc1119ec55e0bcf9428eedaa581ab3c924561ad4e955f95da63138"", ""share_of_parent"": 0.3214101799}, {""name"": ""10kSwap"", ""pool"": ""0x23c72abdf49dffc85ae3ede714f2168ad384cc67d08524732acea90df325"", ""share_of_parent"": 0.7347588244}, {""name"": ""Ekubo"", ""pool"": ""0x3b8bb80f88207c0ed6a28b6f1152e97a8d8244b508497be52320ad1b63523d3"", ""share_of_parent"": 1.0}, {""name"": ""Ekubo"", ""pool"": ""0x55b5f9772697ad743ec6729541afa517c349097d1cced3abf77fa2e7307d8b9"", ""share_of_parent"": 0.1364490869}, {""name"": ""Ekubo"", ""pool"": ""0x59592b427f28fea4683279a034e443c03125e1159ab0b14cc29a04ecf57a443"", ""share_of_parent"": 1.0}, {""name"": ""Ekubo"", ""pool"": ""0x160f5d987caf56d8109427919172c1e45ef366ea1d7dcf105a3c5a5e794aea3"", ""share_of_parent"": 0.12879208870000003}, {""name"": ""10kSwap"", ""pool"": ""0x17e9e62c04b50800d7c59454754fe31a2193c9c3c6c92c093f2ab0faadf8c87"", ""share_of_parent"": 0.2406719029}, {""name"": ""JediSwap"", ""pool"": ""0x4d0390b777b424e43839cd1e744799f3de6c176c7e32c1812a41dbd9c19db6a"", ""share_of_parent"": 0.1588271112}, {""name"": ""Ekubo"", ""pool"": ""0x3b8bb80f88207c0ed6a28b6f1152e97a8d8244b508497be52320ad1b63523d3"", ""share_of_parent"": 1.0}, {""name"": ""Ekubo"", ""pool"": ""0x55b5f9772697ad743ec6729541afa517c349097d1cced3abf77fa2e7307d8b9"", ""share_of_parent"": 0.348812445}, {""name"": ""Ekubo"", ""pool"": ""0x59592b427f28fea4683279a034e443c03125e1159ab0b14cc29a04ecf57a443"", ""share_of_parent"": 1.0}, {""name"": ""Ekubo"", ""pool"": ""0xc25669ed8b70551736c7833dc0fde2d93d7829df3c0969aaadc642a36d4c98"", ""share_of_parent"": 0.3363611531}, {""name"": ""Ekubo"", ""pool"": ""0x3b8bb80f88207c0ed6a28b6f1152e97a8d8244b508497be52320ad1b63523d3"", ""share_of_parent"": 1.0}, {""name"": ""Ekubo"", ""pool"": ""0x160f5d987caf56d8109427919172c1e45ef366ea1d7dcf105a3c5a5e794aea3"", ""share_of_parent"": 0.15599929070000002}, {""name"": ""Ekubo"", ""pool"": ""0x6be830d5921c76234a4bce9a79ce48a8420b13ee7b53db17575bc655805a37c"", ""share_of_parent"": 0.0595418391}, {""name"": ""0dAMM"", ""pool"": ""0x256462984b6063ffe3d674449892577ab3777ad0ac0b2109797800914dcf1c1"", ""share_of_parent"": 1.0}, {""name"": ""JediSwap"", ""pool"": ""0xcfd39f5244f7b617418c018204a8a9f9a7f72e71f0ef38f968eeb2a9ca302b"", ""share_of_parent"": 0.0885275731}, {""name"": ""Ekubo"", ""pool"": ""0x3b8bb80f88207c0ed6a28b6f1152e97a8d8244b508497be52320ad1b63523d3"", ""share_of_parent"": 1.0}, {""name"": ""10kSwap"", ""pool"": ""0x2e767b996c8d4594c73317bb102c2018b9036aee8eed08ace5f45b3568b94e5"", ""share_of_parent"": 0.0550363503}, {""name"": ""Ekubo"", ""pool"": ""0x3b8bb80f88207c0ed6a28b6f1152e97a8d8244b508497be52320ad1b63523d3"", ""share_of_parent"": 1.0}, {""name"": ""JediSwap"", ""pool"": ""0xf0f5b3eed258344152e1f17baf84a2e1b621cd754b625bec169e8595aea767"", ""share_of_parent"": 0.0406561625}, {""name"": ""Ekubo"", ""pool"": ""0x2c86b7abe3dc5c832e59131fb422d5c57215c16d3e51f7adc96e21d31262a1d"", ""share_of_parent"": 1.0}, {""name"": ""Ekubo"", ""pool"": ""0x3b8bb80f88207c0ed6a28b6f1152e97a8d8244b508497be52320ad1b63523d3"", ""share_of_parent"": 1.0}, {""name"": ""10kSwap"", ""pool"": ""0x41d52e15e82b003bf0ad52ca58393c87abef3e00f1bf69682fd4162d5773f8f"", ""share_of_parent"": 0.0186418266}, {""name"": ""Ekubo"", ""pool"": ""0x2318a6517d95ea54b451a99142fd0a18d1dccf9edf08b9a6840c7157e0b7953"", ""share_of_parent"": 0.9223386997}, {""name"": ""Ekubo"", ""pool"": ""0x3b8bb80f88207c0ed6a28b6f1152e97a8d8244b508497be52320ad1b63523d3"", ""share_of_parent"": 1.0}, {""name"": ""Ekubo"", ""pool"": ""0x7dfd50ffb20b9192a67fea997bb2ecc4a35346dd6bb82b37f274c004f53c0f1"", ""share_of_parent"": 0.07766130030000001}, {""name"": ""Ekubo"", ""pool"": ""0x66ec8184b1e0343f2127e38298162ed46fc2fe5bdb6676957df9ba1e5597ad9"", ""share_of_parent"": 0.0054649725}, {""name"": ""Nostra"", ""pool"": ""0x1583919ffd78e87fa28fdf6b6a805fe3ddf52f754a63721dcd4c258211129a6"", ""share_of_parent"": 1.0}, {""name"": ""0dAMM"", ""pool"": ""0x1bfb102cbf19897dc230d4f6032f5d660454706d52944ff74ab237ee18723ec"", ""share_of_parent"": 1.0}, {""name"": ""StarkDefi"", ""pool"": ""0x748fc6a5cf179ef42c4f43784d4e194bdd1e8ebabc8498a8d927b87bd43204c"", ""share_of_parent"": 0.0094197155}, {""name"": ""Ekubo"", ""pool"": ""0x3b8bb80f88207c0ed6a28b6f1152e97a8d8244b508497be52320ad1b63523d3"", ""share_of_parent"": 1.0}, {""name"": ""Ekubo"", ""pool"": ""0x1df43cb6fe09c88eb9b6e7d7f818d7d2def3a175085d4e8f9cc80937dc0eaf8"", ""share_of_parent"": 0.0803239796}, {""name"": ""Ekubo"", ""pool"": ""0x3b8bb80f88207c0ed6a28b6f1152e97a8d8244b508497be52320ad1b63523d3"", ""share_of_parent"": 1.0}, {""name"": ""Ekubo"", ""pool"": ""0x381eaee65efedd5a9a73360776de057d9847566e02430c7d9639e97cf2a16be"", ""share_of_parent"": 0.01575888}, {""name"": ""Ekubo"", ""pool"": ""0x2318a6517d95ea54b451a99142fd0a18d1dccf9edf08b9a6840c7157e0b7953"", ""share_of_parent"": 1.0}, {""name"": ""Ekubo"", ""pool"": ""0x3b8bb80f88207c0ed6a28b6f1152e97a8d8244b508497be52320ad1b63523d3"", ""share_of_parent"": 1.0}, {""name"": ""Ekubo"", ""pool"": ""0x5a0f3e276330030fe2b73bf211e081224a4bb99fd3a3b5a944ded9238c62799"", ""share_of_parent"": 0.0309031947}, {""name"": ""Ekubo"", ""pool"": ""0x3b8bb80f88207c0ed6a28b6f1152e97a8d8244b508497be52320ad1b63523d3"", ""share_of_parent"": 1.0}, {""name"": ""Ekubo"", ""pool"": ""0xa4861174f26864ba03e31dc90a1ff83f92aeb6f3ff8d1d72ef4668cd253de1"", ""share_of_parent"": 0.0111670462}, {""name"": ""Ekubo"", ""pool"": ""0x3b8bb80f88207c0ed6a28b6f1152e97a8d8244b508497be52320ad1b63523d3"", ""share_of_parent"": 1.0}, {""name"": ""Ekubo"", ""pool"": ""0x6df76fc1d76710a9309103c93571c155a06d69b24687d5c64bb57d596d607d2"", ""share_of_parent"": 0.016721247}, {""name"": ""Ekubo"", ""pool"": ""0x4519b483ae513d2c7d336bc8bdeacd7c4a3cd62116a5b108dfa115ebecf0845"", ""share_of_parent"": 1.0}, {""name"": ""Ekubo"", ""pool"": ""0x3b8bb80f88207c0ed6a28b6f1152e97a8d8244b508497be52320ad1b63523d3"", ""share_of_parent"": 1.0}, {""name"": ""Ekubo"", ""pool"": ""0x45deca534055e8bc4ab2efac7cf3f1f60359cb82a18be8c2d96d5cb7361224d"", ""share_of_parent"": 0.005755130099999955}, {""name"": ""Ekubo"", ""pool"": ""0x3b8bb80f88207c0ed6a28b6f1152e97a8d8244b508497be52320ad1b63523d3"", ""share_of_parent"": 1.0}]",quote-DAI-sell-100000.json
DAI_CURRENT,0x5574eb6b8789a91466f902c380d978e472db68170ff82a5b650b95a58ddf4ad,False,buy,10,0.0,10012445497556287488,,2026-09-18T10:02:50.504709+00:00,https://starknet.api.avnu.fi/swap/v3/quotes?sellTokenAddress=0x033068f6539f8e6e6b131e6b2b814e6c34a5224bc66947c47dab9dfee93b35fb&buyTokenAddress=0x5574eb6b8789a91466f902c380d978e472db68170ff82a5b650b95a58ddf4ad&sellAmount=0x989680&size=1,"[{""name"": ""Ekubo"", ""pool"": ""0x618f6819c4c3193ea18936f3202bf3cb4904c475a13e05767fde821ff70a05c"", ""share_of_parent"": 1.0}]",quote-DAI_CURRENT-buy-10.json
DAI_CURRENT,0x5574eb6b8789a91466f902c380d978e472db68170ff82a5b650b95a58ddf4ad,False,buy,100,-0.04242239824978622,100166930170598031360,,2026-09-18T10:02:52.038887+00:00,https://starknet.api.avnu.fi/swap/v3/quotes?sellTokenAddress=0x033068f6539f8e6e6b131e6b2b814e6c34a5224bc66947c47dab9dfee93b35fb&buyTokenAddress=0x5574eb6b8789a91466f902c380d978e472db68170ff82a5b650b95a58ddf4ad&sellAmount=0x5f5e100&size=1,"[{""name"": ""Ekubo"", ""pool"": ""0x3b8bb80f88207c0ed6a28b6f1152e97a8d8244b508497be52320ad1b63523d3"", ""share_of_parent"": 1.0}, {""name"": ""Ekubo"", ""pool"": ""0xf53607664cab9d147e0131840c9be2ccd092226fa288480fa83a5ac4d9c18f"", ""share_of_parent"": 1.0}]",quote-DAI_CURRENT-buy-100.json
DAI_CURRENT,0x5574eb6b8789a91466f902c380d978e472db68170ff82a5b650b95a58ddf4ad,False,buy,1000,0.010487940162495768,1001139539826370019328,,2026-09-18T10:02:54.036619+00:00,https://starknet.api.avnu.fi/swap/v3/quotes?sellTokenAddress=0x033068f6539f8e6e6b131e6b2b814e6c34a5224bc66947c47dab9dfee93b35fb&buyTokenAddress=0x5574eb6b8789a91466f902c380d978e472db68170ff82a5b650b95a58ddf4ad&sellAmount=0x3b9aca00&size=1,"[{""name"": ""Ekubo"", ""pool"": ""0x618f6819c4c3193ea18936f3202bf3cb4904c475a13e05767fde821ff70a05c"", ""share_of_parent"": 1.0}]",quote-DAI_CURRENT-buy-1000.json
DAI_CURRENT,0x5574eb6b8789a91466f902c380d978e472db68170ff82a5b650b95a58ddf4ad,False,buy,10000,0.10236900881269717,10002195856342527246336,,2026-09-18T10:02:55.170073+00:00,https://starknet.api.avnu.fi/swap/v3/quotes?sellTokenAddress=0x033068f6539f8e6e6b131e6b2b814e6c34a5224bc66947c47dab9dfee93b35fb&buyTokenAddress=0x5574eb6b8789a91466f902c380d978e472db68170ff82a5b650b95a58ddf4ad&sellAmount=0x2540be400&size=1,"[{""name"": ""Ekubo"", ""pool"": ""0x618f6819c4c3193ea18936f3202bf3cb4904c475a13e05767fde821ff70a05c"", ""share_of_parent"": 1.0}]",quote-DAI_CURRENT-buy-10000.json
DAI_CURRENT,0x5574eb6b8789a91466f902c380d978e472db68170ff82a5b650b95a58ddf4ad,False,buy,100000,73.14731765623061,26886101843018304716800,,2026-09-18T10:02:57.007788+00:00,https://starknet.api.avnu.fi/swap/v3/quotes?sellTokenAddress=0x033068f6539f8e6e6b131e6b2b814e6c34a5224bc66947c47dab9dfee93b35fb&buyTokenAddress=0x5574eb6b8789a91466f902c380d978e472db68170ff82a5b650b95a58ddf4ad&sellAmount=0x174876e800&size=1,"[{""name"": ""Ekubo"", ""pool"": ""0x160f5d987caf56d8109427919172c1e45ef366ea1d7dcf105a3c5a5e794aea3"", ""share_of_parent"": 0.3098381618}, {""name"": ""10kSwap"", ""pool"": ""0x23c72abdf49dffc85ae3ede714f2168ad384cc67d08524732acea90df325"", ""share_of_parent"": 0.0681461043}, {""name"": ""JediSwapCL"", ""pool"": ""0x4400b1fe726e358219131351da53a01922c5d5cddd1c78680a87effe4923e80"", ""share_of_parent"": 1.0}, {""name"": ""JediSwap"", ""pool"": ""0x4d0390b777b424e43839cd1e744799f3de6c176c7e32c1812a41dbd9c19db6a"", ""share_of_parent"": 0.0780589527}, {""name"": ""JediSwapCL"", ""pool"": ""0x4400b1fe726e358219131351da53a01922c5d5cddd1c78680a87effe4923e80"", ""share_of_parent"": 1.0}, {""name"": ""Ekubo"", ""pool"": ""0xc25669ed8b70551736c7833dc0fde2d93d7829df3c0969aaadc642a36d4c98"", ""share_of_parent"": 0.3441945104}, {""name"": ""JediSwapCL"", ""pool"": ""0x4400b1fe726e358219131351da53a01922c5d5cddd1c78680a87effe4923e80"", ""share_of_parent"": 1.0}, {""name"": ""Ekubo(Oracle)"", ""pool"": ""0x1ffb67abd2e7533c95f9460fcc8a97e7b18f5ccc8e63fbee3490f61d3d7c892"", ""share_of_parent"": 0.5096004326}, {""name"": ""Ekubo(Oracle)"", ""pool"": ""0x34587fa18416ed8c53f99e2aeb772077739066a92703943f91e1480fd5d3ea7"", ""share_of_parent"": 1.0}, {""name"": ""Ekubo"", ""pool"": ""0x3b8bb80f88207c0ed6a28b6f1152e97a8d8244b508497be52320ad1b63523d3"", ""share_of_parent"": 0.0402917082}, {""name"": ""Ekubo"", ""pool"": ""0xf53607664cab9d147e0131840c9be2ccd092226fa288480fa83a5ac4d9c18f"", ""share_of_parent"": 1.0}, {""name"": ""Ekubo"", ""pool"": ""0x2e65ce680bf9243a7d3b0c40200c015f66be7602bfe8e24a0b4bbd2f4b0997"", ""share_of_parent"": 0.0083076923}, {""name"": ""Ekubo"", ""pool"": ""0x70e37dd1f443d2ae706724dc660fe9793f34dbf338107415ff4197e847338f9"", ""share_of_parent"": 1.0}, {""name"": ""JediSwapCL"", ""pool"": ""0x4400b1fe726e358219131351da53a01922c5d5cddd1c78680a87effe4923e80"", ""share_of_parent"": 1.0}, {""name"": ""Ekubo"", ""pool"": ""0x7dfd50ffb20b9192a67fea997bb2ecc4a35346dd6bb82b37f274c004f53c0f1"", ""share_of_parent"": 0.1868931068}, {""name"": ""Ekubo"", ""pool"": ""0x2318a6517d95ea54b451a99142fd0a18d1dccf9edf08b9a6840c7157e0b7953"", ""share_of_parent"": 0.4335155157}, {""name"": ""JediSwapCL"", ""pool"": ""0x4400b1fe726e358219131351da53a01922c5d5cddd1c78680a87effe4923e80"", ""share_of_parent"": 0.4883687159}, {""name"": ""Ekubo"", ""pool"": ""0xf53607664cab9d147e0131840c9be2ccd092226fa288480fa83a5ac4d9c18f"", ""share_of_parent"": 0.5116312841}, {""name"": ""Ekubo"", ""pool"": ""0x4519b483ae513d2c7d336bc8bdeacd7c4a3cd62116a5b108dfa115ebecf0845"", ""share_of_parent"": 0.3256387279}, {""name"": ""JediSwapCL"", ""pool"": ""0x4400b1fe726e358219131351da53a01922c5d5cddd1c78680a87effe4923e80"", ""share_of_parent"": 0.8244221135}, {""name"": ""Ekubo"", ""pool"": ""0xf53607664cab9d147e0131840c9be2ccd092226fa288480fa83a5ac4d9c18f"", ""share_of_parent"": 0.1755778865}, {""name"": ""Ekubo"", ""pool"": ""0x736d775c4adf60980607b4b40604fd3d67d69bcfe95c9026534f876edefea05"", ""share_of_parent"": 0.2381184553}, {""name"": ""JediSwapCL"", ""pool"": ""0x4400b1fe726e358219131351da53a01922c5d5cddd1c78680a87effe4923e80"", ""share_of_parent"": 1.0}, {""name"": ""StarkDefi"", ""pool"": ""0x6a6171b9a74643a17a7ad7040f669f570d9c98ad04b05c7418bdc99c686860e"", ""share_of_parent"": 0.002727301099999914}, {""name"": ""Ekubo"", ""pool"": ""0xf53607664cab9d147e0131840c9be2ccd092226fa288480fa83a5ac4d9c18f"", ""share_of_parent"": 1.0}, {""name"": ""0dAMM"", ""pool"": ""0xd7b9aeed671dfd92653c682fb4a06db88fed691c5c8c7c6e74c8ef5421159c"", ""share_of_parent"": 0.0549850149}, {""name"": ""Ekubo(Oracle)"", ""pool"": ""0xbc670cdb0ba806fd70697ca13b592c000e34fbfb92cc0a3a25eda97bb4f647"", ""share_of_parent"": 1.0}, {""name"": ""Ekubo(Oracle)"", ""pool"": ""0x34587fa18416ed8c53f99e2aeb772077739066a92703943f91e1480fd5d3ea7"", ""share_of_parent"": 1.0}, {""name"": ""Ekubo(Oracle)"", ""pool"": ""0x11c6618b5abc3c0a95cbc7f33c9c52ae0598862a6b7a2f3d64e90e833d8b854"", ""share_of_parent"": 0.1898021978}, {""name"": ""Ekubo(Oracle)"", ""pool"": ""0x34587fa18416ed8c53f99e2aeb772077739066a92703943f91e1480fd5d3ea7"", ""share_of_parent"": 1.0}, {""name"": ""0dAMM"", ""pool"": ""0x256462984b6063ffe3d674449892577ab3777ad0ac0b2109797800914dcf1c1"", ""share_of_parent"": 0.0554445554}, {""name"": ""10kSwap"", ""pool"": ""0x23c72abdf49dffc85ae3ede714f2168ad384cc67d08524732acea90df325"", ""share_of_parent"": 0.077992302}, {""name"": ""JediSwapCL"", ""pool"": ""0x4400b1fe726e358219131351da53a01922c5d5cddd1c78680a87effe4923e80"", ""share_of_parent"": 1.0}, {""name"": ""Ekubo"", ""pool"": ""0xc25669ed8b70551736c7833dc0fde2d93d7829df3c0969aaadc642a36d4c98"", ""share_of_parent"": 0.2430389506}, {""name"": ""JediSwapCL"", ""pool"": ""0x4400b1fe726e358219131351da53a01922c5d5cddd1c78680a87effe4923e80"", ""share_of_parent"": 1.0}, {""name"": ""Ekubo(Oracle)"", ""pool"": ""0x1ffb67abd2e7533c95f9460fcc8a97e7b18f5ccc8e63fbee3490f61d3d7c892"", ""share_of_parent"": 0.6789687474}, {""name"": ""Ekubo(Oracle)"", ""pool"": ""0x34587fa18416ed8c53f99e2aeb772077739066a92703943f91e1480fd5d3ea7"", ""share_of_parent"": 1.0}, {""name"": ""0dAMM"", ""pool"": ""0x1bfb102cbf19897dc230d4f6032f5d660454706d52944ff74ab237ee18723ec"", ""share_of_parent"": 0.017018981}, {""name"": ""Ekubo"", ""pool"": ""0x70e37dd1f443d2ae706724dc660fe9793f34dbf338107415ff4197e847338f9"", ""share_of_parent"": 1.0}, {""name"": ""JediSwapCL"", ""pool"": ""0x4400b1fe726e358219131351da53a01922c5d5cddd1c78680a87effe4923e80"", ""share_of_parent"": 1.0}, {""name"": ""Ekubo"", ""pool"": ""0x10e713b3b787247e9db52188d114b27165426f773e10d1acc5285ff776fa9c7"", ""share_of_parent"": 0.0125954045}, {""name"": ""Ekubo"", ""pool"": ""0x5a174106c82f18b50f130e19608b332041057c34a5e9bfcd2a2ba8354b58e48"", ""share_of_parent"": 1.0}, {""name"": ""Ekubo"", ""pool"": ""0xf53607664cab9d147e0131840c9be2ccd092226fa288480fa83a5ac4d9c18f"", ""share_of_parent"": 1.0}, {""name"": ""Ekubo"", ""pool"": ""0x618f6819c4c3193ea18936f3202bf3cb4904c475a13e05767fde821ff70a05c"", ""share_of_parent"": 0.12482317730000016}]",quote-DAI_CURRENT-buy-100000.json
DAI_CURRENT,0x5574eb6b8789a91466f902c380d978e472db68170ff82a5b650b95a58ddf4ad,False,sell,10,0.0,9977627,9.977627,2026-09-18T10:05:40.821065+00:00,https://starknet.api.avnu.fi/swap/v3/quotes?sellTokenAddress=0x5574eb6b8789a91466f902c380d978e472db68170ff82a5b650b95a58ddf4ad&buyTokenAddress=0x033068f6539f8e6e6b131e6b2b814e6c34a5224bc66947c47dab9dfee93b35fb&sellAmount=0x8acf5bcd7782f2ed&size=1,"[{""name"": ""Ekubo"", ""pool"": ""0xf53607664cab9d147e0131840c9be2ccd092226fa288480fa83a5ac4d9c18f"", ""share_of_parent"": 1.0}, {""name"": ""StarkDefi"", ""pool"": ""0x549bdff3f2744f69a6f5f84bdcdc647452e116e1faf967e5ff19955d0011c87"", ""share_of_parent"": 1.0}, {""name"": ""0dAMM"", ""pool"": ""0x256462984b6063ffe3d674449892577ab3777ad0ac0b2109797800914dcf1c1"", ""share_of_parent"": 1.0}]",quote-DAI_CURRENT-sell-10.json
DAI_CURRENT,0x5574eb6b8789a91466f902c380d978e472db68170ff82a5b650b95a58ddf4ad,False,sell,100,0.15120128262963162,99625407,99.625407,2026-09-18T10:05:41.573496+00:00,https://starknet.api.avnu.fi/swap/v3/quotes?sellTokenAddress=0x5574eb6b8789a91466f902c380d978e472db68170ff82a5b650b95a58ddf4ad&buyTokenAddress=0x033068f6539f8e6e6b131e6b2b814e6c34a5224bc66947c47dab9dfee93b35fb&sellAmount=0x56c199606ab1d7d49&size=1,"[{""name"": ""Ekubo"", ""pool"": ""0xf53607664cab9d147e0131840c9be2ccd092226fa288480fa83a5ac4d9c18f"", ""share_of_parent"": 1.0}, {""name"": ""StarkDefi"", ""pool"": ""0x549bdff3f2744f69a6f5f84bdcdc647452e116e1faf967e5ff19955d0011c87"", ""share_of_parent"": 0.1131690599}, {""name"": ""0dAMM"", ""pool"": ""0x256462984b6063ffe3d674449892577ab3777ad0ac0b2109797800914dcf1c1"", ""share_of_parent"": 1.0}, {""name"": ""Ekubo"", ""pool"": ""0x3b8bb80f88207c0ed6a28b6f1152e97a8d8244b508497be52320ad1b63523d3"", ""share_of_parent"": 0.8868309401}]",quote-DAI_CURRENT-sell-100.json
DAI_CURRENT,0x5574eb6b8789a91466f902c380d978e472db68170ff82a5b650b95a58ddf4ad,False,sell,1000,0.8177119669837363,989603875,989.603875,2026-09-18T10:05:42.537079+00:00,https://starknet.api.avnu.fi/swap/v3/quotes?sellTokenAddress=0x5574eb6b8789a91466f902c380d978e472db68170ff82a5b650b95a58ddf4ad&buyTokenAddress=0x033068f6539f8e6e6b131e6b2b814e6c34a5224bc66947c47dab9dfee93b35fb&sellAmount=0x3638ffdc42af26e4e2&size=1,"[{""name"": ""Ekubo"", ""pool"": ""0xf53607664cab9d147e0131840c9be2ccd092226fa288480fa83a5ac4d9c18f"", ""share_of_parent"": 0.756091908}, {""name"": ""StarkDefi"", ""pool"": ""0x549bdff3f2744f69a6f5f84bdcdc647452e116e1faf967e5ff19955d0011c87"", ""share_of_parent"": 0.0127149096}, {""name"": ""Ekubo"", ""pool"": ""0x160f5d987caf56d8109427919172c1e45ef366ea1d7dcf105a3c5a5e794aea3"", ""share_of_parent"": 0.79207424}, {""name"": ""0dAMM"", ""pool"": ""0x256462984b6063ffe3d674449892577ab3777ad0ac0b2109797800914dcf1c1"", ""share_of_parent"": 0.20792576000000002}, {""name"": ""Ekubo"", ""pool"": ""0x3b8bb80f88207c0ed6a28b6f1152e97a8d8244b508497be52320ad1b63523d3"", ""share_of_parent"": 0.9872850904}, {""name"": ""Ekubo(Oracle)"", ""pool"": ""0x34587fa18416ed8c53f99e2aeb772077739066a92703943f91e1480fd5d3ea7"", ""share_of_parent"": 0.0757262737}, {""name"": ""Ekubo(Oracle)"", ""pool"": ""0x1ffb67abd2e7533c95f9460fcc8a97e7b18f5ccc8e63fbee3490f61d3d7c892"", ""share_of_parent"": 0.5108564292}, {""name"": ""Ekubo"", ""pool"": ""0x160f5d987caf56d8109427919172c1e45ef366ea1d7dcf105a3c5a5e794aea3"", ""share_of_parent"": 1.0}, {""name"": ""Ekubo(Oracle)"", ""pool"": ""0xbc670cdb0ba806fd70697ca13b592c000e34fbfb92cc0a3a25eda97bb4f647"", ""share_of_parent"": 0.1373264921}, {""name"": ""0dAMM"", ""pool"": ""0xd7b9aeed671dfd92653c682fb4a06db88fed691c5c8c7c6e74c8ef5421159c"", ""share_of_parent"": 1.0}, {""name"": ""Ekubo(Oracle)"", ""pool"": ""0x11c6618b5abc3c0a95cbc7f33c9c52ae0598862a6b7a2f3d64e90e833d8b854"", ""share_of_parent"": 0.3518170787}, {""name"": ""JediSwapCL"", ""pool"": ""0x4400b1fe726e358219131351da53a01922c5d5cddd1c78680a87effe4923e80"", ""share_of_parent"": 0.0547552447}, {""name"": ""Ekubo"", ""pool"": ""0x3b8bb80f88207c0ed6a28b6f1152e97a8d8244b508497be52320ad1b63523d3"", ""share_of_parent"": 1.0}, {""name"": ""JediSwapCL"", ""pool"": ""0x49fc62f40802cd49318c64ada0b0de13d3bbb30fec299bb387f1833546ede08"", ""share_of_parent"": 0.0997882117}, {""name"": ""Ekubo"", ""pool"": ""0x3b8bb80f88207c0ed6a28b6f1152e97a8d8244b508497be52320ad1b63523d3"", ""share_of_parent"": 1.0}, {""name"": ""Nostra"", ""pool"": ""0x362ec0c49a9c8f2d322d0ba6a8ec1214b9e4f7e80a17d462ec2585362547d95"", ""share_of_parent"": 0.013638361900000024}, {""name"": ""Ekubo"", ""pool"": ""0x3b8bb80f88207c0ed6a28b6f1152e97a8d8244b508497be52320ad1b63523d3"", ""share_of_parent"": 1.0}]",quote-DAI_CURRENT-sell-1000.json
DAI_CURRENT,0x5574eb6b8789a91466f902c380d978e472db68170ff82a5b650b95a58ddf4ad,False,sell,10000,62.45325981819123,3746273686,3746.273686,2026-09-18T10:05:43.328953+00:00,https://starknet.api.avnu.fi/swap/v3/quotes?sellTokenAddress=0x5574eb6b8789a91466f902c380d978e472db68170ff82a5b650b95a58ddf4ad&buyTokenAddress=0x033068f6539f8e6e6b131e6b2b814e6c34a5224bc66947c47dab9dfee93b35fb&sellAmount=0x21e39fe9a9ad784f0db&size=1,"[{""name"": ""Ekubo"", ""pool"": ""0xf53607664cab9d147e0131840c9be2ccd092226fa288480fa83a5ac4d9c18f"", ""share_of_parent"": 0.0756083916}, {""name"": ""Ekubo"", ""pool"": ""0x3b8bb80f88207c0ed6a28b6f1152e97a8d8244b508497be52320ad1b63523d3"", ""share_of_parent"": 1.0}, {""name"": ""Ekubo(Oracle)"", ""pool"": ""0x34587fa18416ed8c53f99e2aeb772077739066a92703943f91e1480fd5d3ea7"", ""share_of_parent"": 0.5212807192}, {""name"": ""Ekubo(Oracle)"", ""pool"": ""0x1ffb67abd2e7533c95f9460fcc8a97e7b18f5ccc8e63fbee3490f61d3d7c892"", ""share_of_parent"": 0.3360246836}, {""name"": ""Ekubo"", ""pool"": ""0x160f5d987caf56d8109427919172c1e45ef366ea1d7dcf105a3c5a5e794aea3"", ""share_of_parent"": 0.9807331108}, {""name"": ""0dAMM"", ""pool"": ""0x256462984b6063ffe3d674449892577ab3777ad0ac0b2109797800914dcf1c1"", ""share_of_parent"": 0.01926688920000001}, {""name"": ""Ekubo(Oracle)"", ""pool"": ""0xbc670cdb0ba806fd70697ca13b592c000e34fbfb92cc0a3a25eda97bb4f647"", ""share_of_parent"": 0.091145107}, {""name"": ""0dAMM"", ""pool"": ""0xd7b9aeed671dfd92653c682fb4a06db88fed691c5c8c7c6e74c8ef5421159c"", ""share_of_parent"": 1.0}, {""name"": ""Ekubo(Oracle)"", ""pool"": ""0x73e881469d199cda961217110f4a67af4692eaeffd578e1896f7d73f9ed467d"", ""share_of_parent"": 0.0726344231}, {""name"": ""Ekubo"", ""pool"": ""0x2e65ce680bf9243a7d3b0c40200c015f66be7602bfe8e24a0b4bbd2f4b0997"", ""share_of_parent"": 0.9352708577}, {""name"": ""0dAMM"", ""pool"": ""0x1bfb102cbf19897dc230d4f6032f5d660454706d52944ff74ab237ee18723ec"", ""share_of_parent"": 0.06472914230000001}, {""name"": ""Ekubo(Oracle)"", ""pool"": ""0x5ac3c9feb9de6c54ff23dfe3d17d244fd893f27448caeb26dd4f8461b3a61ea"", ""share_of_parent"": 0.0615988099}, {""name"": ""Ekubo"", ""pool"": ""0x7dfd50ffb20b9192a67fea997bb2ecc4a35346dd6bb82b37f274c004f53c0f1"", ""share_of_parent"": 1.0}, {""name"": ""Ekubo(Oracle)"", ""pool"": ""0x1c7aff32196862f6044c325be36dffbbdd04427e8a28f249a224de4543281c5"", ""share_of_parent"": 0.0539395447}, {""name"": ""Ekubo"", ""pool"": ""0x10e713b3b787247e9db52188d114b27165426f773e10d1acc5285ff776fa9c7"", ""share_of_parent"": 1.0}, {""name"": ""Ekubo"", ""pool"": ""0x5bdf5b1743f027ea1bd044fb012dc582f7af485ad02e4cd156f439218bad7b7"", ""share_of_parent"": 0.0296967823}, {""name"": ""0dAMM"", ""pool"": ""0xd7b9aeed671dfd92653c682fb4a06db88fed691c5c8c7c6e74c8ef5421159c"", ""share_of_parent"": 1.0}, {""name"": ""Ekubo(Twamm)"", ""pool"": ""0x7a2848b1c028d36baba6e65040e40523cad504ae08f272b8d400615f5e20141"", ""share_of_parent"": 0.016480756}, {""name"": ""Ekubo"", ""pool"": ""0x10e713b3b787247e9db52188d114b27165426f773e10d1acc5285ff776fa9c7"", ""share_of_parent"": 1.0}, {""name"": ""Ekubo(Twamm)"", ""pool"": ""0x2cebb4eae0a02d38cd7866afc8fc09fd04aaf4df19f48219c73ed4592ee5f07"", ""share_of_parent"": 0.014857076}, {""name"": ""Ekubo"", ""pool"": ""0x3b8bb80f88207c0ed6a28b6f1152e97a8d8244b508497be52320ad1b63523d3"", ""share_of_parent"": 1.0}, {""name"": ""Ekubo(Oracle)"", ""pool"": ""0x11c6618b5abc3c0a95cbc7f33c9c52ae0598862a6b7a2f3d64e90e833d8b854"", ""share_of_parent"": 0.2987546957}, {""name"": ""Ekubo"", ""pool"": ""0x4edf688b34e7a4e58f6e52dbc8f24847f2df6089f2d747980b85ad4be05bdc9"", ""share_of_parent"": 0.0077588044}, {""name"": ""Ekubo(Twamm)"", ""pool"": ""0xac07e0ceccf6dc4a8fb5c26932864c249f7c92cb73452cb3791a5a6dd4b48"", ""share_of_parent"": 0.01710931730000004}, {""name"": ""JediSwapCL"", ""pool"": ""0x4400b1fe726e358219131351da53a01922c5d5cddd1c78680a87effe4923e80"", ""share_of_parent"": 0.3824675324}, {""name"": ""StarkDefi"", ""pool"": ""0x549bdff3f2744f69a6f5f84bdcdc647452e116e1faf967e5ff19955d0011c87"", ""share_of_parent"": 0.0154702166}, {""name"": ""Ekubo"", ""pool"": ""0x160f5d987caf56d8109427919172c1e45ef366ea1d7dcf105a3c5a5e794aea3"", ""share_of_parent"": 1.0}, {""name"": ""Ekubo"", ""pool"": ""0x3b8bb80f88207c0ed6a28b6f1152e97a8d8244b508497be52320ad1b63523d3"", ""share_of_parent"": 0.9845297834}, {""name"": ""JediSwapCL"", ""pool"": ""0x49fc62f40802cd49318c64ada0b0de13d3bbb30fec299bb387f1833546ede08"", ""share_of_parent"": 0.013020979}, {""name"": ""Ekubo"", ""pool"": ""0x3b8bb80f88207c0ed6a28b6f1152e97a8d8244b508497be52320ad1b63523d3"", ""share_of_parent"": 1.0}, {""name"": ""Nostra"", ""pool"": ""0x362ec0c49a9c8f2d322d0ba6a8ec1214b9e4f7e80a17d462ec2585362547d95"", ""share_of_parent"": 0.0025334665}, {""name"": ""Ekubo"", ""pool"": ""0x3b8bb80f88207c0ed6a28b6f1152e97a8d8244b508497be52320ad1b63523d3"", ""share_of_parent"": 1.0}, {""name"": ""JediSwap"", ""pool"": ""0x2732cb3acc597e77bf2e50f89434172b3ab827be26e4e120fd73d46d549bb5f"", ""share_of_parent"": 0.005088911300000136}, {""name"": ""Ekubo(Oracle)"", ""pool"": ""0x1ffb67abd2e7533c95f9460fcc8a97e7b18f5ccc8e63fbee3490f61d3d7c892"", ""share_of_parent"": 1.0}, {""name"": ""Ekubo(Oracle)"", ""pool"": ""0x11c6618b5abc3c0a95cbc7f33c9c52ae0598862a6b7a2f3d64e90e833d8b854"", ""share_of_parent"": 1.0}]",quote-DAI_CURRENT-sell-10000.json
DAI_CURRENT,0x5574eb6b8789a91466f902c380d978e472db68170ff82a5b650b95a58ddf4ad,False,sell,100000,95.90901443900438,4081832799,4081.832799,2026-09-18T10:05:44.126274+00:00,https://starknet.api.avnu.fi/swap/v3/quotes?sellTokenAddress=0x5574eb6b8789a91466f902c380d978e472db68170ff82a5b650b95a58ddf4ad&buyTokenAddress=0x033068f6539f8e6e6b131e6b2b814e6c34a5224bc66947c47dab9dfee93b35fb&sellAmount=0x152e43f20a0c6b316897&size=1,"[{""name"": ""Ekubo(Oracle)"", ""pool"": ""0x34587fa18416ed8c53f99e2aeb772077739066a92703943f91e1480fd5d3ea7"", ""share_of_parent"": 0.8162317682}, {""name"": ""Ekubo(Oracle)"", ""pool"": ""0x1ffb67abd2e7533c95f9460fcc8a97e7b18f5ccc8e63fbee3490f61d3d7c892"", ""share_of_parent"": 0.3473154092}, {""name"": ""Ekubo"", ""pool"": ""0x160f5d987caf56d8109427919172c1e45ef366ea1d7dcf105a3c5a5e794aea3"", ""share_of_parent"": 0.8981281599}, {""name"": ""0dAMM"", ""pool"": ""0x256462984b6063ffe3d674449892577ab3777ad0ac0b2109797800914dcf1c1"", ""share_of_parent"": 0.10187184010000001}, {""name"": ""Ekubo(Oracle)"", ""pool"": ""0xbc670cdb0ba806fd70697ca13b592c000e34fbfb92cc0a3a25eda97bb4f647"", ""share_of_parent"": 0.1056021483}, {""name"": ""0dAMM"", ""pool"": ""0xd7b9aeed671dfd92653c682fb4a06db88fed691c5c8c7c6e74c8ef5421159c"", ""share_of_parent"": 1.0}, {""name"": ""Ekubo(Oracle)"", ""pool"": ""0x73e881469d199cda961217110f4a67af4692eaeffd578e1896f7d73f9ed467d"", ""share_of_parent"": 0.0240893079}, {""name"": ""0dAMM"", ""pool"": ""0x1bfb102cbf19897dc230d4f6032f5d660454706d52944ff74ab237ee18723ec"", ""share_of_parent"": 1.0}, {""name"": ""Ekubo(Oracle)"", ""pool"": ""0x5ac3c9feb9de6c54ff23dfe3d17d244fd893f27448caeb26dd4f8461b3a61ea"", ""share_of_parent"": 0.0707511343}, {""name"": ""Ekubo"", ""pool"": ""0x7dfd50ffb20b9192a67fea997bb2ecc4a35346dd6bb82b37f274c004f53c0f1"", ""share_of_parent"": 1.0}, {""name"": ""Ekubo(Oracle)"", ""pool"": ""0x1c7aff32196862f6044c325be36dffbbdd04427e8a28f249a224de4543281c5"", ""share_of_parent"": 0.0562628247}, {""name"": ""Ekubo"", ""pool"": ""0x10e713b3b787247e9db52188d114b27165426f773e10d1acc5285ff776fa9c7"", ""share_of_parent"": 1.0}, {""name"": ""Ekubo"", ""pool"": ""0x5bdf5b1743f027ea1bd044fb012dc582f7af485ad02e4cd156f439218bad7b7"", ""share_of_parent"": 0.0338363781}, {""name"": ""0dAMM"", ""pool"": ""0xd7b9aeed671dfd92653c682fb4a06db88fed691c5c8c7c6e74c8ef5421159c"", ""share_of_parent"": 1.0}, {""name"": ""Ekubo(Twamm)"", ""pool"": ""0x7a2848b1c028d36baba6e65040e40523cad504ae08f272b8d400615f5e20141"", ""share_of_parent"": 0.0201318068}, {""name"": ""Ekubo"", ""pool"": ""0x10e713b3b787247e9db52188d114b27165426f773e10d1acc5285ff776fa9c7"", ""share_of_parent"": 1.0}, {""name"": ""Ekubo(Twamm)"", ""pool"": ""0x2cebb4eae0a02d38cd7866afc8fc09fd04aaf4df19f48219c73ed4592ee5f07"", ""share_of_parent"": 0.0180568286}, {""name"": ""Ekubo"", ""pool"": ""0x3b8bb80f88207c0ed6a28b6f1152e97a8d8244b508497be52320ad1b63523d3"", ""share_of_parent"": 1.0}, {""name"": ""Ekubo(Oracle)"", ""pool"": ""0x11c6618b5abc3c0a95cbc7f33c9c52ae0598862a6b7a2f3d64e90e833d8b854"", ""share_of_parent"": 0.3159165228}, {""name"": ""Ekubo"", ""pool"": ""0x4edf688b34e7a4e58f6e52dbc8f24847f2df6089f2d747980b85ad4be05bdc9"", ""share_of_parent"": 0.008037639300000161}, {""name"": ""JediSwapCL"", ""pool"": ""0x4400b1fe726e358219131351da53a01922c5d5cddd1c78680a87effe4923e80"", ""share_of_parent"": 0.165068931}, {""name"": ""Ekubo"", ""pool"": ""0x3b8bb80f88207c0ed6a28b6f1152e97a8d8244b508497be52320ad1b63523d3"", ""share_of_parent"": 1.0}, {""name"": ""JediSwapCL"", ""pool"": ""0x49fc62f40802cd49318c64ada0b0de13d3bbb30fec299bb387f1833546ede08"", ""share_of_parent"": 0.0019840159}, {""name"": ""Ekubo"", ""pool"": ""0x3b8bb80f88207c0ed6a28b6f1152e97a8d8244b508497be52320ad1b63523d3"", ""share_of_parent"": 1.0}, {""name"": ""Nostra"", ""pool"": ""0x362ec0c49a9c8f2d322d0ba6a8ec1214b9e4f7e80a17d462ec2585362547d95"", ""share_of_parent"": 0.0018981018}, {""name"": ""Ekubo"", ""pool"": ""0x3b8bb80f88207c0ed6a28b6f1152e97a8d8244b508497be52320ad1b63523d3"", ""share_of_parent"": 1.0}, {""name"": ""JediSwap"", ""pool"": ""0x2732cb3acc597e77bf2e50f89434172b3ab827be26e4e120fd73d46d549bb5f"", ""share_of_parent"": 0.0081818181}, {""name"": ""Ekubo(Oracle)"", ""pool"": ""0x1ffb67abd2e7533c95f9460fcc8a97e7b18f5ccc8e63fbee3490f61d3d7c892"", ""share_of_parent"": 1.0}, {""name"": ""Ekubo(Twamm)"", ""pool"": ""0xac07e0ceccf6dc4a8fb5c26932864c249f7c92cb73452cb3791a5a6dd4b48"", ""share_of_parent"": 1.0}, {""name"": ""JediSwapCL"", ""pool"": ""0x4ba0be4649b4a9a6fc8f69949d8b5497ecdb0cba0848195055dbf7f6da86711"", ""share_of_parent"": 0.0034105894}, {""name"": ""StarkDefi"", ""pool"": ""0x549bdff3f2744f69a6f5f84bdcdc647452e116e1faf967e5ff19955d0011c87"", ""share_of_parent"": 1.0}, {""name"": ""Ekubo"", ""pool"": ""0x160f5d987caf56d8109427919172c1e45ef366ea1d7dcf105a3c5a5e794aea3"", ""share_of_parent"": 1.0}, {""name"": ""Ekubo(Twamm)"", ""pool"": ""0x5c8b58eb94b7baf4aa58643ad85e9b7286fa1d45c9e2ad5a9b719d6f853d7fa"", ""share_of_parent"": 0.003224775600000033}, {""name"": ""Ekubo(Oracle)"", ""pool"": ""0x11c6618b5abc3c0a95cbc7f33c9c52ae0598862a6b7a2f3d64e90e833d8b854"", ""share_of_parent"": 1.0}]",quote-DAI_CURRENT-sell-100000.json
DOG,0x40e81cfeb176bfdbc5047bbc55eb471cfab20a6b221f38d8fda134e1bfffca4,True,buy,10,0.0,2972896774,,2026-09-18T09:59:23.580726+00:00,https://starknet.api.avnu.fi/swap/v3/quotes?sellTokenAddress=0x033068f6539f8e6e6b131e6b2b814e6c34a5224bc66947c47dab9dfee93b35fb&buyTokenAddress=0x40e81cfeb176bfdbc5047bbc55eb471cfab20a6b221f38d8fda134e1bfffca4&sellAmount=0x989680&size=1,"[{""name"": ""Ekubo"", ""pool"": ""0x3b8bb80f88207c0ed6a28b6f1152e97a8d8244b508497be52320ad1b63523d3"", ""share_of_parent"": 0.1988786643}, {""name"": ""Ekubo"", ""pool"": ""0xc25669ed8b70551736c7833dc0fde2d93d7829df3c0969aaadc642a36d4c98"", ""share_of_parent"": 0.890376699}, {""name"": ""10kSwap"", ""pool"": ""0x4ad445ffb6294d1394b3f6a5610642d37c702eaaa47346b680c6af2f102192e"", ""share_of_parent"": 1.0}, {""name"": ""Ekubo"", ""pool"": ""0x7810476aa5c96d86337a5e0aef1e9f1dd99f63c558b45712dd09f958e802c61"", ""share_of_parent"": 1.0}, {""name"": ""Nostra"", ""pool"": ""0x7f232e7857effe04f7351e9bb2f1ebc2589bacca3380ae84efcc22067c1436e"", ""share_of_parent"": 0.109623301}, {""name"": ""StarkDefi"", ""pool"": ""0x1a831fe84f5d6c7cfcb0c1c1aee640bfe827d050dd2f979ada973c8e7ddd7f"", ""share_of_parent"": 1.0}, {""name"": ""StarkDefi"", ""pool"": ""0x6802a7ea587e81772f972502bc4b0e8a1cacb537cd5b862a2a6e6bc1e5d7712"", ""share_of_parent"": 1.0}, {""name"": ""Ekubo"", ""pool"": ""0x7dfd50ffb20b9192a67fea997bb2ecc4a35346dd6bb82b37f274c004f53c0f1"", ""share_of_parent"": 0.8011213357}, {""name"": ""Ekubo"", ""pool"": ""0x2318a6517d95ea54b451a99142fd0a18d1dccf9edf08b9a6840c7157e0b7953"", ""share_of_parent"": 0.3398966593}, {""name"": ""StarkDefi"", ""pool"": ""0x1c381df6357df3693eff7a541a676a100375859ee1cfaf23e12586ad09dbd04"", ""share_of_parent"": 0.4208993249}, {""name"": ""Ekubo"", ""pool"": ""0x7810476aa5c96d86337a5e0aef1e9f1dd99f63c558b45712dd09f958e802c61"", ""share_of_parent"": 1.0}, {""name"": ""JediSwap"", ""pool"": ""0x5726725e9507c3586cc0516449e2c74d9b201ab2747752bb0251aaa263c9a26"", ""share_of_parent"": 0.5791006751}, {""name"": ""Ekubo"", ""pool"": ""0x7810476aa5c96d86337a5e0aef1e9f1dd99f63c558b45712dd09f958e802c61"", ""share_of_parent"": 1.0}, {""name"": ""Ekubo"", ""pool"": ""0x7fe6f9d2b9f69632211a116ff0749f1277bc214622fc1e772dd280b24dc8473"", ""share_of_parent"": 0.6601033407}, {""name"": ""10kSwap"", ""pool"": ""0x4ad445ffb6294d1394b3f6a5610642d37c702eaaa47346b680c6af2f102192e"", ""share_of_parent"": 1.0}, {""name"": ""Ekubo"", ""pool"": ""0x7810476aa5c96d86337a5e0aef1e9f1dd99f63c558b45712dd09f958e802c61"", ""share_of_parent"": 1.0}]",quote-DOG-buy-10.json
DOG,0x40e81cfeb176bfdbc5047bbc55eb471cfab20a6b221f38d8fda134e1bfffca4,True,buy,100,77.09006376687601,6810887552,,2026-09-18T09:59:24.737888+00:00,https://starknet.api.avnu.fi/swap/v3/quotes?sellTokenAddress=0x033068f6539f8e6e6b131e6b2b814e6c34a5224bc66947c47dab9dfee93b35fb&buyTokenAddress=0x40e81cfeb176bfdbc5047bbc55eb471cfab20a6b221f38d8fda134e1bfffca4&sellAmount=0x5f5e100&size=1,"[{""name"": ""Ekubo"", ""pool"": ""0x160f5d987caf56d8109427919172c1e45ef366ea1d7dcf105a3c5a5e794aea3"", ""share_of_parent"": 0.4198030086}, {""name"": ""Ekubo(Oracle)"", ""pool"": ""0x1ffb67abd2e7533c95f9460fcc8a97e7b18f5ccc8e63fbee3490f61d3d7c892"", ""share_of_parent"": 1.0}, {""name"": ""Ekubo(Oracle)"", ""pool"": ""0x539c4ef89febb68d54ed5bb0d13ff67c6b6d0f72eb2a7d70b28e974b941c542"", ""share_of_parent"": 1.0}, {""name"": ""Ekubo"", ""pool"": ""0x5dfce41b432a59570b82182d3f9f37abf7aee04a3faebc96ac367c4cb12d313"", ""share_of_parent"": 0.5134919353}, {""name"": ""Ekubo"", ""pool"": ""0x7810476aa5c96d86337a5e0aef1e9f1dd99f63c558b45712dd09f958e802c61"", ""share_of_parent"": 1.0}, {""name"": ""Ekubo(Oracle)"", ""pool"": ""0x11c6618b5abc3c0a95cbc7f33c9c52ae0598862a6b7a2f3d64e90e833d8b854"", ""share_of_parent"": 0.06670505610000002}, {""name"": ""Ekubo(Oracle)"", ""pool"": ""0x539c4ef89febb68d54ed5bb0d13ff67c6b6d0f72eb2a7d70b28e974b941c542"", ""share_of_parent"": 1.0}]",quote-DOG-buy-100.json
DOG,0x40e81cfeb176bfdbc5047bbc55eb471cfab20a6b221f38d8fda134e1bfffca4,True,buy,1000,97.54925347905807,7285816426,,2026-09-18T09:59:26.113357+00:00,https://starknet.api.avnu.fi/swap/v3/quotes?sellTokenAddress=0x033068f6539f8e6e6b131e6b2b814e6c34a5224bc66947c47dab9dfee93b35fb&buyTokenAddress=0x40e81cfeb176bfdbc5047bbc55eb471cfab20a6b221f38d8fda134e1bfffca4&sellAmount=0x3b9aca00&size=1,"[{""name"": ""Ekubo"", ""pool"": ""0x59592b427f28fea4683279a034e443c03125e1159ab0b14cc29a04ecf57a443"", ""share_of_parent"": 0.061692579}, {""name"": ""Ekubo"", ""pool"": ""0x144aeb3f417951bba73dd04b237f72d611d1b2e124fdf590528f57c704990ff"", ""share_of_parent"": 0.623352118}, {""name"": ""Ekubo(Oracle)"", ""pool"": ""0x73e881469d199cda961217110f4a67af4692eaeffd578e1896f7d73f9ed467d"", ""share_of_parent"": 1.0}, {""name"": ""Ekubo(Oracle)"", ""pool"": ""0x539c4ef89febb68d54ed5bb0d13ff67c6b6d0f72eb2a7d70b28e974b941c542"", ""share_of_parent"": 1.0}, {""name"": ""Ekubo"", ""pool"": ""0x4ffe087d21be7dc329d29721d169f5f6522a6fce624e8ac3aed285c3fb42f50"", ""share_of_parent"": 0.376647882}, {""name"": ""Ekubo(Oracle)"", ""pool"": ""0xbc670cdb0ba806fd70697ca13b592c000e34fbfb92cc0a3a25eda97bb4f647"", ""share_of_parent"": 1.0}, {""name"": ""Ekubo(Oracle)"", ""pool"": ""0x539c4ef89febb68d54ed5bb0d13ff67c6b6d0f72eb2a7d70b28e974b941c542"", ""share_of_parent"": 1.0}, {""name"": ""Ekubo"", ""pool"": ""0x160f5d987caf56d8109427919172c1e45ef366ea1d7dcf105a3c5a5e794aea3"", ""share_of_parent"": 0.0598115243}, {""name"": ""Ekubo"", ""pool"": ""0x73ca5520717ab0f580bd794b4c4cde8bb8a2ecd17c77c62af01082c2c9f668e"", ""share_of_parent"": 1.0}, {""name"": ""Ekubo"", ""pool"": ""0x5c4aaf6545eabbda7ae65463909985e663dc947630186e51456c2eb60c60209"", ""share_of_parent"": 1.0}, {""name"": ""Ekubo"", ""pool"": ""0x7810476aa5c96d86337a5e0aef1e9f1dd99f63c558b45712dd09f958e802c61"", ""share_of_parent"": 1.0}, {""name"": ""Ekubo"", ""pool"": ""0x5dfce41b432a59570b82182d3f9f37abf7aee04a3faebc96ac367c4cb12d313"", ""share_of_parent"": 0.0378926121}, {""name"": ""Ekubo(Twamm)"", ""pool"": ""0x1da9bf3c9db44d034b2cf5f981785a978dd198341c965e662d25a607ac18a04"", ""share_of_parent"": 1.0}, {""name"": ""Ekubo"", ""pool"": ""0x3b8bb80f88207c0ed6a28b6f1152e97a8d8244b508497be52320ad1b63523d3"", ""share_of_parent"": 0.5566883826}, {""name"": ""Ekubo"", ""pool"": ""0xc25669ed8b70551736c7833dc0fde2d93d7829df3c0969aaadc642a36d4c98"", ""share_of_parent"": 0.2009212078}, {""name"": ""Ekubo(Oracle)"", ""pool"": ""0x1ffb67abd2e7533c95f9460fcc8a97e7b18f5ccc8e63fbee3490f61d3d7c892"", ""share_of_parent"": 1.0}, {""name"": ""Ekubo(Oracle)"", ""pool"": ""0x539c4ef89febb68d54ed5bb0d13ff67c6b6d0f72eb2a7d70b28e974b941c542"", ""share_of_parent"": 1.0}, {""name"": ""Nostra"", ""pool"": ""0x7f232e7857effe04f7351e9bb2f1ebc2589bacca3380ae84efcc22067c1436e"", ""share_of_parent"": 0.653766663}, {""name"": ""StarkDefi"", ""pool"": ""0x1a831fe84f5d6c7cfcb0c1c1aee640bfe827d050dd2f979ada973c8e7ddd7f"", ""share_of_parent"": 1.0}, {""name"": ""StarkDefi"", ""pool"": ""0x6802a7ea587e81772f972502bc4b0e8a1cacb537cd5b862a2a6e6bc1e5d7712"", ""share_of_parent"": 1.0}, {""name"": ""JediSwap"", ""pool"": ""0x5801bdad32f343035fb242e98d1e9371ae85bc1543962fedea16c59b35bd19b"", ""share_of_parent"": 0.0379406737}, {""name"": ""Ekubo(Oracle)"", ""pool"": ""0x5ac3c9feb9de6c54ff23dfe3d17d244fd893f27448caeb26dd4f8461b3a61ea"", ""share_of_parent"": 1.0}, {""name"": ""Ekubo(Oracle)"", ""pool"": ""0x539c4ef89febb68d54ed5bb0d13ff67c6b6d0f72eb2a7d70b28e974b941c542"", ""share_of_parent"": 1.0}, {""name"": ""Ekubo"", ""pool"": ""0x5b208d64486283d368f2f0704fa392e3bda45aa4f23779a6f85d0c120f11e74"", ""share_of_parent"": 0.10737145550000002}, {""name"": ""Ekubo"", ""pool"": ""0x2e65ce680bf9243a7d3b0c40200c015f66be7602bfe8e24a0b4bbd2f4b0997"", ""share_of_parent"": 0.0468981922}, {""name"": ""Ekubo"", ""pool"": ""0x70c7729dcb5b2eab110331619cdc5c7ab894ff0b604b2dd3204df40517202a5"", ""share_of_parent"": 1.0}, {""name"": ""Ekubo"", ""pool"": ""0x7810476aa5c96d86337a5e0aef1e9f1dd99f63c558b45712dd09f958e802c61"", ""share_of_parent"": 1.0}, {""name"": ""Ekubo"", ""pool"": ""0x32f750a914009704e36578c3010b99c5adc36484250083c51c8de610e0c1002"", ""share_of_parent"": 0.0051089593}, {""name"": ""Ekubo(Oracle)"", ""pool"": ""0x39983aaebc365f9c2de9baa1f98946036700a1b5253166096740f68a432ed51"", ""share_of_parent"": 1.0}, {""name"": ""Ekubo"", ""pool"": ""0x791cf408712d929b31ec5820949a9204f4a801a51cbb9e517a4b778d08268a8"", ""share_of_parent"": 1.0}, {""name"": ""Ekubo"", ""pool"": ""0x7fab3fe53e4c812a61e2f71c7597c777516433cb1ee7dc61863d5299412bc06"", ""share_of_parent"": 1.0}, {""name"": ""Ekubo"", ""pool"": ""0x7dfd50ffb20b9192a67fea997bb2ecc4a35346dd6bb82b37f274c004f53c0f1"", ""share_of_parent"": 0.033972751}, {""name"": ""Ekubo"", ""pool"": ""0x7fe6f9d2b9f69632211a116ff0749f1277bc214622fc1e772dd280b24dc8473"", ""share_of_parent"": 1.0}, {""name"": ""Ekubo(Oracle)"", ""pool"": ""0x1ffb67abd2e7533c95f9460fcc8a97e7b18f5ccc8e63fbee3490f61d3d7c892"", ""share_of_parent"": 1.0}, {""name"": ""Ekubo(Oracle)"", ""pool"": ""0x539c4ef89febb68d54ed5bb0d13ff67c6b6d0f72eb2a7d70b28e974b941c542"", ""share_of_parent"": 1.0}, {""name"": ""Ekubo(Oracle)"", ""pool"": ""0x11c6618b5abc3c0a95cbc7f33c9c52ae0598862a6b7a2f3d64e90e833d8b854"", ""share_of_parent"": 0.19793499950000004}, {""name"": ""Ekubo(Oracle)"", ""pool"": ""0x73e881469d199cda961217110f4a67af4692eaeffd578e1896f7d73f9ed467d"", ""share_of_parent"": 0.037646473}, {""name"": ""Ekubo"", ""pool"": ""0x710d606003d3a338357a0787272c29912ea39aecfc806f1503da9dd18d3cf0"", ""share_of_parent"": 1.0}, {""name"": ""Ekubo"", ""pool"": ""0x4a554eb1fdd863f26b8c4d08723dd6d5e4bc09fef9f38be1e9beeebfc283fa6"", ""share_of_parent"": 1.0}, {""name"": ""Ekubo(Oracle)"", ""pool"": ""0x776b7139d086fd1923ae44af105af160490f3c1c950cd31d650351c9afd7ec"", ""share_of_parent"": 0.5054280092}, {""name"": ""Ekubo"", ""pool"": ""0x5e0382c413599cfdcf7643c3f832209280b2d894d1d42d8ed44221ec1a1e746"", ""share_of_parent"": 1.0}, {""name"": ""Ekubo"", ""pool"": ""0x7fab3fe53e4c812a61e2f71c7597c777516433cb1ee7dc61863d5299412bc06"", ""share_of_parent"": 1.0}, {""name"": ""Ekubo(Oracle)"", ""pool"": ""0x34587fa18416ed8c53f99e2aeb772077739066a92703943f91e1480fd5d3ea7"", ""share_of_parent"": 0.4569255178}, {""name"": ""Ekubo(Twamm)"", ""pool"": ""0x50bbb1e5d082540696389cf5c0364cd48b6d60fc3bad2ee8c3e068cf3c6e992"", ""share_of_parent"": 1.0}, {""name"": ""Ekubo"", ""pool"": ""0x7fab3fe53e4c812a61e2f71c7597c777516433cb1ee7dc61863d5299412bc06"", ""share_of_parent"": 0.9938347576}, {""name"": ""Ekubo"", ""pool"": ""0x4a554eb1fdd863f26b8c4d08723dd6d5e4bc09fef9f38be1e9beeebfc283fa6"", ""share_of_parent"": 0.006165242400000008}]",quote-DOG-buy-1000.json
DOG,0x40e81cfeb176bfdbc5047bbc55eb471cfab20a6b221f38d8fda134e1bfffca4,True,buy,10000,99.77299551235612,6748609090,,2026-09-18T09:59:28.393140+00:00,https://starknet.api.avnu.fi/swap/v3/quotes?sellTokenAddress=0x033068f6539f8e6e6b131e6b2b814e6c34a5224bc66947c47dab9dfee93b35fb&buyTokenAddress=0x40e81cfeb176bfdbc5047bbc55eb471cfab20a6b221f38d8fda134e1bfffca4&sellAmount=0x2540be400&size=1,"[{""name"": ""Ekubo"", ""pool"": ""0x160f5d987caf56d8109427919172c1e45ef366ea1d7dcf105a3c5a5e794aea3"", ""share_of_parent"": 0.029965643}, {""name"": ""Ekubo(Oracle)"", ""pool"": ""0x1ffb67abd2e7533c95f9460fcc8a97e7b18f5ccc8e63fbee3490f61d3d7c892"", ""share_of_parent"": 1.0}, {""name"": ""Ekubo(Oracle)"", ""pool"": ""0x539c4ef89febb68d54ed5bb0d13ff67c6b6d0f72eb2a7d70b28e974b941c542"", ""share_of_parent"": 1.0}, {""name"": ""Ekubo"", ""pool"": ""0x5dfce41b432a59570b82182d3f9f37abf7aee04a3faebc96ac367c4cb12d313"", ""share_of_parent"": 0.0810783674}, {""name"": ""Ekubo(Twamm)"", ""pool"": ""0x1da9bf3c9db44d034b2cf5f981785a978dd198341c965e662d25a607ac18a04"", ""share_of_parent"": 1.0}, {""name"": ""Ekubo"", ""pool"": ""0x3b8bb80f88207c0ed6a28b6f1152e97a8d8244b508497be52320ad1b63523d3"", ""share_of_parent"": 0.014529516}, {""name"": ""Ekubo"", ""pool"": ""0x228d47429fdf29333b5ae9391de49a30c5162c6e0c6eeccc0ba20824564498f"", ""share_of_parent"": 1.0}, {""name"": ""Ekubo"", ""pool"": ""0x7810476aa5c96d86337a5e0aef1e9f1dd99f63c558b45712dd09f958e802c61"", ""share_of_parent"": 1.0}, {""name"": ""Ekubo"", ""pool"": ""0x2e65ce680bf9243a7d3b0c40200c015f66be7602bfe8e24a0b4bbd2f4b0997"", ""share_of_parent"": 0.2385839923}, {""name"": ""Ekubo(Oracle)"", ""pool"": ""0x73e881469d199cda961217110f4a67af4692eaeffd578e1896f7d73f9ed467d"", ""share_of_parent"": 0.2314327984}, {""name"": ""Ekubo(Oracle)"", ""pool"": ""0x539c4ef89febb68d54ed5bb0d13ff67c6b6d0f72eb2a7d70b28e974b941c542"", ""share_of_parent"": 1.0}, {""name"": ""StarkDefi"", ""pool"": ""0xda44c2d5c6b0aed395e8bc1aebf4a0ee42bf8fa579ce67642aeae6dbfd80aa"", ""share_of_parent"": 0.2517416727}, {""name"": ""Ekubo"", ""pool"": ""0x7fab3fe53e4c812a61e2f71c7597c777516433cb1ee7dc61863d5299412bc06"", ""share_of_parent"": 1.0}, {""name"": ""StarkDefi"", ""pool"": ""0x338c3024df7e501c40dc507494cf37e572a9b674986d058ab1c911d79dd41d1"", ""share_of_parent"": 0.5168255289}, {""name"": ""StarkDefi"", ""pool"": ""0x6802a7ea587e81772f972502bc4b0e8a1cacb537cd5b862a2a6e6bc1e5d7712"", ""share_of_parent"": 1.0}, {""name"": ""Ekubo"", ""pool"": ""0x7dfd50ffb20b9192a67fea997bb2ecc4a35346dd6bb82b37f274c004f53c0f1"", ""share_of_parent"": 0.0025674533}, {""name"": ""Ekubo(Oracle)"", ""pool"": ""0x5ac3c9feb9de6c54ff23dfe3d17d244fd893f27448caeb26dd4f8461b3a61ea"", ""share_of_parent"": 1.0}, {""name"": ""Ekubo(Oracle)"", ""pool"": ""0x539c4ef89febb68d54ed5bb0d13ff67c6b6d0f72eb2a7d70b28e974b941c542"", ""share_of_parent"": 1.0}, {""name"": ""Ekubo(Oracle)"", ""pool"": ""0x11c6618b5abc3c0a95cbc7f33c9c52ae0598862a6b7a2f3d64e90e833d8b854"", ""share_of_parent"": 0.1058042309}, {""name"": ""Ekubo(Oracle)"", ""pool"": ""0x539c4ef89febb68d54ed5bb0d13ff67c6b6d0f72eb2a7d70b28e974b941c542"", ""share_of_parent"": 1.0}, {""name"": ""0dAMM"", ""pool"": ""0x256462984b6063ffe3d674449892577ab3777ad0ac0b2109797800914dcf1c1"", ""share_of_parent"": 0.1551248568}, {""name"": ""Ekubo(Oracle)"", ""pool"": ""0x1ffb67abd2e7533c95f9460fcc8a97e7b18f5ccc8e63fbee3490f61d3d7c892"", ""share_of_parent"": 1.0}, {""name"": ""Ekubo(Oracle)"", ""pool"": ""0x539c4ef89febb68d54ed5bb0d13ff67c6b6d0f72eb2a7d70b28e974b941c542"", ""share_of_parent"": 1.0}, {""name"": ""Ekubo"", ""pool"": ""0x4edf688b34e7a4e58f6e52dbc8f24847f2df6089f2d747980b85ad4be05bdc9"", ""share_of_parent"": 0.0612413228}, {""name"": ""Ekubo(Oracle)"", ""pool"": ""0x539c4ef89febb68d54ed5bb0d13ff67c6b6d0f72eb2a7d70b28e974b941c542"", ""share_of_parent"": 1.0}, {""name"": ""Ekubo"", ""pool"": ""0x618f6819c4c3193ea18936f3202bf3cb4904c475a13e05767fde821ff70a05c"", ""share_of_parent"": 0.1052713788}, {""name"": ""Ekubo(Twamm)"", ""pool"": ""0x50bbb1e5d082540696389cf5c0364cd48b6d60fc3bad2ee8c3e068cf3c6e992"", ""share_of_parent"": 1.0}, {""name"": ""Ekubo"", ""pool"": ""0x7fab3fe53e4c812a61e2f71c7597c777516433cb1ee7dc61863d5299412bc06"", ""share_of_parent"": 1.0}, {""name"": ""Ekubo(Twamm)"", ""pool"": ""0x1dfa157d29c16e8230f5278e9d9ef9082776988041a5ece72049ee7e5645aab"", ""share_of_parent"": 0.2001975085}, {""name"": ""Ekubo(Twamm)"", ""pool"": ""0x1b9a5039abd8369e47fa57d10d5393290511b0faf33fc4bd7dbd8e77f8f2f9b"", ""share_of_parent"": 1.0}, {""name"": ""Ekubo"", ""pool"": ""0x7810476aa5c96d86337a5e0aef1e9f1dd99f63c558b45712dd09f958e802c61"", ""share_of_parent"": 1.0}, {""name"": ""Ekubo"", ""pool"": ""0x19483a997cbce4833d047eebb913ff2c7f46ac47002bdd48ff8615f6116938b"", ""share_of_parent"": 0.00563573020000005}, {""name"": ""Ekubo(Twamm)"", ""pool"": ""0x3b9be0760cfcd4b9ae69a312b398e4a30b86b99a4cfa079bb86fa2f6607183"", ""share_of_parent"": 1.0}, {""name"": ""Ekubo"", ""pool"": ""0x4a554eb1fdd863f26b8c4d08723dd6d5e4bc09fef9f38be1e9beeebfc283fa6"", ""share_of_parent"": 1.0}]",quote-DOG-buy-10000.json
DOG,0x40e81cfeb176bfdbc5047bbc55eb471cfab20a6b221f38d8fda134e1bfffca4,True,buy,100000,99.97749954018417,6689154440,,2026-09-18T09:59:31.210699+00:00,https://starknet.api.avnu.fi/swap/v3/quotes?sellTokenAddress=0x033068f6539f8e6e6b131e6b2b814e6c34a5224bc66947c47dab9dfee93b35fb&buyTokenAddress=0x40e81cfeb176bfdbc5047bbc55eb471cfab20a6b221f38d8fda134e1bfffca4&sellAmount=0x174876e800&size=1,"[{""name"": ""Ekubo"", ""pool"": ""0x160f5d987caf56d8109427919172c1e45ef366ea1d7dcf105a3c5a5e794aea3"", ""share_of_parent"": 0.0450303416}, {""name"": ""Ekubo(Oracle)"", ""pool"": ""0x1ffb67abd2e7533c95f9460fcc8a97e7b18f5ccc8e63fbee3490f61d3d7c892"", ""share_of_parent"": 1.0}, {""name"": ""Ekubo(Oracle)"", ""pool"": ""0x539c4ef89febb68d54ed5bb0d13ff67c6b6d0f72eb2a7d70b28e974b941c542"", ""share_of_parent"": 1.0}, {""name"": ""Ekubo"", ""pool"": ""0x5dfce41b432a59570b82182d3f9f37abf7aee04a3faebc96ac367c4cb12d313"", ""share_of_parent"": 0.0929959065}, {""name"": ""Ekubo"", ""pool"": ""0x5bdf5b1743f027ea1bd044fb012dc582f7af485ad02e4cd156f439218bad7b7"", ""share_of_parent"": 0.4039627611}, {""name"": ""Ekubo(Oracle)"", ""pool"": ""0x539c4ef89febb68d54ed5bb0d13ff67c6b6d0f72eb2a7d70b28e974b941c542"", ""share_of_parent"": 1.0}, {""name"": ""Ekubo(Twamm)"", ""pool"": ""0x1da9bf3c9db44d034b2cf5f981785a978dd198341c965e662d25a607ac18a04"", ""share_of_parent"": 0.5960372389}, {""name"": ""Ekubo"", ""pool"": ""0x2e65ce680bf9243a7d3b0c40200c015f66be7602bfe8e24a0b4bbd2f4b0997"", ""share_of_parent"": 0.2141416882}, {""name"": ""StarkDefi"", ""pool"": ""0xda44c2d5c6b0aed395e8bc1aebf4a0ee42bf8fa579ce67642aeae6dbfd80aa"", ""share_of_parent"": 0.1039472785}, {""name"": ""Ekubo"", ""pool"": ""0x7fab3fe53e4c812a61e2f71c7597c777516433cb1ee7dc61863d5299412bc06"", ""share_of_parent"": 1.0}, {""name"": ""StarkDefi"", ""pool"": ""0x338c3024df7e501c40dc507494cf37e572a9b674986d058ab1c911d79dd41d1"", ""share_of_parent"": 0.8960527215}, {""name"": ""StarkDefi"", ""pool"": ""0x6802a7ea587e81772f972502bc4b0e8a1cacb537cd5b862a2a6e6bc1e5d7712"", ""share_of_parent"": 1.0}, {""name"": ""Ekubo"", ""pool"": ""0x7dfd50ffb20b9192a67fea997bb2ecc4a35346dd6bb82b37f274c004f53c0f1"", ""share_of_parent"": 0.0243330086}, {""name"": ""Ekubo(Oracle)"", ""pool"": ""0x5ac3c9feb9de6c54ff23dfe3d17d244fd893f27448caeb26dd4f8461b3a61ea"", ""share_of_parent"": 1.0}, {""name"": ""Ekubo(Oracle)"", ""pool"": ""0x539c4ef89febb68d54ed5bb0d13ff67c6b6d0f72eb2a7d70b28e974b941c542"", ""share_of_parent"": 1.0}, {""name"": ""0dAMM"", ""pool"": ""0xd7b9aeed671dfd92653c682fb4a06db88fed691c5c8c7c6e74c8ef5421159c"", ""share_of_parent"": 0.0479715837}, {""name"": ""Ekubo(Oracle)"", ""pool"": ""0xbc670cdb0ba806fd70697ca13b592c000e34fbfb92cc0a3a25eda97bb4f647"", ""share_of_parent"": 1.0}, {""name"": ""Ekubo(Oracle)"", ""pool"": ""0x539c4ef89febb68d54ed5bb0d13ff67c6b6d0f72eb2a7d70b28e974b941c542"", ""share_of_parent"": 1.0}, {""name"": ""Ekubo(Twamm)"", ""pool"": ""0x23aa2c4606035cdef2baab9944dcecb2be7562cecf22cbc5ffcdb9869d45210"", ""share_of_parent"": 0.042023905}, {""name"": ""Ekubo(Twamm)"", ""pool"": ""0x117e310980fcd2ec33fae26935dff02d30b4f3355aa2c66df543d236dbc5aa9"", ""share_of_parent"": 1.0}, {""name"": ""Ekubo"", ""pool"": ""0x7810476aa5c96d86337a5e0aef1e9f1dd99f63c558b45712dd09f958e802c61"", ""share_of_parent"": 1.0}, {""name"": ""Ekubo(Oracle)"", ""pool"": ""0x11c6618b5abc3c0a95cbc7f33c9c52ae0598862a6b7a2f3d64e90e833d8b854"", ""share_of_parent"": 0.1256263843}, {""name"": ""Ekubo(Oracle)"", ""pool"": ""0x539c4ef89febb68d54ed5bb0d13ff67c6b6d0f72eb2a7d70b28e974b941c542"", ""share_of_parent"": 1.0}, {""name"": ""0dAMM"", ""pool"": ""0x256462984b6063ffe3d674449892577ab3777ad0ac0b2109797800914dcf1c1"", ""share_of_parent"": 0.0620938511}, {""name"": ""Ekubo(Oracle)"", ""pool"": ""0x1ffb67abd2e7533c95f9460fcc8a97e7b18f5ccc8e63fbee3490f61d3d7c892"", ""share_of_parent"": 1.0}, {""name"": ""Ekubo(Oracle)"", ""pool"": ""0x539c4ef89febb68d54ed5bb0d13ff67c6b6d0f72eb2a7d70b28e974b941c542"", ""share_of_parent"": 1.0}, {""name"": ""0dAMM"", ""pool"": ""0x1bfb102cbf19897dc230d4f6032f5d660454706d52944ff74ab237ee18723ec"", ""share_of_parent"": 0.0088424421}, {""name"": ""Ekubo(Oracle)"", ""pool"": ""0x73e881469d199cda961217110f4a67af4692eaeffd578e1896f7d73f9ed467d"", ""share_of_parent"": 0.4344920115}, {""name"": ""Ekubo(Oracle)"", ""pool"": ""0x539c4ef89febb68d54ed5bb0d13ff67c6b6d0f72eb2a7d70b28e974b941c542"", ""share_of_parent"": 1.0}, {""name"": ""StarkDefi"", ""pool"": ""0x338c3024df7e501c40dc507494cf37e572a9b674986d058ab1c911d79dd41d1"", ""share_of_parent"": 0.5655079885000001}, {""name"": ""StarkDefi"", ""pool"": ""0x6802a7ea587e81772f972502bc4b0e8a1cacb537cd5b862a2a6e6bc1e5d7712"", ""share_of_parent"": 1.0}, {""name"": ""Ekubo"", ""pool"": ""0x10e713b3b787247e9db52188d114b27165426f773e10d1acc5285ff776fa9c7"", ""share_of_parent"": 0.0299108733}, {""name"": ""Ekubo(Oracle)"", ""pool"": ""0x1c7aff32196862f6044c325be36dffbbdd04427e8a28f249a224de4543281c5"", ""share_of_parent"": 1.0}, {""name"": ""Ekubo(Oracle)"", ""pool"": ""0x539c4ef89febb68d54ed5bb0d13ff67c6b6d0f72eb2a7d70b28e974b941c542"", ""share_of_parent"": 1.0}, {""name"": ""Ekubo(Twamm)"", ""pool"": ""0xac07e0ceccf6dc4a8fb5c26932864c249f7c92cb73452cb3791a5a6dd4b48"", ""share_of_parent"": 2.80935e-05}, {""name"": ""Ekubo(Twamm)"", ""pool"": ""0x3b9be0760cfcd4b9ae69a312b398e4a30b86b99a4cfa079bb86fa2f6607183"", ""share_of_parent"": 1.0}, {""name"": ""Ekubo"", ""pool"": ""0x7fab3fe53e4c812a61e2f71c7597c777516433cb1ee7dc61863d5299412bc06"", ""share_of_parent"": 1.0}, {""name"": ""Ekubo"", ""pool"": ""0x4edf688b34e7a4e58f6e52dbc8f24847f2df6089f2d747980b85ad4be05bdc9"", ""share_of_parent"": 2.80935e-05}, {""name"": ""Ekubo(Twamm)"", ""pool"": ""0x3b9be0760cfcd4b9ae69a312b398e4a30b86b99a4cfa079bb86fa2f6607183"", ""share_of_parent"": 1.0}, {""name"": ""Ekubo"", ""pool"": ""0x7fab3fe53e4c812a61e2f71c7597c777516433cb1ee7dc61863d5299412bc06"", ""share_of_parent"": 1.0}, {""name"": ""Ekubo"", ""pool"": ""0x618f6819c4c3193ea18936f3202bf3cb4904c475a13e05767fde821ff70a05c"", ""share_of_parent"": 0.0781719572}, {""name"": ""Ekubo(Oracle)"", ""pool"": ""0x34587fa18416ed8c53f99e2aeb772077739066a92703943f91e1480fd5d3ea7"", ""share_of_parent"": 0.0003596722}, {""name"": ""Ekubo(Oracle)"", ""pool"": ""0x539c4ef89febb68d54ed5bb0d13ff67c6b6d0f72eb2a7d70b28e974b941c542"", ""share_of_parent"": 1.0}, {""name"": ""Ekubo(Twamm)"", ""pool"": ""0x50bbb1e5d082540696389cf5c0364cd48b6d60fc3bad2ee8c3e068cf3c6e992"", ""share_of_parent"": 0.9996403278}, {""name"": ""Ekubo"", ""pool"": ""0x7fab3fe53e4c812a61e2f71c7597c777516433cb1ee7dc61863d5299412bc06"", ""share_of_parent"": 1.0}, {""name"": ""Ekubo(Twamm)"", ""pool"": ""0x1dfa157d29c16e8230f5278e9d9ef9082776988041a5ece72049ee7e5645aab"", ""share_of_parent"": 0.22880187140000005}, {""name"": ""Ekubo"", ""pool"": ""0x59cdbb680d07ea5e46718e02325cb6b41dce4889ed1b523f6780f26c280ee83"", ""share_of_parent"": 1.0}, {""name"": ""Ekubo"", ""pool"": ""0x7810476aa5c96d86337a5e0aef1e9f1dd99f63c558b45712dd09f958e802c61"", ""share_of_parent"": 1.0}]",quote-DOG-buy-100000.json
DOG,0x40e81cfeb176bfdbc5047bbc55eb471cfab20a6b221f38d8fda134e1bfffca4,True,sell,10,0.0,3045805,3.045805,2026-09-18T10:05:38.206436+00:00,https://starknet.api.avnu.fi/swap/v3/quotes?sellTokenAddress=0x40e81cfeb176bfdbc5047bbc55eb471cfab20a6b221f38d8fda134e1bfffca4&buyTokenAddress=0x033068f6539f8e6e6b131e6b2b814e6c34a5224bc66947c47dab9dfee93b35fb&sellAmount=0x39de5bba&size=1,"[{""name"": ""Ekubo"", ""pool"": ""0x7810476aa5c96d86337a5e0aef1e9f1dd99f63c558b45712dd09f958e802c61"", ""share_of_parent"": 1.0}, {""name"": ""0dAMM"", ""pool"": ""0xd7b9aeed671dfd92653c682fb4a06db88fed691c5c8c7c6e74c8ef5421159c"", ""share_of_parent"": 1.0}]",quote-DOG-sell-10.json
DOG,0x40e81cfeb176bfdbc5047bbc55eb471cfab20a6b221f38d8fda134e1bfffca4,True,sell,100,7.53286897880856,28163685,28.163685,2026-09-18T10:05:38.755352+00:00,https://starknet.api.avnu.fi/swap/v3/quotes?sellTokenAddress=0x40e81cfeb176bfdbc5047bbc55eb471cfab20a6b221f38d8fda134e1bfffca4&buyTokenAddress=0x033068f6539f8e6e6b131e6b2b814e6c34a5224bc66947c47dab9dfee93b35fb&sellAmount=0x242af9548&size=1,"[{""name"": ""Ekubo"", ""pool"": ""0x7810476aa5c96d86337a5e0aef1e9f1dd99f63c558b45712dd09f958e802c61"", ""share_of_parent"": 1.0}, {""name"": ""0dAMM"", ""pool"": ""0xd7b9aeed671dfd92653c682fb4a06db88fed691c5c8c7c6e74c8ef5421159c"", ""share_of_parent"": 1.0}]",quote-DOG-sell-100.json
DOG,0x40e81cfeb176bfdbc5047bbc55eb471cfab20a6b221f38d8fda134e1bfffca4,True,sell,1000,56.2666250794125,133203332,133.203332,2026-09-18T10:05:39.418265+00:00,https://starknet.api.avnu.fi/swap/v3/quotes?sellTokenAddress=0x40e81cfeb176bfdbc5047bbc55eb471cfab20a6b221f38d8fda134e1bfffca4&buyTokenAddress=0x033068f6539f8e6e6b131e6b2b814e6c34a5224bc66947c47dab9dfee93b35fb&sellAmount=0x169adbd4d0&size=1,"[{""name"": ""Ekubo"", ""pool"": ""0x7810476aa5c96d86337a5e0aef1e9f1dd99f63c558b45712dd09f958e802c61"", ""share_of_parent"": 0.6769523467}, {""name"": ""0dAMM"", ""pool"": ""0xd7b9aeed671dfd92653c682fb4a06db88fed691c5c8c7c6e74c8ef5421159c"", ""share_of_parent"": 1.0}, {""name"": ""StarkDefi"", ""pool"": ""0x6802a7ea587e81772f972502bc4b0e8a1cacb537cd5b862a2a6e6bc1e5d7712"", ""share_of_parent"": 0.2228966944}, {""name"": ""StarkDefi"", ""pool"": ""0x201d3ea08de7c68c571edf53f655e5d3ffa50f412a15a7fd6355c4fd0d40791"", ""share_of_parent"": 0.9900379939}, {""name"": ""0dAMM"", ""pool"": ""0xd7b9aeed671dfd92653c682fb4a06db88fed691c5c8c7c6e74c8ef5421159c"", ""share_of_parent"": 1.0}, {""name"": ""StarkDefi"", ""pool"": ""0x4762eea561bbb4081575de37818a2219fe37318e0dbdde876444eaf14022686"", ""share_of_parent"": 0.009962006100000009}, {""name"": ""Ekubo"", ""pool"": ""0x3b8bb80f88207c0ed6a28b6f1152e97a8d8244b508497be52320ad1b63523d3"", ""share_of_parent"": 1.0}, {""name"": ""Ekubo(Oracle)"", ""pool"": ""0x539c4ef89febb68d54ed5bb0d13ff67c6b6d0f72eb2a7d70b28e974b941c542"", ""share_of_parent"": 0.0490044826}, {""name"": ""Ekubo(Twamm)"", ""pool"": ""0x7a2848b1c028d36baba6e65040e40523cad504ae08f272b8d400615f5e20141"", ""share_of_parent"": 1.0}, {""name"": ""Ekubo"", ""pool"": ""0x10e713b3b787247e9db52188d114b27165426f773e10d1acc5285ff776fa9c7"", ""share_of_parent"": 1.0}, {""name"": ""Ekubo(Twamm)"", ""pool"": ""0x1da9bf3c9db44d034b2cf5f981785a978dd198341c965e662d25a607ac18a04"", ""share_of_parent"": 0.0511464762999999}, {""name"": ""0dAMM"", ""pool"": ""0xd7b9aeed671dfd92653c682fb4a06db88fed691c5c8c7c6e74c8ef5421159c"", ""share_of_parent"": 1.0}]",quote-DOG-sell-1000.json
DOG,0x40e81cfeb176bfdbc5047bbc55eb471cfab20a6b221f38d8fda134e1bfffca4,True,sell,10000,99.93604396867167,1947976,1.947976,2026-09-18T10:05:39.845263+00:00,https://starknet.api.avnu.fi/swap/v3/quotes?sellTokenAddress=0x40e81cfeb176bfdbc5047bbc55eb471cfab20a6b221f38d8fda134e1bfffca4&buyTokenAddress=0x033068f6539f8e6e6b131e6b2b814e6c34a5224bc66947c47dab9dfee93b35fb&sellAmount=0xe20c965027&size=1,"[{""name"": ""StarkDefi"", ""pool"": ""0x6802a7ea587e81772f972502bc4b0e8a1cacb537cd5b862a2a6e6bc1e5d7712"", ""share_of_parent"": 1.0}, {""name"": ""StarkDefi"", ""pool"": ""0x201d3ea08de7c68c571edf53f655e5d3ffa50f412a15a7fd6355c4fd0d40791"", ""share_of_parent"": 1.0}, {""name"": ""0dAMM"", ""pool"": ""0xd7b9aeed671dfd92653c682fb4a06db88fed691c5c8c7c6e74c8ef5421159c"", ""share_of_parent"": 1.0}]",quote-DOG-sell-10000.json
DOG,0x40e81cfeb176bfdbc5047bbc55eb471cfab20a6b221f38d8fda134e1bfffca4,True,sell,100000,99.5624009481894,133284138,133.284138,2026-09-18T10:05:40.310433+00:00,https://starknet.api.avnu.fi/swap/v3/quotes?sellTokenAddress=0x40e81cfeb176bfdbc5047bbc55eb471cfab20a6b221f38d8fda134e1bfffca4&buyTokenAddress=0x033068f6539f8e6e6b131e6b2b814e6c34a5224bc66947c47dab9dfee93b35fb&sellAmount=0x8d47ddf218d&size=1,"[{""name"": ""Ekubo"", ""pool"": ""0x7810476aa5c96d86337a5e0aef1e9f1dd99f63c558b45712dd09f958e802c61"", ""share_of_parent"": 0.0067779676}, {""name"": ""0dAMM"", ""pool"": ""0xd7b9aeed671dfd92653c682fb4a06db88fed691c5c8c7c6e74c8ef5421159c"", ""share_of_parent"": 1.0}, {""name"": ""StarkDefi"", ""pool"": ""0x6802a7ea587e81772f972502bc4b0e8a1cacb537cd5b862a2a6e6bc1e5d7712"", ""share_of_parent"": 0.6795651869}, {""name"": ""JediSwap"", ""pool"": ""0x5caa1c9b7e01fa7282e847979eea4ce187de52ba328e20a7d81c494036f8b9d"", ""share_of_parent"": 0.9645810984}, {""name"": ""0dAMM"", ""pool"": ""0x256462984b6063ffe3d674449892577ab3777ad0ac0b2109797800914dcf1c1"", ""share_of_parent"": 1.0}, {""name"": ""StarkDefi"", ""pool"": ""0x201d3ea08de7c68c571edf53f655e5d3ffa50f412a15a7fd6355c4fd0d40791"", ""share_of_parent"": 0.0353194283}, {""name"": ""0dAMM"", ""pool"": ""0xd7b9aeed671dfd92653c682fb4a06db88fed691c5c8c7c6e74c8ef5421159c"", ""share_of_parent"": 1.0}, {""name"": ""StarkDefi"", ""pool"": ""0x18c906357d5dae6cc08439afa04e06a890d3bccd7c849bb2b55c5ff384efc19"", ""share_of_parent"": 7.19128e-05}, {""name"": ""Ekubo"", ""pool"": ""0xaddb3880840d34f496f2cf980ba8a3a5b3e4d6e74b623ab2f99d85db1c0b04"", ""share_of_parent"": 1.0}, {""name"": ""JediSwap"", ""pool"": ""0x33de3b448912e41f157ef9cf205847e9230bc9b836ef34fe5b0de160dab1cfb"", ""share_of_parent"": 2.756050000012757e-05}, {""name"": ""Ekubo"", ""pool"": ""0x3b8bb80f88207c0ed6a28b6f1152e97a8d8244b508497be52320ad1b63523d3"", ""share_of_parent"": 0.8714285714}, {""name"": ""Ekubo"", ""pool"": ""0x127aef33d4e17bbd3c0c05ed20ce2a02b1ee3aa0d89f1e01db9ae61d6e26758"", ""share_of_parent"": 0.1285714286}, {""name"": ""Ekubo(Oracle)"", ""pool"": ""0x539c4ef89febb68d54ed5bb0d13ff67c6b6d0f72eb2a7d70b28e974b941c542"", ""share_of_parent"": 0.2406238447}, {""name"": ""Ekubo(Oracle)"", ""pool"": ""0x1ffb67abd2e7533c95f9460fcc8a97e7b18f5ccc8e63fbee3490f61d3d7c892"", ""share_of_parent"": 0.9873055632}, {""name"": ""0dAMM"", ""pool"": ""0x256462984b6063ffe3d674449892577ab3777ad0ac0b2109797800914dcf1c1"", ""share_of_parent"": 1.0}, {""name"": ""Ekubo(Oracle)"", ""pool"": ""0xbc670cdb0ba806fd70697ca13b592c000e34fbfb92cc0a3a25eda97bb4f647"", ""share_of_parent"": 0.0126719384}, {""name"": ""0dAMM"", ""pool"": ""0xd7b9aeed671dfd92653c682fb4a06db88fed691c5c8c7c6e74c8ef5421159c"", ""share_of_parent"": 1.0}, {""name"": ""Ekubo(Twamm)"", ""pool"": ""0x7a2848b1c028d36baba6e65040e40523cad504ae08f272b8d400615f5e20141"", ""share_of_parent"": 1.2517e-06}, {""name"": ""Ekubo"", ""pool"": ""0x10e713b3b787247e9db52188d114b27165426f773e10d1acc5285ff776fa9c7"", ""share_of_parent"": 1.0}, {""name"": ""Ekubo(Twamm)"", ""pool"": ""0xac07e0ceccf6dc4a8fb5c26932864c249f7c92cb73452cb3791a5a6dd4b48"", ""share_of_parent"": 2.124670000001655e-05}, {""name"": ""Ekubo(Twamm)"", ""pool"": ""0x1da9bf3c9db44d034b2cf5f981785a978dd198341c965e662d25a607ac18a04"", ""share_of_parent"": 0.07303300080000001}, {""name"": ""0dAMM"", ""pool"": ""0xd7b9aeed671dfd92653c682fb4a06db88fed691c5c8c7c6e74c8ef5421159c"", ""share_of_parent"": 0.9980743976}, {""name"": ""Ekubo"", ""pool"": ""0x57295399ffcd20ba453de16f74e760e697eeebdc76dbf8f1cd96fa0de8561e6"", ""share_of_parent"": 0.0019256023999998974}]",quote-DOG-sell-100000.json
EKUBO,0x75afe6402ad5a5c20dd25e10ec3b3986acaa647b77e4ae24b0cbc9a54a27a87,False,buy,10,0.0,19062388194345955328,,2026-09-18T09:59:23.881812+00:00,https://starknet.api.avnu.fi/swap/v3/quotes?sellTokenAddress=0x033068f6539f8e6e6b131e6b2b814e6c34a5224bc66947c47dab9dfee93b35fb&buyTokenAddress=0x075afe6402ad5a5c20dd25e10ec3b3986acaa647b77e4ae24b0cbc9a54a27a87&sellAmount=0x989680&size=1,"[{""name"": ""Ekubo(Oracle)"", ""pool"": ""0x11c6618b5abc3c0a95cbc7f33c9c52ae0598862a6b7a2f3d64e90e833d8b854"", ""share_of_parent"": 1.0}]",quote-EKUBO-buy-10.json
EKUBO,0x75afe6402ad5a5c20dd25e10ec3b3986acaa647b77e4ae24b0cbc9a54a27a87,False,buy,100,0.22392269221911398,190197031814999179264,,2026-09-18T09:59:25.024979+00:00,https://starknet.api.avnu.fi/swap/v3/quotes?sellTokenAddress=0x033068f6539f8e6e6b131e6b2b814e6c34a5224bc66947c47dab9dfee93b35fb&buyTokenAddress=0x075afe6402ad5a5c20dd25e10ec3b3986acaa647b77e4ae24b0cbc9a54a27a87&sellAmount=0x5f5e100&size=1,"[{""name"": ""Ekubo"", ""pool"": ""0x5dfce41b432a59570b82182d3f9f37abf7aee04a3faebc96ac367c4cb12d313"", ""share_of_parent"": 0.1294987196}, {""name"": ""Ekubo(Oracle)"", ""pool"": ""0xbc670cdb0ba806fd70697ca13b592c000e34fbfb92cc0a3a25eda97bb4f647"", ""share_of_parent"": 1.0}, {""name"": ""Ekubo"", ""pool"": ""0x3b8bb80f88207c0ed6a28b6f1152e97a8d8244b508497be52320ad1b63523d3"", ""share_of_parent"": 0.0891252919}, {""name"": ""Ekubo"", ""pool"": ""0x2318a6517d95ea54b451a99142fd0a18d1dccf9edf08b9a6840c7157e0b7953"", ""share_of_parent"": 1.0}, {""name"": ""Ekubo(Oracle)"", ""pool"": ""0x5ac3c9feb9de6c54ff23dfe3d17d244fd893f27448caeb26dd4f8461b3a61ea"", ""share_of_parent"": 1.0}, {""name"": ""Ekubo"", ""pool"": ""0x2e65ce680bf9243a7d3b0c40200c015f66be7602bfe8e24a0b4bbd2f4b0997"", ""share_of_parent"": 0.0858307255}, {""name"": ""Ekubo(Oracle)"", ""pool"": ""0x73e881469d199cda961217110f4a67af4692eaeffd578e1896f7d73f9ed467d"", ""share_of_parent"": 1.0}, {""name"": ""Ekubo"", ""pool"": ""0x10e713b3b787247e9db52188d114b27165426f773e10d1acc5285ff776fa9c7"", ""share_of_parent"": 0.3291243899}, {""name"": ""Ekubo"", ""pool"": ""0x6a85e26af6dcb83839e8dd96411333928362322976b37fc1fc5f9201accee84"", ""share_of_parent"": 0.4998514925}, {""name"": ""Ekubo(Oracle)"", ""pool"": ""0x1ffb67abd2e7533c95f9460fcc8a97e7b18f5ccc8e63fbee3490f61d3d7c892"", ""share_of_parent"": 1.0}, {""name"": ""Ekubo(Oracle)"", ""pool"": ""0x1c7aff32196862f6044c325be36dffbbdd04427e8a28f249a224de4543281c5"", ""share_of_parent"": 0.5001485075000001}, {""name"": ""Ekubo"", ""pool"": ""0x618f6819c4c3193ea18936f3202bf3cb4904c475a13e05767fde821ff70a05c"", ""share_of_parent"": 0.0562480764}, {""name"": ""Ekubo(Oracle)"", ""pool"": ""0x34587fa18416ed8c53f99e2aeb772077739066a92703943f91e1480fd5d3ea7"", ""share_of_parent"": 1.0}, {""name"": ""Ekubo(Oracle)"", ""pool"": ""0x11c6618b5abc3c0a95cbc7f33c9c52ae0598862a6b7a2f3d64e90e833d8b854"", ""share_of_parent"": 0.31017279670000003}]",quote-EKUBO-buy-100.json
EKUBO,0x75afe6402ad5a5c20dd25e10ec3b3986acaa647b77e4ae24b0cbc9a54a27a87,False,buy,1000,2.047841057949562,1867202078227640877056,,2026-09-18T09:59:26.658917+00:00,https://starknet.api.avnu.fi/swap/v3/quotes?sellTokenAddress=0x033068f6539f8e6e6b131e6b2b814e6c34a5224bc66947c47dab9dfee93b35fb&buyTokenAddress=0x075afe6402ad5a5c20dd25e10ec3b3986acaa647b77e4ae24b0cbc9a54a27a87&sellAmount=0x3b9aca00&size=1,"[{""name"": ""Ekubo"", ""pool"": ""0x59592b427f28fea4683279a034e443c03125e1159ab0b14cc29a04ecf57a443"", ""share_of_parent"": 0.0076603396}, {""name"": ""Ekubo"", ""pool"": ""0x4ffe087d21be7dc329d29721d169f5f6522a6fce624e8ac3aed285c3fb42f50"", ""share_of_parent"": 1.0}, {""name"": ""Ekubo(Oracle)"", ""pool"": ""0xbc670cdb0ba806fd70697ca13b592c000e34fbfb92cc0a3a25eda97bb4f647"", ""share_of_parent"": 1.0}, {""name"": ""Ekubo"", ""pool"": ""0x160f5d987caf56d8109427919172c1e45ef366ea1d7dcf105a3c5a5e794aea3"", ""share_of_parent"": 0.120055944}, {""name"": ""Ekubo"", ""pool"": ""0x334a8325867eb4e77bd66deef0d6872731f5ebeb06b40e570afe3ca9689bb00"", ""share_of_parent"": 0.1853474096}, {""name"": ""Ekubo(Oracle)"", ""pool"": ""0x7ada0c8c19bef011a40d9ddd5fb5ff7dad5a00c639e8df30f1ec119090b341b"", ""share_of_parent"": 1.0}, {""name"": ""Ekubo"", ""pool"": ""0x73ca5520717ab0f580bd794b4c4cde8bb8a2ecd17c77c62af01082c2c9f668e"", ""share_of_parent"": 0.2314620993}, {""name"": ""Ekubo(Oracle)"", ""pool"": ""0x776b7139d086fd1923ae44af105af160490f3c1c950cd31d650351c9afd7ec"", ""share_of_parent"": 1.0}, {""name"": ""Ekubo(Oracle)"", ""pool"": ""0x1ffb67abd2e7533c95f9460fcc8a97e7b18f5ccc8e63fbee3490f61d3d7c892"", ""share_of_parent"": 0.5060881264}, {""name"": ""Ekubo"", ""pool"": ""0x523122ce3695b55ae646324f25f333309af499ae0479d62a4c1595dab9de72d"", ""share_of_parent"": 0.07710236470000002}, {""name"": ""Ekubo"", ""pool"": ""0x5dfce41b432a59570b82182d3f9f37abf7aee04a3faebc96ac367c4cb12d313"", ""share_of_parent"": 0.0782817182}, {""name"": ""Ekubo(Oracle)"", ""pool"": ""0xbc670cdb0ba806fd70697ca13b592c000e34fbfb92cc0a3a25eda97bb4f647"", ""share_of_parent"": 0.6997764218}, {""name"": ""Ekubo"", ""pool"": ""0x5bdf5b1743f027ea1bd044fb012dc582f7af485ad02e4cd156f439218bad7b7"", ""share_of_parent"": 0.3002235782}, {""name"": ""Ekubo"", ""pool"": ""0x3b8bb80f88207c0ed6a28b6f1152e97a8d8244b508497be52320ad1b63523d3"", ""share_of_parent"": 0.2074225774}, {""name"": ""Ekubo"", ""pool"": ""0xc25669ed8b70551736c7833dc0fde2d93d7829df3c0969aaadc642a36d4c98"", ""share_of_parent"": 0.682049886}, {""name"": ""Ekubo(Oracle)"", ""pool"": ""0x1ffb67abd2e7533c95f9460fcc8a97e7b18f5ccc8e63fbee3490f61d3d7c892"", ""share_of_parent"": 1.0}, {""name"": ""Ekubo"", ""pool"": ""0x2318a6517d95ea54b451a99142fd0a18d1dccf9edf08b9a6840c7157e0b7953"", ""share_of_parent"": 0.2683715585}, {""name"": ""Ekubo(Oracle)"", ""pool"": ""0x5ac3c9feb9de6c54ff23dfe3d17d244fd893f27448caeb26dd4f8461b3a61ea"", ""share_of_parent"": 1.0}, {""name"": ""Ekubo(Twamm)"", ""pool"": ""0x2cebb4eae0a02d38cd7866afc8fc09fd04aaf4df19f48219c73ed4592ee5f07"", ""share_of_parent"": 0.0495785554999999}, {""name"": ""Ekubo"", ""pool"": ""0x2e65ce680bf9243a7d3b0c40200c015f66be7602bfe8e24a0b4bbd2f4b0997"", ""share_of_parent"": 0.0796303696}, {""name"": ""Ekubo"", ""pool"": ""0x70c7729dcb5b2eab110331619cdc5c7ab894ff0b604b2dd3204df40517202a5"", ""share_of_parent"": 0.2140576335}, {""name"": ""Ekubo(Oracle)"", ""pool"": ""0xbc670cdb0ba806fd70697ca13b592c000e34fbfb92cc0a3a25eda97bb4f647"", ""share_of_parent"": 1.0}, {""name"": ""Ekubo(Oracle)"", ""pool"": ""0x73e881469d199cda961217110f4a67af4692eaeffd578e1896f7d73f9ed467d"", ""share_of_parent"": 0.7859423665}, {""name"": ""Ekubo"", ""pool"": ""0x7dfd50ffb20b9192a67fea997bb2ecc4a35346dd6bb82b37f274c004f53c0f1"", ""share_of_parent"": 0.014073926}, {""name"": ""Ekubo"", ""pool"": ""0x7fe6f9d2b9f69632211a116ff0749f1277bc214622fc1e772dd280b24dc8473"", ""share_of_parent"": 1.0}, {""name"": ""Ekubo(Oracle)"", ""pool"": ""0x1ffb67abd2e7533c95f9460fcc8a97e7b18f5ccc8e63fbee3490f61d3d7c892"", ""share_of_parent"": 1.0}, {""name"": ""0dAMM"", ""pool"": ""0x256462984b6063ffe3d674449892577ab3777ad0ac0b2109797800914dcf1c1"", ""share_of_parent"": 0.0522357642}, {""name"": ""Ekubo"", ""pool"": ""0x334a8325867eb4e77bd66deef0d6872731f5ebeb06b40e570afe3ca9689bb00"", ""share_of_parent"": 0.2548984983}, {""name"": ""Ekubo(Oracle)"", ""pool"": ""0x7ada0c8c19bef011a40d9ddd5fb5ff7dad5a00c639e8df30f1ec119090b341b"", ""share_of_parent"": 1.0}, {""name"": ""Ekubo(Oracle)"", ""pool"": ""0x1ffb67abd2e7533c95f9460fcc8a97e7b18f5ccc8e63fbee3490f61d3d7c892"", ""share_of_parent"": 0.7451015017}, {""name"": ""Ekubo"", ""pool"": ""0x10e713b3b787247e9db52188d114b27165426f773e10d1acc5285ff776fa9c7"", ""share_of_parent"": 0.0699960039}, {""name"": ""Ekubo"", ""pool"": ""0x6a85e26af6dcb83839e8dd96411333928362322976b37fc1fc5f9201accee84"", ""share_of_parent"": 0.1554851957}, {""name"": ""Ekubo(Oracle)"", ""pool"": ""0x1ffb67abd2e7533c95f9460fcc8a97e7b18f5ccc8e63fbee3490f61d3d7c892"", ""share_of_parent"": 1.0}, {""name"": ""Ekubo(Oracle)"", ""pool"": ""0x1c7aff32196862f6044c325be36dffbbdd04427e8a28f249a224de4543281c5"", ""share_of_parent"": 0.7002823974}, {""name"": ""Ekubo(Twamm)"", ""pool"": ""0x7a2848b1c028d36baba6e65040e40523cad504ae08f272b8d400615f5e20141"", ""share_of_parent"": 0.1442324069}, {""name"": ""Ekubo"", ""pool"": ""0x618f6819c4c3193ea18936f3202bf3cb4904c475a13e05767fde821ff70a05c"", ""share_of_parent"": 0.0484535464}, {""name"": ""Ekubo(Oracle)"", ""pool"": ""0x34587fa18416ed8c53f99e2aeb772077739066a92703943f91e1480fd5d3ea7"", ""share_of_parent"": 1.0}, {""name"": ""Ekubo(Oracle)"", ""pool"": ""0x11c6618b5abc3c0a95cbc7f33c9c52ae0598862a6b7a2f3d64e90e833d8b854"", ""share_of_parent"": 0.2576043956}, {""name"": ""Ekubo(Twamm)"", ""pool"": ""0xac07e0ceccf6dc4a8fb5c26932864c249f7c92cb73452cb3791a5a6dd4b48"", ""share_of_parent"": 0.0107332667}, {""name"": ""Ekubo"", ""pool"": ""0x4edf688b34e7a4e58f6e52dbc8f24847f2df6089f2d747980b85ad4be05bdc9"", ""share_of_parent"": 0.05385214840000005}]",quote-EKUBO-buy-1000.json
EKUBO,0x75afe6402ad5a5c20dd25e10ec3b3986acaa647b77e4ae24b0cbc9a54a27a87,False,buy,10000,16.29290951286013,15956570534851035267072,,2026-09-18T09:59:28.831702+00:00,https://starknet.api.avnu.fi/swap/v3/quotes?sellTokenAddress=0x033068f6539f8e6e6b131e6b2b814e6c34a5224bc66947c47dab9dfee93b35fb&buyTokenAddress=0x075afe6402ad5a5c20dd25e10ec3b3986acaa647b77e4ae24b0cbc9a54a27a87&sellAmount=0x2540be400&size=1,"[{""name"": ""Ekubo"", ""pool"": ""0x59592b427f28fea4683279a034e443c03125e1159ab0b14cc29a04ecf57a443"", ""share_of_parent"": 0.0324555444}, {""name"": ""Ekubo"", ""pool"": ""0x144aeb3f417951bba73dd04b237f72d611d1b2e124fdf590528f57c704990ff"", ""share_of_parent"": 0.3188962256}, {""name"": ""Ekubo(Oracle)"", ""pool"": ""0x73e881469d199cda961217110f4a67af4692eaeffd578e1896f7d73f9ed467d"", ""share_of_parent"": 1.0}, {""name"": ""Ekubo"", ""pool"": ""0x55b5f9772697ad743ec6729541afa517c349097d1cced3abf77fa2e7307d8b9"", ""share_of_parent"": 0.1637534875}, {""name"": ""Ekubo(Oracle)"", ""pool"": ""0x1ffb67abd2e7533c95f9460fcc8a97e7b18f5ccc8e63fbee3490f61d3d7c892"", ""share_of_parent"": 1.0}, {""name"": ""Ekubo"", ""pool"": ""0x4ffe087d21be7dc329d29721d169f5f6522a6fce624e8ac3aed285c3fb42f50"", ""share_of_parent"": 0.5173502869}, {""name"": ""Ekubo(Oracle)"", ""pool"": ""0xbc670cdb0ba806fd70697ca13b592c000e34fbfb92cc0a3a25eda97bb4f647"", ""share_of_parent"": 1.0}, {""name"": ""Ekubo"", ""pool"": ""0x160f5d987caf56d8109427919172c1e45ef366ea1d7dcf105a3c5a5e794aea3"", ""share_of_parent"": 0.1825654345}, {""name"": ""Ekubo"", ""pool"": ""0x334a8325867eb4e77bd66deef0d6872731f5ebeb06b40e570afe3ca9689bb00"", ""share_of_parent"": 0.0967898613}, {""name"": ""Ekubo(Oracle)"", ""pool"": ""0x7ada0c8c19bef011a40d9ddd5fb5ff7dad5a00c639e8df30f1ec119090b341b"", ""share_of_parent"": 1.0}, {""name"": ""Ekubo"", ""pool"": ""0x73ca5520717ab0f580bd794b4c4cde8bb8a2ecd17c77c62af01082c2c9f668e"", ""share_of_parent"": 0.0981532118}, {""name"": ""Ekubo(Oracle)"", ""pool"": ""0x776b7139d086fd1923ae44af105af160490f3c1c950cd31d650351c9afd7ec"", ""share_of_parent"": 1.0}, {""name"": ""Ekubo(Oracle)"", ""pool"": ""0x1ffb67abd2e7533c95f9460fcc8a97e7b18f5ccc8e63fbee3490f61d3d7c892"", ""share_of_parent"": 0.6781021429}, {""name"": ""Ekubo"", ""pool"": ""0x523122ce3695b55ae646324f25f333309af499ae0479d62a4c1595dab9de72d"", ""share_of_parent"": 0.1269547839999999}, {""name"": ""Ekubo"", ""pool"": ""0x5dfce41b432a59570b82182d3f9f37abf7aee04a3faebc96ac367c4cb12d313"", ""share_of_parent"": 0.0934425574}, {""name"": ""Ekubo(Oracle)"", ""pool"": ""0xbc670cdb0ba806fd70697ca13b592c000e34fbfb92cc0a3a25eda97bb4f647"", ""share_of_parent"": 0.5980139359}, {""name"": ""Ekubo"", ""pool"": ""0x5bdf5b1743f027ea1bd044fb012dc582f7af485ad02e4cd156f439218bad7b7"", ""share_of_parent"": 0.4019860641}, {""name"": ""Ekubo"", ""pool"": ""0x3b8bb80f88207c0ed6a28b6f1152e97a8d8244b508497be52320ad1b63523d3"", ""share_of_parent"": 0.1057682317}, {""name"": ""Ekubo"", ""pool"": ""0xc25669ed8b70551736c7833dc0fde2d93d7829df3c0969aaadc642a36d4c98"", ""share_of_parent"": 0.4133030853}, {""name"": ""Ekubo(Oracle)"", ""pool"": ""0x1ffb67abd2e7533c95f9460fcc8a97e7b18f5ccc8e63fbee3490f61d3d7c892"", ""share_of_parent"": 1.0}, {""name"": ""Ekubo"", ""pool"": ""0x2318a6517d95ea54b451a99142fd0a18d1dccf9edf08b9a6840c7157e0b7953"", ""share_of_parent"": 0.4783796723}, {""name"": ""Ekubo(Oracle)"", ""pool"": ""0x5ac3c9feb9de6c54ff23dfe3d17d244fd893f27448caeb26dd4f8461b3a61ea"", ""share_of_parent"": 1.0}, {""name"": ""Ekubo(Twamm)"", ""pool"": ""0x2cebb4eae0a02d38cd7866afc8fc09fd04aaf4df19f48219c73ed4592ee5f07"", ""share_of_parent"": 0.10831724240000001}, {""name"": ""Ekubo"", ""pool"": ""0x2e65ce680bf9243a7d3b0c40200c015f66be7602bfe8e24a0b4bbd2f4b0997"", ""share_of_parent"": 0.0486373626}, {""name"": ""Ekubo(Oracle)"", ""pool"": ""0x73e881469d199cda961217110f4a67af4692eaeffd578e1896f7d73f9ed467d"", ""share_of_parent"": 1.0}, {""name"": ""0dAMM"", ""pool"": ""0x256462984b6063ffe3d674449892577ab3777ad0ac0b2109797800914dcf1c1"", ""share_of_parent"": 0.1004015984}, {""name"": ""Ekubo"", ""pool"": ""0x334a8325867eb4e77bd66deef0d6872731f5ebeb06b40e570afe3ca9689bb00"", ""share_of_parent"": 0.1594939276}, {""name"": ""Ekubo(Oracle)"", ""pool"": ""0x7ada0c8c19bef011a40d9ddd5fb5ff7dad5a00c639e8df30f1ec119090b341b"", ""share_of_parent"": 1.0}, {""name"": ""Ekubo(Oracle)"", ""pool"": ""0x1ffb67abd2e7533c95f9460fcc8a97e7b18f5ccc8e63fbee3490f61d3d7c892"", ""share_of_parent"": 0.8405060724}, {""name"": ""Ekubo"", ""pool"": ""0x10e713b3b787247e9db52188d114b27165426f773e10d1acc5285ff776fa9c7"", ""share_of_parent"": 0.0565994005}, {""name"": ""Ekubo(Oracle)"", ""pool"": ""0x1c7aff32196862f6044c325be36dffbbdd04427e8a28f249a224de4543281c5"", ""share_of_parent"": 0.784416491}, {""name"": ""Ekubo(Twamm)"", ""pool"": ""0x7a2848b1c028d36baba6e65040e40523cad504ae08f272b8d400615f5e20141"", ""share_of_parent"": 0.215583509}, {""name"": ""Ekubo"", ""pool"": ""0x618f6819c4c3193ea18936f3202bf3cb4904c475a13e05767fde821ff70a05c"", ""share_of_parent"": 0.0498401598}, {""name"": ""Ekubo(Oracle)"", ""pool"": ""0x34587fa18416ed8c53f99e2aeb772077739066a92703943f91e1480fd5d3ea7"", ""share_of_parent"": 1.0}, {""name"": ""Ekubo(Oracle)"", ""pool"": ""0x11c6618b5abc3c0a95cbc7f33c9c52ae0598862a6b7a2f3d64e90e833d8b854"", ""share_of_parent"": 0.2487592407}, {""name"": ""Ekubo(Twamm)"", ""pool"": ""0xac07e0ceccf6dc4a8fb5c26932864c249f7c92cb73452cb3791a5a6dd4b48"", ""share_of_parent"": 0.0126933066}, {""name"": ""Ekubo"", ""pool"": ""0x4edf688b34e7a4e58f6e52dbc8f24847f2df6089f2d747980b85ad4be05bdc9"", ""share_of_parent"": 0.06883716340000005}]",quote-EKUBO-buy-10000.json
EKUBO,0x75afe6402ad5a5c20dd25e10ec3b3986acaa647b77e4ae24b0cbc9a54a27a87,False,buy,100000,66.10965916190521,64603083309445885722624,,2026-09-18T09:59:30.982777+00:00,https://starknet.api.avnu.fi/swap/v3/quotes?sellTokenAddress=0x033068f6539f8e6e6b131e6b2b814e6c34a5224bc66947c47dab9dfee93b35fb&buyTokenAddress=0x075afe6402ad5a5c20dd25e10ec3b3986acaa647b77e4ae24b0cbc9a54a27a87&sellAmount=0x174876e800&size=1,"[{""name"": ""Ekubo"", ""pool"": ""0x59592b427f28fea4683279a034e443c03125e1159ab0b14cc29a04ecf57a443"", ""share_of_parent"": 0.0716363636}, {""name"": ""Ekubo"", ""pool"": ""0x144aeb3f417951bba73dd04b237f72d611d1b2e124fdf590528f57c704990ff"", ""share_of_parent"": 0.0692000968}, {""name"": ""Ekubo(Oracle)"", ""pool"": ""0x73e881469d199cda961217110f4a67af4692eaeffd578e1896f7d73f9ed467d"", ""share_of_parent"": 1.0}, {""name"": ""Ekubo"", ""pool"": ""0x55b5f9772697ad743ec6729541afa517c349097d1cced3abf77fa2e7307d8b9"", ""share_of_parent"": 0.9307999032000001}, {""name"": ""Ekubo(Oracle)"", ""pool"": ""0x1ffb67abd2e7533c95f9460fcc8a97e7b18f5ccc8e63fbee3490f61d3d7c892"", ""share_of_parent"": 0.607947171}, {""name"": ""Ekubo(Twamm)"", ""pool"": ""0x345a689a037f7cc278007fd94fa160963cd0c1d821d795f0798d9fc94c9bb3a"", ""share_of_parent"": 0.0781611208}, {""name"": ""Ekubo"", ""pool"": ""0x523122ce3695b55ae646324f25f333309af499ae0479d62a4c1595dab9de72d"", ""share_of_parent"": 0.3138917082}, {""name"": ""Ekubo"", ""pool"": ""0x160f5d987caf56d8109427919172c1e45ef366ea1d7dcf105a3c5a5e794aea3"", ""share_of_parent"": 0.1444015984}, {""name"": ""Ekubo"", ""pool"": ""0x334a8325867eb4e77bd66deef0d6872731f5ebeb06b40e570afe3ca9689bb00"", ""share_of_parent"": 0.2302700451}, {""name"": ""Ekubo(Oracle)"", ""pool"": ""0x7ada0c8c19bef011a40d9ddd5fb5ff7dad5a00c639e8df30f1ec119090b341b"", ""share_of_parent"": 1.0}, {""name"": ""Ekubo"", ""pool"": ""0x73ca5520717ab0f580bd794b4c4cde8bb8a2ecd17c77c62af01082c2c9f668e"", ""share_of_parent"": 0.0448756367}, {""name"": ""Ekubo(Oracle)"", ""pool"": ""0x776b7139d086fd1923ae44af105af160490f3c1c950cd31d650351c9afd7ec"", ""share_of_parent"": 1.0}, {""name"": ""Ekubo(Oracle)"", ""pool"": ""0x1ffb67abd2e7533c95f9460fcc8a97e7b18f5ccc8e63fbee3490f61d3d7c892"", ""share_of_parent"": 0.4997069174}, {""name"": ""Ekubo"", ""pool"": ""0x523122ce3695b55ae646324f25f333309af499ae0479d62a4c1595dab9de72d"", ""share_of_parent"": 0.2251474008}, {""name"": ""Ekubo"", ""pool"": ""0x5dfce41b432a59570b82182d3f9f37abf7aee04a3faebc96ac367c4cb12d313"", ""share_of_parent"": 0.0759680319}, {""name"": ""Ekubo(Oracle)"", ""pool"": ""0xbc670cdb0ba806fd70697ca13b592c000e34fbfb92cc0a3a25eda97bb4f647"", ""share_of_parent"": 0.9407973385}, {""name"": ""Ekubo(Twamm)"", ""pool"": ""0x4cd644edaadb929be154781ab8322bb1de20cbbabb96c70dfe987563b322cc3"", ""share_of_parent"": 0.05920266150000001}, {""name"": ""Ekubo"", ""pool"": ""0x3b8bb80f88207c0ed6a28b6f1152e97a8d8244b508497be52320ad1b63523d3"", ""share_of_parent"": 0.0584995004}, {""name"": ""Ekubo"", ""pool"": ""0xc25669ed8b70551736c7833dc0fde2d93d7829df3c0969aaadc642a36d4c98"", ""share_of_parent"": 0.3431152803}, {""name"": ""Ekubo(Oracle)"", ""pool"": ""0x1ffb67abd2e7533c95f9460fcc8a97e7b18f5ccc8e63fbee3490f61d3d7c892"", ""share_of_parent"": 1.0}, {""name"": ""Ekubo"", ""pool"": ""0x2318a6517d95ea54b451a99142fd0a18d1dccf9edf08b9a6840c7157e0b7953"", ""share_of_parent"": 0.6568847197000001}, {""name"": ""Ekubo(Oracle)"", ""pool"": ""0x5ac3c9feb9de6c54ff23dfe3d17d244fd893f27448caeb26dd4f8461b3a61ea"", ""share_of_parent"": 1.0}, {""name"": ""Ekubo"", ""pool"": ""0x2e65ce680bf9243a7d3b0c40200c015f66be7602bfe8e24a0b4bbd2f4b0997"", ""share_of_parent"": 0.0192907092}, {""name"": ""Ekubo"", ""pool"": ""0x777df52c2a1966773817eacf5d36481fb77679fa915c78bf7dc6dd3db2c105"", ""share_of_parent"": 0.0437438987}, {""name"": ""Ekubo(Oracle)"", ""pool"": ""0x1ffb67abd2e7533c95f9460fcc8a97e7b18f5ccc8e63fbee3490f61d3d7c892"", ""share_of_parent"": 1.0}, {""name"": ""Ekubo(Oracle)"", ""pool"": ""0x73e881469d199cda961217110f4a67af4692eaeffd578e1896f7d73f9ed467d"", ""share_of_parent"": 0.9562561013}, {""name"": ""Ekubo"", ""pool"": ""0x7dfd50ffb20b9192a67fea997bb2ecc4a35346dd6bb82b37f274c004f53c0f1"", ""share_of_parent"": 0.0324715284}, {""name"": ""Ekubo"", ""pool"": ""0x2318a6517d95ea54b451a99142fd0a18d1dccf9edf08b9a6840c7157e0b7953"", ""share_of_parent"": 0.6473542493}, {""name"": ""Ekubo(Twamm)"", ""pool"": ""0x2cebb4eae0a02d38cd7866afc8fc09fd04aaf4df19f48219c73ed4592ee5f07"", ""share_of_parent"": 0.5458631347}, {""name"": ""Ekubo"", ""pool"": ""0x795a77ff27f7b719a232d40489b68f2378cee20cf4501bd0e9b9245b700004b"", ""share_of_parent"": 0.4541368653}, {""name"": ""JediSwap"", ""pool"": ""0x45e7131d776dddc137e30bdd490b431c7144677e97bf9369f629ed8d3fb7dd6"", ""share_of_parent"": 0.006029147}, {""name"": ""Ekubo(Oracle)"", ""pool"": ""0x1ffb67abd2e7533c95f9460fcc8a97e7b18f5ccc8e63fbee3490f61d3d7c892"", ""share_of_parent"": 1.0}, {""name"": ""Ekubo(Oracle)"", ""pool"": ""0x5ac3c9feb9de6c54ff23dfe3d17d244fd893f27448caeb26dd4f8461b3a61ea"", ""share_of_parent"": 0.3466166037}, {""name"": ""0dAMM"", ""pool"": ""0xd7b9aeed671dfd92653c682fb4a06db88fed691c5c8c7c6e74c8ef5421159c"", ""share_of_parent"": 0.047090909}, {""name"": ""Ekubo"", ""pool"": ""0x5bdf5b1743f027ea1bd044fb012dc582f7af485ad02e4cd156f439218bad7b7"", ""share_of_parent"": 1.0}, {""name"": ""0dAMM"", ""pool"": ""0x256462984b6063ffe3d674449892577ab3777ad0ac0b2109797800914dcf1c1"", ""share_of_parent"": 0.1206853146}, {""name"": ""Ekubo(Oracle)"", ""pool"": ""0x1ffb67abd2e7533c95f9460fcc8a97e7b18f5ccc8e63fbee3490f61d3d7c892"", ""share_of_parent"": 1.0}, {""name"": ""0dAMM"", ""pool"": ""0x1bfb102cbf19897dc230d4f6032f5d660454706d52944ff74ab237ee18723ec"", ""share_of_parent"": 0.0347812187}, {""name"": ""Ekubo(Oracle)"", ""pool"": ""0x73e881469d199cda961217110f4a67af4692eaeffd578e1896f7d73f9ed467d"", ""share_of_parent"": 1.0}, {""name"": ""Ekubo"", ""pool"": ""0x10e713b3b787247e9db52188d114b27165426f773e10d1acc5285ff776fa9c7"", ""share_of_parent"": 0.0559300699}, {""name"": ""Ekubo(Oracle)"", ""pool"": ""0x1c7aff32196862f6044c325be36dffbbdd04427e8a28f249a224de4543281c5"", ""share_of_parent"": 0.7796386372}, {""name"": ""Ekubo(Twamm)"", ""pool"": ""0x7a2848b1c028d36baba6e65040e40523cad504ae08f272b8d400615f5e20141"", ""share_of_parent"": 0.22036136280000002}, {""name"": ""Ekubo"", ""pool"": ""0x618f6819c4c3193ea18936f3202bf3cb4904c475a13e05767fde821ff70a05c"", ""share_of_parent"": 0.0496043956}, {""name"": ""Ekubo(Oracle)"", ""pool"": ""0x34587fa18416ed8c53f99e2aeb772077739066a92703943f91e1480fd5d3ea7"", ""share_of_parent"": 1.0}, {""name"": ""Ekubo(Oracle)"", ""pool"": ""0x11c6618b5abc3c0a95cbc7f33c9c52ae0598862a6b7a2f3d64e90e833d8b854"", ""share_of_parent"": 0.246001998}, {""name"": ""Ekubo(Twamm)"", ""pool"": ""0xac07e0ceccf6dc4a8fb5c26932864c249f7c92cb73452cb3791a5a6dd4b48"", ""share_of_parent"": 0.0127812187}, {""name"": ""Ekubo"", ""pool"": ""0x4edf688b34e7a4e58f6e52dbc8f24847f2df6089f2d747980b85ad4be05bdc9"", ""share_of_parent"": 0.0135564435}, {""name"": ""Ekubo"", ""pool"": ""0x19483a997cbce4833d047eebb913ff2c7f46ac47002bdd48ff8615f6116938b"", ""share_of_parent"": 0.017300700100000066}]",quote-EKUBO-buy-100000.json
EKUBO,0x75afe6402ad5a5c20dd25e10ec3b3986acaa647b77e4ae24b0cbc9a54a27a87,False,sell,10,0.0,9860985,9.860985,2026-09-18T10:05:27.538889+00:00,https://starknet.api.avnu.fi/swap/v3/quotes?sellTokenAddress=0x75afe6402ad5a5c20dd25e10ec3b3986acaa647b77e4ae24b0cbc9a54a27a87&buyTokenAddress=0x033068f6539f8e6e6b131e6b2b814e6c34a5224bc66947c47dab9dfee93b35fb&sellAmount=0x105dc40d75738598e&size=1,"[{""name"": ""Ekubo(Oracle)"", ""pool"": ""0x11c6618b5abc3c0a95cbc7f33c9c52ae0598862a6b7a2f3d64e90e833d8b854"", ""share_of_parent"": 1.0}]",quote-EKUBO-sell-10.json
EKUBO,0x75afe6402ad5a5c20dd25e10ec3b3986acaa647b77e4ae24b0cbc9a54a27a87,False,sell,100,0.2762259551150281,98337464,98.337464,2026-09-18T10:05:28.533886+00:00,https://starknet.api.avnu.fi/swap/v3/quotes?sellTokenAddress=0x75afe6402ad5a5c20dd25e10ec3b3986acaa647b77e4ae24b0cbc9a54a27a87&buyTokenAddress=0x033068f6539f8e6e6b131e6b2b814e6c34a5224bc66947c47dab9dfee93b35fb&sellAmount=0xa3a9a886968337f8e&size=1,"[{""name"": ""Ekubo(Oracle)"", ""pool"": ""0x1ffb67abd2e7533c95f9460fcc8a97e7b18f5ccc8e63fbee3490f61d3d7c892"", ""share_of_parent"": 0.5724717698}, {""name"": ""0dAMM"", ""pool"": ""0x256462984b6063ffe3d674449892577ab3777ad0ac0b2109797800914dcf1c1"", ""share_of_parent"": 1.0}, {""name"": ""Ekubo(Oracle)"", ""pool"": ""0x11c6618b5abc3c0a95cbc7f33c9c52ae0598862a6b7a2f3d64e90e833d8b854"", ""share_of_parent"": 0.4275282302}]",quote-EKUBO-sell-100.json
EKUBO,0x75afe6402ad5a5c20dd25e10ec3b3986acaa647b77e4ae24b0cbc9a54a27a87,False,sell,1000,2.0345457375708365,966035875,966.035875,2026-09-18T10:05:30.252588+00:00,https://starknet.api.avnu.fi/swap/v3/quotes?sellTokenAddress=0x75afe6402ad5a5c20dd25e10ec3b3986acaa647b77e4ae24b0cbc9a54a27a87&buyTokenAddress=0x033068f6539f8e6e6b131e6b2b814e6c34a5224bc66947c47dab9dfee93b35fb&sellAmount=0x664a09541e1202fb92&size=1,"[{""name"": ""Ekubo(Oracle)"", ""pool"": ""0x1ffb67abd2e7533c95f9460fcc8a97e7b18f5ccc8e63fbee3490f61d3d7c892"", ""share_of_parent"": 0.2837762237}, {""name"": ""Ekubo"", ""pool"": ""0xc25669ed8b70551736c7833dc0fde2d93d7829df3c0969aaadc642a36d4c98"", ""share_of_parent"": 0.6841163306}, {""name"": ""Ekubo"", ""pool"": ""0x3b8bb80f88207c0ed6a28b6f1152e97a8d8244b508497be52320ad1b63523d3"", ""share_of_parent"": 1.0}, {""name"": ""Ekubo"", ""pool"": ""0x160f5d987caf56d8109427919172c1e45ef366ea1d7dcf105a3c5a5e794aea3"", ""share_of_parent"": 0.3090102257}, {""name"": ""0dAMM"", ""pool"": ""0x256462984b6063ffe3d674449892577ab3777ad0ac0b2109797800914dcf1c1"", ""share_of_parent"": 0.006873443700000016}, {""name"": ""Ekubo(Oracle)"", ""pool"": ""0xbc670cdb0ba806fd70697ca13b592c000e34fbfb92cc0a3a25eda97bb4f647"", ""share_of_parent"": 0.0738141858}, {""name"": ""0dAMM"", ""pool"": ""0xd7b9aeed671dfd92653c682fb4a06db88fed691c5c8c7c6e74c8ef5421159c"", ""share_of_parent"": 1.0}, {""name"": ""Ekubo(Oracle)"", ""pool"": ""0x73e881469d199cda961217110f4a67af4692eaeffd578e1896f7d73f9ed467d"", ""share_of_parent"": 0.0613826173}, {""name"": ""Ekubo"", ""pool"": ""0x144aeb3f417951bba73dd04b237f72d611d1b2e124fdf590528f57c704990ff"", ""share_of_parent"": 0.378743974}, {""name"": ""Ekubo"", ""pool"": ""0x59592b427f28fea4683279a034e443c03125e1159ab0b14cc29a04ecf57a443"", ""share_of_parent"": 1.0}, {""name"": ""Ekubo"", ""pool"": ""0x70c7729dcb5b2eab110331619cdc5c7ab894ff0b604b2dd3204df40517202a5"", ""share_of_parent"": 0.5903558915}, {""name"": ""0dAMM"", ""pool"": ""0xd7b9aeed671dfd92653c682fb4a06db88fed691c5c8c7c6e74c8ef5421159c"", ""share_of_parent"": 1.0}, {""name"": ""0dAMM"", ""pool"": ""0x1bfb102cbf19897dc230d4f6032f5d660454706d52944ff74ab237ee18723ec"", ""share_of_parent"": 0.030900134499999905}, {""name"": ""Ekubo(Oracle)"", ""pool"": ""0x776b7139d086fd1923ae44af105af160490f3c1c950cd31d650351c9afd7ec"", ""share_of_parent"": 0.0576783216}, {""name"": ""Ekubo"", ""pool"": ""0x48cb9792a48688aeb5fc2eaa9eba447fb56455b9cc8b0740782f90eda00b6b5"", ""share_of_parent"": 0.2601214466}, {""name"": ""Ekubo"", ""pool"": ""0x160f5d987caf56d8109427919172c1e45ef366ea1d7dcf105a3c5a5e794aea3"", ""share_of_parent"": 1.0}, {""name"": ""Nostra"", ""pool"": ""0x577521a1f005bd663d0fa7f37f0dbac4d7f55b98791d280b158346d9551ff2b"", ""share_of_parent"": 0.2381699905}, {""name"": ""Ekubo"", ""pool"": ""0x160f5d987caf56d8109427919172c1e45ef366ea1d7dcf105a3c5a5e794aea3"", ""share_of_parent"": 1.0}, {""name"": ""Ekubo"", ""pool"": ""0x73ca5520717ab0f580bd794b4c4cde8bb8a2ecd17c77c62af01082c2c9f668e"", ""share_of_parent"": 0.2653610053}, {""name"": ""Ekubo"", ""pool"": ""0x160f5d987caf56d8109427919172c1e45ef366ea1d7dcf105a3c5a5e794aea3"", ""share_of_parent"": 1.0}, {""name"": ""Ekubo"", ""pool"": ""0x2febe698de0209ae36da66c6ab96bd11ed723331b6c8f50e66539a11c221626"", ""share_of_parent"": 0.2363475576}, {""name"": ""Ekubo"", ""pool"": ""0x160f5d987caf56d8109427919172c1e45ef366ea1d7dcf105a3c5a5e794aea3"", ""share_of_parent"": 1.0}, {""name"": ""Ekubo(Oracle)"", ""pool"": ""0x5ac3c9feb9de6c54ff23dfe3d17d244fd893f27448caeb26dd4f8461b3a61ea"", ""share_of_parent"": 0.0527492507}, {""name"": ""Ekubo"", ""pool"": ""0x7fe6f9d2b9f69632211a116ff0749f1277bc214622fc1e772dd280b24dc8473"", ""share_of_parent"": 0.2817489408}, {""name"": ""Ekubo"", ""pool"": ""0x160f5d987caf56d8109427919172c1e45ef366ea1d7dcf105a3c5a5e794aea3"", ""share_of_parent"": 1.0}, {""name"": ""Ekubo"", ""pool"": ""0x2c86b7abe3dc5c832e59131fb422d5c57215c16d3e51f7adc96e21d31262a1d"", ""share_of_parent"": 0.7182510592}, {""name"": ""Ekubo"", ""pool"": ""0x3b8bb80f88207c0ed6a28b6f1152e97a8d8244b508497be52320ad1b63523d3"", ""share_of_parent"": 1.0}, {""name"": ""Ekubo(Oracle)"", ""pool"": ""0x34587fa18416ed8c53f99e2aeb772077739066a92703943f91e1480fd5d3ea7"", ""share_of_parent"": 0.0524915084}, {""name"": ""Ekubo"", ""pool"": ""0xf53607664cab9d147e0131840c9be2ccd092226fa288480fa83a5ac4d9c18f"", ""share_of_parent"": 1.0}, {""name"": ""Ekubo"", ""pool"": ""0x3b8bb80f88207c0ed6a28b6f1152e97a8d8244b508497be52320ad1b63523d3"", ""share_of_parent"": 1.0}, {""name"": ""Ekubo(Oracle)"", ""pool"": ""0x1c7aff32196862f6044c325be36dffbbdd04427e8a28f249a224de4543281c5"", ""share_of_parent"": 0.0461278721}, {""name"": ""Ekubo"", ""pool"": ""0x5a174106c82f18b50f130e19608b332041057c34a5e9bfcd2a2ba8354b58e48"", ""share_of_parent"": 0.3953225697}, {""name"": ""Ekubo"", ""pool"": ""0x3b8bb80f88207c0ed6a28b6f1152e97a8d8244b508497be52320ad1b63523d3"", ""share_of_parent"": 1.0}, {""name"": ""Ekubo"", ""pool"": ""0x6a85e26af6dcb83839e8dd96411333928362322976b37fc1fc5f9201accee84"", ""share_of_parent"": 0.275915298}, {""name"": ""Ekubo"", ""pool"": ""0x160f5d987caf56d8109427919172c1e45ef366ea1d7dcf105a3c5a5e794aea3"", ""share_of_parent"": 1.0}, {""name"": ""Ekubo"", ""pool"": ""0x10e713b3b787247e9db52188d114b27165426f773e10d1acc5285ff776fa9c7"", ""share_of_parent"": 0.3287621323}, {""name"": ""Ekubo"", ""pool"": ""0x5bdf5b1743f027ea1bd044fb012dc582f7af485ad02e4cd156f439218bad7b7"", ""share_of_parent"": 0.0223856143}, {""name"": ""0dAMM"", ""pool"": ""0xd7b9aeed671dfd92653c682fb4a06db88fed691c5c8c7c6e74c8ef5421159c"", ""share_of_parent"": 1.0}, {""name"": ""Ekubo(Oracle)"", ""pool"": ""0x7ada0c8c19bef011a40d9ddd5fb5ff7dad5a00c639e8df30f1ec119090b341b"", ""share_of_parent"": 0.0376003996}, {""name"": ""Ekubo"", ""pool"": ""0x334a8325867eb4e77bd66deef0d6872731f5ebeb06b40e570afe3ca9689bb00"", ""share_of_parent"": 1.0}, {""name"": ""Ekubo"", ""pool"": ""0x160f5d987caf56d8109427919172c1e45ef366ea1d7dcf105a3c5a5e794aea3"", ""share_of_parent"": 1.0}, {""name"": ""Ekubo(Twamm)"", ""pool"": ""0x7a2848b1c028d36baba6e65040e40523cad504ae08f272b8d400615f5e20141"", ""share_of_parent"": 0.0149850149}, {""name"": ""Ekubo"", ""pool"": ""0x10e713b3b787247e9db52188d114b27165426f773e10d1acc5285ff776fa9c7"", ""share_of_parent"": 1.0}, {""name"": ""Ekubo(Twamm)"", ""pool"": ""0x2cebb4eae0a02d38cd7866afc8fc09fd04aaf4df19f48219c73ed4592ee5f07"", ""share_of_parent"": 0.013034965}, {""name"": ""Ekubo"", ""pool"": ""0x704d2f129606e3d33e5e1c68bed7be09d5e766ab210188ea0ab72b5214c1c37"", ""share_of_parent"": 1.0}, {""name"": ""Ekubo"", ""pool"": ""0x160f5d987caf56d8109427919172c1e45ef366ea1d7dcf105a3c5a5e794aea3"", ""share_of_parent"": 1.0}, {""name"": ""Ekubo(Oracle)"", ""pool"": ""0x11c6618b5abc3c0a95cbc7f33c9c52ae0598862a6b7a2f3d64e90e833d8b854"", ""share_of_parent"": 0.2682337662}, {""name"": ""Ekubo(Twamm)"", ""pool"": ""0xac07e0ceccf6dc4a8fb5c26932864c249f7c92cb73452cb3791a5a6dd4b48"", ""share_of_parent"": 0.015740260399999834}]",quote-EKUBO-sell-1000.json
EKUBO,0x75afe6402ad5a5c20dd25e10ec3b3986acaa647b77e4ae24b0cbc9a54a27a87,False,sell,10000,17.349039066584115,8150198860,8150.19886,2026-09-18T10:05:32.076231+00:00,https://starknet.api.avnu.fi/swap/v3/quotes?sellTokenAddress=0x75afe6402ad5a5c20dd25e10ec3b3986acaa647b77e4ae24b0cbc9a54a27a87&buyTokenAddress=0x033068f6539f8e6e6b131e6b2b814e6c34a5224bc66947c47dab9dfee93b35fb&sellAmount=0x3fee45d492cb41dd3bc&size=1,"[{""name"": ""Ekubo(Oracle)"", ""pool"": ""0x1ffb67abd2e7533c95f9460fcc8a97e7b18f5ccc8e63fbee3490f61d3d7c892"", ""share_of_parent"": 0.2785654345}, {""name"": ""Ekubo"", ""pool"": ""0xc25669ed8b70551736c7833dc0fde2d93d7829df3c0969aaadc642a36d4c98"", ""share_of_parent"": 0.2504097349}, {""name"": ""Ekubo"", ""pool"": ""0x3b8bb80f88207c0ed6a28b6f1152e97a8d8244b508497be52320ad1b63523d3"", ""share_of_parent"": 1.0}, {""name"": ""Ekubo"", ""pool"": ""0x160f5d987caf56d8109427919172c1e45ef366ea1d7dcf105a3c5a5e794aea3"", ""share_of_parent"": 0.7436565488}, {""name"": ""0dAMM"", ""pool"": ""0x256462984b6063ffe3d674449892577ab3777ad0ac0b2109797800914dcf1c1"", ""share_of_parent"": 0.0059337162999999055}, {""name"": ""Ekubo(Oracle)"", ""pool"": ""0xbc670cdb0ba806fd70697ca13b592c000e34fbfb92cc0a3a25eda97bb4f647"", ""share_of_parent"": 0.0774545454}, {""name"": ""0dAMM"", ""pool"": ""0xd7b9aeed671dfd92653c682fb4a06db88fed691c5c8c7c6e74c8ef5421159c"", ""share_of_parent"": 1.0}, {""name"": ""Ekubo(Oracle)"", ""pool"": ""0x73e881469d199cda961217110f4a67af4692eaeffd578e1896f7d73f9ed467d"", ""share_of_parent"": 0.0633026973}, {""name"": ""Ekubo"", ""pool"": ""0x144aeb3f417951bba73dd04b237f72d611d1b2e124fdf590528f57c704990ff"", ""share_of_parent"": 0.9739413434}, {""name"": ""Ekubo"", ""pool"": ""0x59592b427f28fea4683279a034e443c03125e1159ab0b14cc29a04ecf57a443"", ""share_of_parent"": 1.0}, {""name"": ""0dAMM"", ""pool"": ""0x1bfb102cbf19897dc230d4f6032f5d660454706d52944ff74ab237ee18723ec"", ""share_of_parent"": 0.026058656600000007}, {""name"": ""Ekubo(Oracle)"", ""pool"": ""0x776b7139d086fd1923ae44af105af160490f3c1c950cd31d650351c9afd7ec"", ""share_of_parent"": 0.0558281718}, {""name"": ""Ekubo"", ""pool"": ""0x48cb9792a48688aeb5fc2eaa9eba447fb56455b9cc8b0740782f90eda00b6b5"", ""share_of_parent"": 0.1575768714}, {""name"": ""Ekubo"", ""pool"": ""0x160f5d987caf56d8109427919172c1e45ef366ea1d7dcf105a3c5a5e794aea3"", ""share_of_parent"": 1.0}, {""name"": ""Ekubo"", ""pool"": ""0x73ca5520717ab0f580bd794b4c4cde8bb8a2ecd17c77c62af01082c2c9f668e"", ""share_of_parent"": 0.6800855323}, {""name"": ""Ekubo"", ""pool"": ""0x160f5d987caf56d8109427919172c1e45ef366ea1d7dcf105a3c5a5e794aea3"", ""share_of_parent"": 1.0}, {""name"": ""Ekubo"", ""pool"": ""0x2febe698de0209ae36da66c6ab96bd11ed723331b6c8f50e66539a11c221626"", ""share_of_parent"": 0.1623375963}, {""name"": ""Ekubo"", ""pool"": ""0x160f5d987caf56d8109427919172c1e45ef366ea1d7dcf105a3c5a5e794aea3"", ""share_of_parent"": 1.0}, {""name"": ""Ekubo(Oracle)"", ""pool"": ""0x5ac3c9feb9de6c54ff23dfe3d17d244fd893f27448caeb26dd4f8461b3a61ea"", ""share_of_parent"": 0.0541378621}, {""name"": ""Ekubo"", ""pool"": ""0x2318a6517d95ea54b451a99142fd0a18d1dccf9edf08b9a6840c7157e0b7953"", ""share_of_parent"": 0.4182103659}, {""name"": ""Ekubo"", ""pool"": ""0x3b8bb80f88207c0ed6a28b6f1152e97a8d8244b508497be52320ad1b63523d3"", ""share_of_parent"": 1.0}, {""name"": ""Ekubo"", ""pool"": ""0x2c86b7abe3dc5c832e59131fb422d5c57215c16d3e51f7adc96e21d31262a1d"", ""share_of_parent"": 0.3985506091}, {""name"": ""Ekubo"", ""pool"": ""0x3b8bb80f88207c0ed6a28b6f1152e97a8d8244b508497be52320ad1b63523d3"", ""share_of_parent"": 1.0}, {""name"": ""Ekubo"", ""pool"": ""0x7dfd50ffb20b9192a67fea997bb2ecc4a35346dd6bb82b37f274c004f53c0f1"", ""share_of_parent"": 0.18323902500000003}, {""name"": ""Ekubo(Oracle)"", ""pool"": ""0x34587fa18416ed8c53f99e2aeb772077739066a92703943f91e1480fd5d3ea7"", ""share_of_parent"": 0.0538721278}, {""name"": ""Ekubo"", ""pool"": ""0xf53607664cab9d147e0131840c9be2ccd092226fa288480fa83a5ac4d9c18f"", ""share_of_parent"": 1.0}, {""name"": ""Ekubo"", ""pool"": ""0x3b8bb80f88207c0ed6a28b6f1152e97a8d8244b508497be52320ad1b63523d3"", ""share_of_parent"": 1.0}, {""name"": ""Ekubo(Oracle)"", ""pool"": ""0x1c7aff32196862f6044c325be36dffbbdd04427e8a28f249a224de4543281c5"", ""share_of_parent"": 0.0474885114}, {""name"": ""Ekubo"", ""pool"": ""0x5a174106c82f18b50f130e19608b332041057c34a5e9bfcd2a2ba8354b58e48"", ""share_of_parent"": 0.5748577184}, {""name"": ""Ekubo"", ""pool"": ""0x3b8bb80f88207c0ed6a28b6f1152e97a8d8244b508497be52320ad1b63523d3"", ""share_of_parent"": 1.0}, {""name"": ""Ekubo"", ""pool"": ""0x10e713b3b787247e9db52188d114b27165426f773e10d1acc5285ff776fa9c7"", ""share_of_parent"": 0.4251422816}, {""name"": ""Ekubo"", ""pool"": ""0x5bdf5b1743f027ea1bd044fb012dc582f7af485ad02e4cd156f439218bad7b7"", ""share_of_parent"": 0.0236663336}, {""name"": ""0dAMM"", ""pool"": ""0xd7b9aeed671dfd92653c682fb4a06db88fed691c5c8c7c6e74c8ef5421159c"", ""share_of_parent"": 1.0}, {""name"": ""Ekubo(Oracle)"", ""pool"": ""0x7ada0c8c19bef011a40d9ddd5fb5ff7dad5a00c639e8df30f1ec119090b341b"", ""share_of_parent"": 0.0364335664}, {""name"": ""Ekubo"", ""pool"": ""0x334a8325867eb4e77bd66deef0d6872731f5ebeb06b40e570afe3ca9689bb00"", ""share_of_parent"": 1.0}, {""name"": ""Ekubo"", ""pool"": ""0x160f5d987caf56d8109427919172c1e45ef366ea1d7dcf105a3c5a5e794aea3"", ""share_of_parent"": 1.0}, {""name"": ""Ekubo(Twamm)"", ""pool"": ""0x7a2848b1c028d36baba6e65040e40523cad504ae08f272b8d400615f5e20141"", ""share_of_parent"": 0.0136483516}, {""name"": ""Ekubo"", ""pool"": ""0x10e713b3b787247e9db52188d114b27165426f773e10d1acc5285ff776fa9c7"", ""share_of_parent"": 1.0}, {""name"": ""Ekubo(Twamm)"", ""pool"": ""0x2cebb4eae0a02d38cd7866afc8fc09fd04aaf4df19f48219c73ed4592ee5f07"", ""share_of_parent"": 0.0126073926}, {""name"": ""Ekubo"", ""pool"": ""0x3b8bb80f88207c0ed6a28b6f1152e97a8d8244b508497be52320ad1b63523d3"", ""share_of_parent"": 1.0}, {""name"": ""Ekubo(Oracle)"", ""pool"": ""0x11c6618b5abc3c0a95cbc7f33c9c52ae0598862a6b7a2f3d64e90e833d8b854"", ""share_of_parent"": 0.2688171828}, {""name"": ""Ekubo(Twamm)"", ""pool"": ""0xac07e0ceccf6dc4a8fb5c26932864c249f7c92cb73452cb3791a5a6dd4b48"", ""share_of_parent"": 0.014177822700000049}]",quote-EKUBO-sell-10000.json
EKUBO,0x75afe6402ad5a5c20dd25e10ec3b3986acaa647b77e4ae24b0cbc9a54a27a87,False,sell,100000,68.66114059700932,30903202249,30903.202249,2026-09-18T10:05:33.342003+00:00,https://starknet.api.avnu.fi/swap/v3/quotes?sellTokenAddress=0x75afe6402ad5a5c20dd25e10ec3b3986acaa647b77e4ae24b0cbc9a54a27a87&buyTokenAddress=0x033068f6539f8e6e6b131e6b2b814e6c34a5224bc66947c47dab9dfee93b35fb&sellAmount=0x27f4eba4dbbf092a455d&size=1,"[{""name"": ""Ekubo(Oracle)"", ""pool"": ""0x1ffb67abd2e7533c95f9460fcc8a97e7b18f5ccc8e63fbee3490f61d3d7c892"", ""share_of_parent"": 0.2897942057}, {""name"": ""Ekubo"", ""pool"": ""0x55b5f9772697ad743ec6729541afa517c349097d1cced3abf77fa2e7307d8b9"", ""share_of_parent"": 0.2391217569}, {""name"": ""Ekubo"", ""pool"": ""0x59592b427f28fea4683279a034e443c03125e1159ab0b14cc29a04ecf57a443"", ""share_of_parent"": 1.0}, {""name"": ""Ekubo"", ""pool"": ""0xc25669ed8b70551736c7833dc0fde2d93d7829df3c0969aaadc642a36d4c98"", ""share_of_parent"": 0.1801785864}, {""name"": ""Ekubo"", ""pool"": ""0x3b8bb80f88207c0ed6a28b6f1152e97a8d8244b508497be52320ad1b63523d3"", ""share_of_parent"": 1.0}, {""name"": ""Ekubo"", ""pool"": ""0x160f5d987caf56d8109427919172c1e45ef366ea1d7dcf105a3c5a5e794aea3"", ""share_of_parent"": 0.578526371}, {""name"": ""0dAMM"", ""pool"": ""0x256462984b6063ffe3d674449892577ab3777ad0ac0b2109797800914dcf1c1"", ""share_of_parent"": 0.0021732857000000163}, {""name"": ""Ekubo(Oracle)"", ""pool"": ""0xbc670cdb0ba806fd70697ca13b592c000e34fbfb92cc0a3a25eda97bb4f647"", ""share_of_parent"": 0.081006993}, {""name"": ""Ekubo"", ""pool"": ""0x70c7729dcb5b2eab110331619cdc5c7ab894ff0b604b2dd3204df40517202a5"", ""share_of_parent"": 0.0584518707}, {""name"": ""Ekubo"", ""pool"": ""0x2e65ce680bf9243a7d3b0c40200c015f66be7602bfe8e24a0b4bbd2f4b0997"", ""share_of_parent"": 1.0}, {""name"": ""0dAMM"", ""pool"": ""0xd7b9aeed671dfd92653c682fb4a06db88fed691c5c8c7c6e74c8ef5421159c"", ""share_of_parent"": 0.9415481293}, {""name"": ""Ekubo(Oracle)"", ""pool"": ""0x73e881469d199cda961217110f4a67af4692eaeffd578e1896f7d73f9ed467d"", ""share_of_parent"": 0.0661718281}, {""name"": ""Ekubo"", ""pool"": ""0x144aeb3f417951bba73dd04b237f72d611d1b2e124fdf590528f57c704990ff"", ""share_of_parent"": 0.5936136534}, {""name"": ""Ekubo"", ""pool"": ""0x59592b427f28fea4683279a034e443c03125e1159ab0b14cc29a04ecf57a443"", ""share_of_parent"": 1.0}, {""name"": ""Ekubo"", ""pool"": ""0x70c7729dcb5b2eab110331619cdc5c7ab894ff0b604b2dd3204df40517202a5"", ""share_of_parent"": 0.1335976912}, {""name"": ""0dAMM"", ""pool"": ""0xd7b9aeed671dfd92653c682fb4a06db88fed691c5c8c7c6e74c8ef5421159c"", ""share_of_parent"": 1.0}, {""name"": ""Ekubo"", ""pool"": ""0x2e65ce680bf9243a7d3b0c40200c015f66be7602bfe8e24a0b4bbd2f4b0997"", ""share_of_parent"": 0.263164745}, {""name"": ""0dAMM"", ""pool"": ""0x1bfb102cbf19897dc230d4f6032f5d660454706d52944ff74ab237ee18723ec"", ""share_of_parent"": 0.009623910400000017}, {""name"": ""Ekubo(Oracle)"", ""pool"": ""0x776b7139d086fd1923ae44af105af160490f3c1c950cd31d650351c9afd7ec"", ""share_of_parent"": 0.0584915084}, {""name"": ""Ekubo"", ""pool"": ""0x48cb9792a48688aeb5fc2eaa9eba447fb56455b9cc8b0740782f90eda00b6b5"", ""share_of_parent"": 0.1651708543}, {""name"": ""Ekubo"", ""pool"": ""0x160f5d987caf56d8109427919172c1e45ef366ea1d7dcf105a3c5a5e794aea3"", ""share_of_parent"": 1.0}, {""name"": ""Ekubo"", ""pool"": ""0x73ca5520717ab0f580bd794b4c4cde8bb8a2ecd17c77c62af01082c2c9f668e"", ""share_of_parent"": 0.7342207484}, {""name"": ""Ekubo"", ""pool"": ""0x160f5d987caf56d8109427919172c1e45ef366ea1d7dcf105a3c5a5e794aea3"", ""share_of_parent"": 1.0}, {""name"": ""Ekubo"", ""pool"": ""0x2febe698de0209ae36da66c6ab96bd11ed723331b6c8f50e66539a11c221626"", ""share_of_parent"": 0.10060839730000001}, {""name"": ""Ekubo"", ""pool"": ""0x160f5d987caf56d8109427919172c1e45ef366ea1d7dcf105a3c5a5e794aea3"", ""share_of_parent"": 1.0}, {""name"": ""Ekubo(Oracle)"", ""pool"": ""0x5ac3c9feb9de6c54ff23dfe3d17d244fd893f27448caeb26dd4f8461b3a61ea"", ""share_of_parent"": 0.0565514485}, {""name"": ""Ekubo"", ""pool"": ""0x2318a6517d95ea54b451a99142fd0a18d1dccf9edf08b9a6840c7157e0b7953"", ""share_of_parent"": 0.58251656}, {""name"": ""Ekubo"", ""pool"": ""0x3b8bb80f88207c0ed6a28b6f1152e97a8d8244b508497be52320ad1b63523d3"", ""share_of_parent"": 1.0}, {""name"": ""Ekubo"", ""pool"": ""0x4519b483ae513d2c7d336bc8bdeacd7c4a3cd62116a5b108dfa115ebecf0845"", ""share_of_parent"": 0.0815320605}, {""name"": ""Ekubo"", ""pool"": ""0x3b8bb80f88207c0ed6a28b6f1152e97a8d8244b508497be52320ad1b63523d3"", ""share_of_parent"": 1.0}, {""name"": ""Ekubo"", ""pool"": ""0x2c86b7abe3dc5c832e59131fb422d5c57215c16d3e51f7adc96e21d31262a1d"", ""share_of_parent"": 0.1857768337}, {""name"": ""Ekubo"", ""pool"": ""0x3b8bb80f88207c0ed6a28b6f1152e97a8d8244b508497be52320ad1b63523d3"", ""share_of_parent"": 1.0}, {""name"": ""Ekubo"", ""pool"": ""0x7dfd50ffb20b9192a67fea997bb2ecc4a35346dd6bb82b37f274c004f53c0f1"", ""share_of_parent"": 0.1501745458}, {""name"": ""Ekubo(Oracle)"", ""pool"": ""0x34587fa18416ed8c53f99e2aeb772077739066a92703943f91e1480fd5d3ea7"", ""share_of_parent"": 0.023094905}, {""name"": ""JediSwapCL"", ""pool"": ""0x4400b1fe726e358219131351da53a01922c5d5cddd1c78680a87effe4923e80"", ""share_of_parent"": 1.0}, {""name"": ""Ekubo"", ""pool"": ""0x3b8bb80f88207c0ed6a28b6f1152e97a8d8244b508497be52320ad1b63523d3"", ""share_of_parent"": 1.0}, {""name"": ""Ekubo(Oracle)"", ""pool"": ""0x1c7aff32196862f6044c325be36dffbbdd04427e8a28f249a224de4543281c5"", ""share_of_parent"": 0.0496243756}, {""name"": ""Ekubo"", ""pool"": ""0x5a174106c82f18b50f130e19608b332041057c34a5e9bfcd2a2ba8354b58e48"", ""share_of_parent"": 0.3088863767}, {""name"": ""Ekubo"", ""pool"": ""0x3b8bb80f88207c0ed6a28b6f1152e97a8d8244b508497be52320ad1b63523d3"", ""share_of_parent"": 1.0}, {""name"": ""Ekubo"", ""pool"": ""0x10e713b3b787247e9db52188d114b27165426f773e10d1acc5285ff776fa9c7"", ""share_of_parent"": 0.6911136233}, {""name"": ""Ekubo(Oracle)"", ""pool"": ""0x7ada0c8c19bef011a40d9ddd5fb5ff7dad5a00c639e8df30f1ec119090b341b"", ""share_of_parent"": 0.0378561438}, {""name"": ""Ekubo"", ""pool"": ""0x334a8325867eb4e77bd66deef0d6872731f5ebeb06b40e570afe3ca9689bb00"", ""share_of_parent"": 1.0}, {""name"": ""Ekubo"", ""pool"": ""0x160f5d987caf56d8109427919172c1e45ef366ea1d7dcf105a3c5a5e794aea3"", ""share_of_parent"": 1.0}, {""name"": ""Ekubo(Twamm)"", ""pool"": ""0x7a2848b1c028d36baba6e65040e40523cad504ae08f272b8d400615f5e20141"", ""share_of_parent"": 0.01408991}, {""name"": ""Ekubo"", ""pool"": ""0x5a174106c82f18b50f130e19608b332041057c34a5e9bfcd2a2ba8354b58e48"", ""share_of_parent"": 1.0}, {""name"": ""Ekubo"", ""pool"": ""0x3b8bb80f88207c0ed6a28b6f1152e97a8d8244b508497be52320ad1b63523d3"", ""share_of_parent"": 1.0}, {""name"": ""Ekubo(Twamm)"", ""pool"": ""0x2cebb4eae0a02d38cd7866afc8fc09fd04aaf4df19f48219c73ed4592ee5f07"", ""share_of_parent"": 0.0131028971}, {""name"": ""Ekubo"", ""pool"": ""0x3b8bb80f88207c0ed6a28b6f1152e97a8d8244b508497be52320ad1b63523d3"", ""share_of_parent"": 1.0}, {""name"": ""Ekubo(Twamm)"", ""pool"": ""0x345a689a037f7cc278007fd94fa160963cd0c1d821d795f0798d9fc94c9bb3a"", ""share_of_parent"": 0.0058701298}, {""name"": ""Ekubo"", ""pool"": ""0x160f5d987caf56d8109427919172c1e45ef366ea1d7dcf105a3c5a5e794aea3"", ""share_of_parent"": 1.0}, {""name"": ""Ekubo(Twamm)"", ""pool"": ""0x4cd644edaadb929be154781ab8322bb1de20cbbabb96c70dfe987563b322cc3"", ""share_of_parent"": 0.0051388611}, {""name"": ""0dAMM"", ""pool"": ""0xd7b9aeed671dfd92653c682fb4a06db88fed691c5c8c7c6e74c8ef5421159c"", ""share_of_parent"": 1.0}, {""name"": ""Ekubo(Twamm)"", ""pool"": ""0x16563f514deca96a31588035bc8692c55116699721a56dc7ec514ec6e1156c0"", ""share_of_parent"": 0.0044375624}, {""name"": ""Ekubo"", ""pool"": ""0x160f5d987caf56d8109427919172c1e45ef366ea1d7dcf105a3c5a5e794aea3"", ""share_of_parent"": 1.0}, {""name"": ""Ekubo(Oracle)"", ""pool"": ""0x11c6618b5abc3c0a95cbc7f33c9c52ae0598862a6b7a2f3d64e90e833d8b854"", ""share_of_parent"": 0.2801698301}, {""name"": ""Ekubo(Twamm)"", ""pool"": ""0xac07e0ceccf6dc4a8fb5c26932864c249f7c92cb73452cb3791a5a6dd4b48"", ""share_of_parent"": 0.014599401399999963}]",quote-EKUBO-sell-100000.json
ETH,0x49d36570d4e46f48e99674bd3fcc84644ddd6b96f7c741b1562b82f9e004dc7,False,buy,10,0.0,3989888173715899,,2026-09-18T09:59:31.880839+00:00,https://starknet.api.avnu.fi/swap/v3/quotes?sellTokenAddress=0x033068f6539f8e6e6b131e6b2b814e6c34a5224bc66947c47dab9dfee93b35fb&buyTokenAddress=0x049d36570d4e46f48e99674bd3fcc84644ddd6b96f7c741b1562b82f9e004dc7&sellAmount=0x989680&size=1,"[{""name"": ""Ekubo"", ""pool"": ""0x160f5d987caf56d8109427919172c1e45ef366ea1d7dcf105a3c5a5e794aea3"", ""share_of_parent"": 1.0}]",quote-ETH-buy-10.json
ETH,0x49d36570d4e46f48e99674bd3fcc84644ddd6b96f7c741b1562b82f9e004dc7,False,buy,100,0.001281687213872118,39898370358293288,,2026-09-18T09:59:34.460341+00:00,https://starknet.api.avnu.fi/swap/v3/quotes?sellTokenAddress=0x033068f6539f8e6e6b131e6b2b814e6c34a5224bc66947c47dab9dfee93b35fb&buyTokenAddress=0x049d36570d4e46f48e99674bd3fcc84644ddd6b96f7c741b1562b82f9e004dc7&sellAmount=0x5f5e100&size=1,"[{""name"": ""Ekubo"", ""pool"": ""0x160f5d987caf56d8109427919172c1e45ef366ea1d7dcf105a3c5a5e794aea3"", ""share_of_parent"": 1.0}]",quote-ETH-buy-100.json
ETH,0x49d36570d4e46f48e99674bd3fcc84644ddd6b96f7c741b1562b82f9e004dc7,False,buy,1000,0.014096794657825207,398932572737297344,,2026-09-18T09:59:41.564853+00:00,https://starknet.api.avnu.fi/swap/v3/quotes?sellTokenAddress=0x033068f6539f8e6e6b131e6b2b814e6c34a5224bc66947c47dab9dfee93b35fb&buyTokenAddress=0x049d36570d4e46f48e99674bd3fcc84644ddd6b96f7c741b1562b82f9e004dc7&sellAmount=0x3b9aca00&size=1,"[{""name"": ""Ekubo"", ""pool"": ""0x160f5d987caf56d8109427919172c1e45ef366ea1d7dcf105a3c5a5e794aea3"", ""share_of_parent"": 1.0}]",quote-ETH-buy-1000.json
ETH,0x49d36570d4e46f48e99674bd3fcc84644ddd6b96f7c741b1562b82f9e004dc7,False,buy,10000,0.14206745141760457,3984219841273088512,,2026-09-18T09:59:42.802811+00:00,https://starknet.api.avnu.fi/swap/v3/quotes?sellTokenAddress=0x033068f6539f8e6e6b131e6b2b814e6c34a5224bc66947c47dab9dfee93b35fb&buyTokenAddress=0x049d36570d4e46f48e99674bd3fcc84644ddd6b96f7c741b1562b82f9e004dc7&sellAmount=0x2540be400&size=1,"[{""name"": ""Ekubo"", ""pool"": ""0x160f5d987caf56d8109427919172c1e45ef366ea1d7dcf105a3c5a5e794aea3"", ""share_of_parent"": 1.0}]",quote-ETH-buy-10000.json
ETH,0x49d36570d4e46f48e99674bd3fcc84644ddd6b96f7c741b1562b82f9e004dc7,False,buy,100000,0.7958147356640133,39581360556929523712,,2026-09-18T09:59:44.654640+00:00,https://starknet.api.avnu.fi/swap/v3/quotes?sellTokenAddress=0x033068f6539f8e6e6b131e6b2b814e6c34a5224bc66947c47dab9dfee93b35fb&buyTokenAddress=0x049d36570d4e46f48e99674bd3fcc84644ddd6b96f7c741b1562b82f9e004dc7&sellAmount=0x174876e800&size=1,"[{""name"": ""Ekubo"", ""pool"": ""0x59592b427f28fea4683279a034e443c03125e1159ab0b14cc29a04ecf57a443"", ""share_of_parent"": 0.2453146853}, {""name"": ""Ekubo"", ""pool"": ""0x55b5f9772697ad743ec6729541afa517c349097d1cced3abf77fa2e7307d8b9"", ""share_of_parent"": 1.0}, {""name"": ""Ekubo"", ""pool"": ""0x5dfce41b432a59570b82182d3f9f37abf7aee04a3faebc96ac367c4cb12d313"", ""share_of_parent"": 0.002081918}, {""name"": ""Ekubo"", ""pool"": ""0x70c7729dcb5b2eab110331619cdc5c7ab894ff0b604b2dd3204df40517202a5"", ""share_of_parent"": 1.0}, {""name"": ""Nostra"", ""pool"": ""0x1583919ffd78e87fa28fdf6b6a805fe3ddf52f754a63721dcd4c258211129a6"", ""share_of_parent"": 1.0}, {""name"": ""Ekubo"", ""pool"": ""0x3b8bb80f88207c0ed6a28b6f1152e97a8d8244b508497be52320ad1b63523d3"", ""share_of_parent"": 0.0584995004}, {""name"": ""Ekubo"", ""pool"": ""0xc25669ed8b70551736c7833dc0fde2d93d7829df3c0969aaadc642a36d4c98"", ""share_of_parent"": 1.0}, {""name"": ""Ekubo"", ""pool"": ""0x2e65ce680bf9243a7d3b0c40200c015f66be7602bfe8e24a0b4bbd2f4b0997"", ""share_of_parent"": 0.0696523476}, {""name"": ""Ekubo"", ""pool"": ""0x144aeb3f417951bba73dd04b237f72d611d1b2e124fdf590528f57c704990ff"", ""share_of_parent"": 0.5413243435}, {""name"": ""Ekubo"", ""pool"": ""0x55b5f9772697ad743ec6729541afa517c349097d1cced3abf77fa2e7307d8b9"", ""share_of_parent"": 1.0}, {""name"": ""JediSwap"", ""pool"": ""0x260e98362e0949fefff8b4de85367c035e44f734c9f8069b6ce2075ae86b45c"", ""share_of_parent"": 0.0104097173}, {""name"": ""Nostra"", ""pool"": ""0x1583919ffd78e87fa28fdf6b6a805fe3ddf52f754a63721dcd4c258211129a6"", ""share_of_parent"": 0.4072545439}, {""name"": ""Ekubo"", ""pool"": ""0x777df52c2a1966773817eacf5d36481fb77679fa915c78bf7dc6dd3db2c105"", ""share_of_parent"": 0.04101139530000002}, {""name"": ""Ekubo"", ""pool"": ""0x7dfd50ffb20b9192a67fea997bb2ecc4a35346dd6bb82b37f274c004f53c0f1"", ""share_of_parent"": 0.0507552447}, {""name"": ""Ekubo"", ""pool"": ""0x2318a6517d95ea54b451a99142fd0a18d1dccf9edf08b9a6840c7157e0b7953"", ""share_of_parent"": 0.724436133}, {""name"": ""10kSwap"", ""pool"": ""0x23c72abdf49dffc85ae3ede714f2168ad384cc67d08524732acea90df325"", ""share_of_parent"": 0.3629968294}, {""name"": ""Ekubo"", ""pool"": ""0xc25669ed8b70551736c7833dc0fde2d93d7829df3c0969aaadc642a36d4c98"", ""share_of_parent"": 0.6370031706}, {""name"": ""Ekubo"", ""pool"": ""0x4519b483ae513d2c7d336bc8bdeacd7c4a3cd62116a5b108dfa115ebecf0845"", ""share_of_parent"": 0.1642349236}, {""name"": ""10kSwap"", ""pool"": ""0x23c72abdf49dffc85ae3ede714f2168ad384cc67d08524732acea90df325"", ""share_of_parent"": 0.1279597152}, {""name"": ""JediSwap"", ""pool"": ""0x4d0390b777b424e43839cd1e744799f3de6c176c7e32c1812a41dbd9c19db6a"", ""share_of_parent"": 0.3306486251}, {""name"": ""Ekubo"", ""pool"": ""0xc25669ed8b70551736c7833dc0fde2d93d7829df3c0969aaadc642a36d4c98"", ""share_of_parent"": 0.2180097265}, {""name"": ""Ekubo"", ""pool"": ""0x305a929dfbafeb094fe63430e7f14f9b43a86b29831e3f21088e345ee145d91"", ""share_of_parent"": 0.3233819332}, {""name"": ""10kSwap"", ""pool"": ""0x5900cfa2b50d53b097cb305d54e249e31f24f881885aae5639b0cd6af4ed298"", ""share_of_parent"": 0.0556275144}, {""name"": ""JediSwap"", ""pool"": ""0x45e7131d776dddc137e30bdd490b431c7144677e97bf9369f629ed8d3fb7dd6"", ""share_of_parent"": 0.05570142900000002}, {""name"": ""0dAMM"", ""pool"": ""0xd7b9aeed671dfd92653c682fb4a06db88fed691c5c8c7c6e74c8ef5421159c"", ""share_of_parent"": 0.0189470529}, {""name"": ""Ekubo"", ""pool"": ""0x4ffe087d21be7dc329d29721d169f5f6522a6fce624e8ac3aed285c3fb42f50"", ""share_of_parent"": 1.0}, {""name"": ""Ekubo"", ""pool"": ""0x55b5f9772697ad743ec6729541afa517c349097d1cced3abf77fa2e7307d8b9"", ""share_of_parent"": 1.0}, {""name"": ""0dAMM"", ""pool"": ""0x1bfb102cbf19897dc230d4f6032f5d660454706d52944ff74ab237ee18723ec"", ""share_of_parent"": 0.0537962037}, {""name"": ""Ekubo"", ""pool"": ""0x144aeb3f417951bba73dd04b237f72d611d1b2e124fdf590528f57c704990ff"", ""share_of_parent"": 0.6978645885}, {""name"": ""Ekubo"", ""pool"": ""0x55b5f9772697ad743ec6729541afa517c349097d1cced3abf77fa2e7307d8b9"", ""share_of_parent"": 1.0}, {""name"": ""Nostra"", ""pool"": ""0x1583919ffd78e87fa28fdf6b6a805fe3ddf52f754a63721dcd4c258211129a6"", ""share_of_parent"": 0.3021354115}, {""name"": ""Ekubo"", ""pool"": ""0x10e713b3b787247e9db52188d114b27165426f773e10d1acc5285ff776fa9c7"", ""share_of_parent"": 0.0109370629}, {""name"": ""Ekubo"", ""pool"": ""0x5a174106c82f18b50f130e19608b332041057c34a5e9bfcd2a2ba8354b58e48"", ""share_of_parent"": 1.0}, {""name"": ""JediSwap"", ""pool"": ""0x4d0390b777b424e43839cd1e744799f3de6c176c7e32c1812a41dbd9c19db6a"", ""share_of_parent"": 1.0}, {""name"": ""Ekubo"", ""pool"": ""0x160f5d987caf56d8109427919172c1e45ef366ea1d7dcf105a3c5a5e794aea3"", ""share_of_parent"": 0.3982537462}, {""name"": ""0dAMM"", ""pool"": ""0x256462984b6063ffe3d674449892577ab3777ad0ac0b2109797800914dcf1c1"", ""share_of_parent"": 0.09176223830000005}]",quote-ETH-buy-100000.json
ETH,0x49d36570d4e46f48e99674bd3fcc84644ddd6b96f7c741b1562b82f9e004dc7,False,sell,10,0.0,10029709,10.029709,2026-09-18T10:05:36.601674+00:00,https://starknet.api.avnu.fi/swap/v3/quotes?sellTokenAddress=0x49d36570d4e46f48e99674bd3fcc84644ddd6b96f7c741b1562b82f9e004dc7&buyTokenAddress=0x033068f6539f8e6e6b131e6b2b814e6c34a5224bc66947c47dab9dfee93b35fb&sellAmount=0xe3125956488a0&size=1,"[{""name"": ""0dAMM"", ""pool"": ""0x256462984b6063ffe3d674449892577ab3777ad0ac0b2109797800914dcf1c1"", ""share_of_parent"": 1.0}]",quote-ETH-sell-10.json
ETH,0x49d36570d4e46f48e99674bd3fcc84644ddd6b96f7c741b1562b82f9e004dc7,False,sell,100,0.019620708836121104,100277411,100.277411,2026-09-18T10:05:37.119803+00:00,https://starknet.api.avnu.fi/swap/v3/quotes?sellTokenAddress=0x49d36570d4e46f48e99674bd3fcc84644ddd6b96f7c741b1562b82f9e004dc7&buyTokenAddress=0x033068f6539f8e6e6b131e6b2b814e6c34a5224bc66947c47dab9dfee93b35fb&sellAmount=0x8deb77d5ed5643&size=1,"[{""name"": ""0dAMM"", ""pool"": ""0x256462984b6063ffe3d674449892577ab3777ad0ac0b2109797800914dcf1c1"", ""share_of_parent"": 1.0}]",quote-ETH-sell-100.json
ETH,0x49d36570d4e46f48e99674bd3fcc84644ddd6b96f7c741b1562b82f9e004dc7,False,sell,1000,0.04883591338492588,1002481090,1002.48109,2026-09-18T10:05:37.544935+00:00,https://starknet.api.avnu.fi/swap/v3/quotes?sellTokenAddress=0x49d36570d4e46f48e99674bd3fcc84644ddd6b96f7c741b1562b82f9e004dc7&buyTokenAddress=0x033068f6539f8e6e6b131e6b2b814e6c34a5224bc66947c47dab9dfee93b35fb&sellAmount=0x58b32ae5b455ea3&size=1,"[{""name"": ""0dAMM"", ""pool"": ""0x256462984b6063ffe3d674449892577ab3777ad0ac0b2109797800914dcf1c1"", ""share_of_parent"": 1.0}]",quote-ETH-sell-1000.json
ETH,0x49d36570d4e46f48e99674bd3fcc84644ddd6b96f7c741b1562b82f9e004dc7,False,sell,10000,0.2060369348701907,10009044095,10009.044095,2026-09-18T10:05:38.063059+00:00,https://starknet.api.avnu.fi/swap/v3/quotes?sellTokenAddress=0x49d36570d4e46f48e99674bd3fcc84644ddd6b96f7c741b1562b82f9e004dc7&buyTokenAddress=0x033068f6539f8e6e6b131e6b2b814e6c34a5224bc66947c47dab9dfee93b35fb&sellAmount=0x376ffacf90b5b263&size=1,"[{""name"": ""Ekubo"", ""pool"": ""0x160f5d987caf56d8109427919172c1e45ef366ea1d7dcf105a3c5a5e794aea3"", ""share_of_parent"": 1.0}]",quote-ETH-sell-10000.json
ETH,0x49d36570d4e46f48e99674bd3fcc84644ddd6b96f7c741b1562b82f9e004dc7,False,sell,100000,0.8353940169151475,99459214111,99459.214111,2026-09-18T10:05:38.864511+00:00,https://starknet.api.avnu.fi/swap/v3/quotes?sellTokenAddress=0x49d36570d4e46f48e99674bd3fcc84644ddd6b96f7c741b1562b82f9e004dc7&buyTokenAddress=0x033068f6539f8e6e6b131e6b2b814e6c34a5224bc66947c47dab9dfee93b35fb&sellAmount=0x22a5fcc1ba718f7e1&size=1,"[{""name"": ""10kSwap"", ""pool"": ""0x23c72abdf49dffc85ae3ede714f2168ad384cc67d08524732acea90df325"", ""share_of_parent"": 0.0076503664}, {""name"": ""Ekubo"", ""pool"": ""0x3b8bb80f88207c0ed6a28b6f1152e97a8d8244b508497be52320ad1b63523d3"", ""share_of_parent"": 1.0}, {""name"": ""JediSwap"", ""pool"": ""0x4d0390b777b424e43839cd1e744799f3de6c176c7e32c1812a41dbd9c19db6a"", ""share_of_parent"": 0.0128353949}, {""name"": ""Ekubo"", ""pool"": ""0x3b8bb80f88207c0ed6a28b6f1152e97a8d8244b508497be52320ad1b63523d3"", ""share_of_parent"": 1.0}, {""name"": ""Ekubo"", ""pool"": ""0x55b5f9772697ad743ec6729541afa517c349097d1cced3abf77fa2e7307d8b9"", ""share_of_parent"": 0.2576479493}, {""name"": ""Ekubo"", ""pool"": ""0x144aeb3f417951bba73dd04b237f72d611d1b2e124fdf590528f57c704990ff"", ""share_of_parent"": 0.1971698204}, {""name"": ""0dAMM"", ""pool"": ""0x1bfb102cbf19897dc230d4f6032f5d660454706d52944ff74ab237ee18723ec"", ""share_of_parent"": 1.0}, {""name"": ""Ekubo"", ""pool"": ""0x4ffe087d21be7dc329d29721d169f5f6522a6fce624e8ac3aed285c3fb42f50"", ""share_of_parent"": 0.0849261412}, {""name"": ""0dAMM"", ""pool"": ""0xd7b9aeed671dfd92653c682fb4a06db88fed691c5c8c7c6e74c8ef5421159c"", ""share_of_parent"": 1.0}, {""name"": ""Ekubo"", ""pool"": ""0x59592b427f28fea4683279a034e443c03125e1159ab0b14cc29a04ecf57a443"", ""share_of_parent"": 0.7179040384}, {""name"": ""Ekubo"", ""pool"": ""0xc25669ed8b70551736c7833dc0fde2d93d7829df3c0969aaadc642a36d4c98"", ""share_of_parent"": 0.0761974634}, {""name"": ""Ekubo"", ""pool"": ""0x3b8bb80f88207c0ed6a28b6f1152e97a8d8244b508497be52320ad1b63523d3"", ""share_of_parent"": 1.0}, {""name"": ""Nostra"", ""pool"": ""0x1583919ffd78e87fa28fdf6b6a805fe3ddf52f754a63721dcd4c258211129a6"", ""share_of_parent"": 0.0175648824}, {""name"": ""Ekubo"", ""pool"": ""0x2e65ce680bf9243a7d3b0c40200c015f66be7602bfe8e24a0b4bbd2f4b0997"", ""share_of_parent"": 1.0}, {""name"": ""Nostra"", ""pool"": ""0x1a2de9f2895ac4e6cb80c11ecc07ce8062a4ae883f64cb2b1dc6724b85e897d"", ""share_of_parent"": 0.0083825048}, {""name"": ""0dAMM"", ""pool"": ""0xd7b9aeed671dfd92653c682fb4a06db88fed691c5c8c7c6e74c8ef5421159c"", ""share_of_parent"": 1.0}, {""name"": ""Ekubo"", ""pool"": ""0x160f5d987caf56d8109427919172c1e45ef366ea1d7dcf105a3c5a5e794aea3"", ""share_of_parent"": 0.534318351}, {""name"": ""0dAMM"", ""pool"": ""0x256462984b6063ffe3d674449892577ab3777ad0ac0b2109797800914dcf1c1"", ""share_of_parent"": 0.08540308779999992}]",quote-ETH-sell-100000.json
LBTC,0x36834a40984312f7f7de8d31e3f6305b325389eaeea5b1c0664b2fb936461a4,True,buy,10,0.0,12835,,2026-09-18T09:59:44.264452+00:00,https://starknet.api.avnu.fi/swap/v3/quotes?sellTokenAddress=0x033068f6539f8e6e6b131e6b2b814e6c34a5224bc66947c47dab9dfee93b35fb&buyTokenAddress=0x36834a40984312f7f7de8d31e3f6305b325389eaeea5b1c0664b2fb936461a4&sellAmount=0x989680&size=1,"[{""name"": ""0dAMM"", ""pool"": ""0xd7b9aeed671dfd92653c682fb4a06db88fed691c5c8c7c6e74c8ef5421159c"", ""share_of_parent"": 1.0}, {""name"": ""Ekubo"", ""pool"": ""0x70c7729dcb5b2eab110331619cdc5c7ab894ff0b604b2dd3204df40517202a5"", ""share_of_parent"": 1.0}, {""name"": ""Ekubo"", ""pool"": ""0x2467bb4eb511fdc56ef808fa222bef1add7b0e741cf57edd2b95bcdf0fd3bbb"", ""share_of_parent"": 1.0}]",quote-LBTC-buy-10.json
LBTC,0x36834a40984312f7f7de8d31e3f6305b325389eaeea5b1c0664b2fb936461a4,True,buy,100,0.4363069731203706,127790,,2026-09-18T09:59:45.463704+00:00,https://starknet.api.avnu.fi/swap/v3/quotes?sellTokenAddress=0x033068f6539f8e6e6b131e6b2b814e6c34a5224bc66947c47dab9dfee93b35fb&buyTokenAddress=0x36834a40984312f7f7de8d31e3f6305b325389eaeea5b1c0664b2fb936461a4&sellAmount=0x5f5e100&size=1,"[{""name"": ""0dAMM"", ""pool"": ""0xd7b9aeed671dfd92653c682fb4a06db88fed691c5c8c7c6e74c8ef5421159c"", ""share_of_parent"": 1.0}, {""name"": ""Ekubo"", ""pool"": ""0x4ffe087d21be7dc329d29721d169f5f6522a6fce624e8ac3aed285c3fb42f50"", ""share_of_parent"": 1.0}, {""name"": ""Ekubo"", ""pool"": ""0x144aeb3f417951bba73dd04b237f72d611d1b2e124fdf590528f57c704990ff"", ""share_of_parent"": 1.0}, {""name"": ""Ekubo"", ""pool"": ""0x2467bb4eb511fdc56ef808fa222bef1add7b0e741cf57edd2b95bcdf0fd3bbb"", ""share_of_parent"": 1.0}]",quote-LBTC-buy-100.json
LBTC,0x36834a40984312f7f7de8d31e3f6305b325389eaeea5b1c0664b2fb936461a4,True,buy,1000,83.9818465134398,205593,,2026-09-18T09:59:46.526190+00:00,https://starknet.api.avnu.fi/swap/v3/quotes?sellTokenAddress=0x033068f6539f8e6e6b131e6b2b814e6c34a5224bc66947c47dab9dfee93b35fb&buyTokenAddress=0x36834a40984312f7f7de8d31e3f6305b325389eaeea5b1c0664b2fb936461a4&sellAmount=0x3b9aca00&size=1,"[{""name"": ""Ekubo(Twamm)"", ""pool"": ""0x23aa2c4606035cdef2baab9944dcecb2be7562cecf22cbc5ffcdb9869d45210"", ""share_of_parent"": 1.0}, {""name"": ""Ekubo(Twamm)"", ""pool"": ""0x701ec1f73ed78cbf6fc15e7620da90d64bb9c97698e92da7db598f7dd18e0a4"", ""share_of_parent"": 1.0}, {""name"": ""Nostra"", ""pool"": ""0x1583919ffd78e87fa28fdf6b6a805fe3ddf52f754a63721dcd4c258211129a6"", ""share_of_parent"": 1.0}, {""name"": ""Ekubo"", ""pool"": ""0x2467bb4eb511fdc56ef808fa222bef1add7b0e741cf57edd2b95bcdf0fd3bbb"", ""share_of_parent"": 1.0}]",quote-LBTC-buy-1000.json
LBTC,0x36834a40984312f7f7de8d31e3f6305b325389eaeea5b1c0664b2fb936461a4,True,buy,10000,98.74430853135956,161168,,2026-09-18T09:59:47.698138+00:00,https://starknet.api.avnu.fi/swap/v3/quotes?sellTokenAddress=0x033068f6539f8e6e6b131e6b2b814e6c34a5224bc66947c47dab9dfee93b35fb&buyTokenAddress=0x36834a40984312f7f7de8d31e3f6305b325389eaeea5b1c0664b2fb936461a4&sellAmount=0x2540be400&size=1,"[{""name"": ""Ekubo"", ""pool"": ""0x160f5d987caf56d8109427919172c1e45ef366ea1d7dcf105a3c5a5e794aea3"", ""share_of_parent"": 1.0}, {""name"": ""StarkDefi"", ""pool"": ""0x1d98b1dd7b200d0540a76fe94ff3ab1148b1935c6cbff894e77347777cceca7"", ""share_of_parent"": 1.0}, {""name"": ""Ekubo"", ""pool"": ""0x2467bb4eb511fdc56ef808fa222bef1add7b0e741cf57edd2b95bcdf0fd3bbb"", ""share_of_parent"": 1.0}]",quote-LBTC-buy-10000.json
LBTC,0x36834a40984312f7f7de8d31e3f6305b325389eaeea5b1c0664b2fb936461a4,True,buy,100000,99.887848071679,143947,,2026-09-18T09:59:49.441353+00:00,https://starknet.api.avnu.fi/swap/v3/quotes?sellTokenAddress=0x033068f6539f8e6e6b131e6b2b814e6c34a5224bc66947c47dab9dfee93b35fb&buyTokenAddress=0x36834a40984312f7f7de8d31e3f6305b325389eaeea5b1c0664b2fb936461a4&sellAmount=0x174876e800&size=1,"[{""name"": ""Ekubo(Oracle)"", ""pool"": ""0x11c6618b5abc3c0a95cbc7f33c9c52ae0598862a6b7a2f3d64e90e833d8b854"", ""share_of_parent"": 1.0}, {""name"": ""Ekubo(Twamm)"", ""pool"": ""0x38fbaa3286bcd974a4882213938342c612287200dc6e9fa7a199d33195ba8ce"", ""share_of_parent"": 1.0}, {""name"": ""Ekubo"", ""pool"": ""0x2467bb4eb511fdc56ef808fa222bef1add7b0e741cf57edd2b95bcdf0fd3bbb"", ""share_of_parent"": 1.0}]",quote-LBTC-buy-100000.json
LBTC,0x36834a40984312f7f7de8d31e3f6305b325389eaeea5b1c0664b2fb936461a4,True,sell,10,0.0,9891112,9.891112,2026-09-18T10:05:31.571240+00:00,https://starknet.api.avnu.fi/swap/v3/quotes?sellTokenAddress=0x36834a40984312f7f7de8d31e3f6305b325389eaeea5b1c0664b2fb936461a4&buyTokenAddress=0x033068f6539f8e6e6b131e6b2b814e6c34a5224bc66947c47dab9dfee93b35fb&sellAmount=0x31d3&size=1,"[{""name"": ""Ekubo"", ""pool"": ""0x2467bb4eb511fdc56ef808fa222bef1add7b0e741cf57edd2b95bcdf0fd3bbb"", ""share_of_parent"": 1.0}, {""name"": ""Ekubo"", ""pool"": ""0x777df52c2a1966773817eacf5d36481fb77679fa915c78bf7dc6dd3db2c105"", ""share_of_parent"": 1.0}, {""name"": ""0dAMM"", ""pool"": ""0x256462984b6063ffe3d674449892577ab3777ad0ac0b2109797800914dcf1c1"", ""share_of_parent"": 1.0}]",quote-LBTC-sell-10.json
LBTC,0x36834a40984312f7f7de8d31e3f6305b325389eaeea5b1c0664b2fb936461a4,True,sell,100,59.67454013259581,39886364,39.886364,2026-09-18T10:05:32.625561+00:00,https://starknet.api.avnu.fi/swap/v3/quotes?sellTokenAddress=0x36834a40984312f7f7de8d31e3f6305b325389eaeea5b1c0664b2fb936461a4&buyTokenAddress=0x033068f6539f8e6e6b131e6b2b814e6c34a5224bc66947c47dab9dfee93b35fb&sellAmount=0x1f243&size=1,"[{""name"": ""Endur"", ""pool"": ""0x7dd3c80de9fcc5545f0cb83678826819c79619ed7992cc06ff81fc67cd2efe0"", ""share_of_parent"": 0.3459487431}, {""name"": ""Ekubo(Oracle)"", ""pool"": ""0x65c244ba78e9e85e95b49121498d49626f154025fb75caf4405067b8a2bdd80"", ""share_of_parent"": 1.0}, {""name"": ""Ekubo(Oracle)"", ""pool"": ""0x11c6618b5abc3c0a95cbc7f33c9c52ae0598862a6b7a2f3d64e90e833d8b854"", ""share_of_parent"": 0.5693657792}, {""name"": ""Ekubo"", ""pool"": ""0x4edf688b34e7a4e58f6e52dbc8f24847f2df6089f2d747980b85ad4be05bdc9"", ""share_of_parent"": 0.0344171109}, {""name"": ""Ekubo(Twamm)"", ""pool"": ""0xac07e0ceccf6dc4a8fb5c26932864c249f7c92cb73452cb3791a5a6dd4b48"", ""share_of_parent"": 0.39621710990000003}, {""name"": ""Ekubo"", ""pool"": ""0x2467bb4eb511fdc56ef808fa222bef1add7b0e741cf57edd2b95bcdf0fd3bbb"", ""share_of_parent"": 0.332584081}, {""name"": ""Ekubo"", ""pool"": ""0x70c7729dcb5b2eab110331619cdc5c7ab894ff0b604b2dd3204df40517202a5"", ""share_of_parent"": 0.964996781}, {""name"": ""0dAMM"", ""pool"": ""0xd7b9aeed671dfd92653c682fb4a06db88fed691c5c8c7c6e74c8ef5421159c"", ""share_of_parent"": 1.0}, {""name"": ""Ekubo(Oracle)"", ""pool"": ""0x73e881469d199cda961217110f4a67af4692eaeffd578e1896f7d73f9ed467d"", ""share_of_parent"": 0.03500321900000001}, {""name"": ""Ekubo(Twamm)"", ""pool"": ""0xac07e0ceccf6dc4a8fb5c26932864c249f7c92cb73452cb3791a5a6dd4b48"", ""share_of_parent"": 1.0}, {""name"": ""Ekubo"", ""pool"": ""0x52d6496334f41048895f1df9077b9cde39983f630974652eee51a8285566d78"", ""share_of_parent"": 0.0231768694}, {""name"": ""Ekubo(Oracle)"", ""pool"": ""0x65c244ba78e9e85e95b49121498d49626f154025fb75caf4405067b8a2bdd80"", ""share_of_parent"": 1.0}, {""name"": ""Ekubo(Oracle)"", ""pool"": ""0x11c6618b5abc3c0a95cbc7f33c9c52ae0598862a6b7a2f3d64e90e833d8b854"", ""share_of_parent"": 1.0}, {""name"": ""Ekubo"", ""pool"": ""0x214aa46d7aaf366712c6339b7d8c4bd261eeb53fde5b5b3681027f7e75011b4"", ""share_of_parent"": 0.0423017828}, {""name"": ""Ekubo"", ""pool"": ""0x70c7729dcb5b2eab110331619cdc5c7ab894ff0b604b2dd3204df40517202a5"", ""share_of_parent"": 1.0}, {""name"": ""0dAMM"", ""pool"": ""0xd7b9aeed671dfd92653c682fb4a06db88fed691c5c8c7c6e74c8ef5421159c"", ""share_of_parent"": 1.0}, {""name"": ""Ekubo(Oracle)"", ""pool"": ""0x5b32fd277195f9f912dd4d7c2a34ddbd4fb447bfab8bec241d0f5c4e2febc7d"", ""share_of_parent"": 0.25598852370000014}, {""name"": ""Ekubo(Oracle)"", ""pool"": ""0x1ffb67abd2e7533c95f9460fcc8a97e7b18f5ccc8e63fbee3490f61d3d7c892"", ""share_of_parent"": 0.7790001759}, {""name"": ""0dAMM"", ""pool"": ""0x256462984b6063ffe3d674449892577ab3777ad0ac0b2109797800914dcf1c1"", ""share_of_parent"": 1.0}, {""name"": ""Ekubo(Twamm)"", ""pool"": ""0x7a2848b1c028d36baba6e65040e40523cad504ae08f272b8d400615f5e20141"", ""share_of_parent"": 0.22099982410000002}, {""name"": ""Ekubo"", ""pool"": ""0x10e713b3b787247e9db52188d114b27165426f773e10d1acc5285ff776fa9c7"", ""share_of_parent"": 1.0}]",quote-LBTC-sell-100.json
LBTC,0x36834a40984312f7f7de8d31e3f6305b325389eaeea5b1c0664b2fb936461a4,True,sell,1000,95.95372916614431,40022118,40.022118,2026-09-18T10:05:33.094805+00:00,https://starknet.api.avnu.fi/swap/v3/quotes?sellTokenAddress=0x36834a40984312f7f7de8d31e3f6305b325389eaeea5b1c0664b2fb936461a4&buyTokenAddress=0x033068f6539f8e6e6b131e6b2b814e6c34a5224bc66947c47dab9dfee93b35fb&sellAmount=0x1376a7&size=1,"[{""name"": ""Endur"", ""pool"": ""0x7dd3c80de9fcc5545f0cb83678826819c79619ed7992cc06ff81fc67cd2efe0"", ""share_of_parent"": 0.5520950929}, {""name"": ""Ekubo(Oracle)"", ""pool"": ""0x65c244ba78e9e85e95b49121498d49626f154025fb75caf4405067b8a2bdd80"", ""share_of_parent"": 1.0}, {""name"": ""Ekubo"", ""pool"": ""0x4edf688b34e7a4e58f6e52dbc8f24847f2df6089f2d747980b85ad4be05bdc9"", ""share_of_parent"": 0.500693305}, {""name"": ""Ekubo(Twamm)"", ""pool"": ""0xac07e0ceccf6dc4a8fb5c26932864c249f7c92cb73452cb3791a5a6dd4b48"", ""share_of_parent"": 0.499306695}, {""name"": ""Ekubo"", ""pool"": ""0x2467bb4eb511fdc56ef808fa222bef1add7b0e741cf57edd2b95bcdf0fd3bbb"", ""share_of_parent"": 0.0332581387}, {""name"": ""Ekubo"", ""pool"": ""0x70c7729dcb5b2eab110331619cdc5c7ab894ff0b604b2dd3204df40517202a5"", ""share_of_parent"": 0.9405775329}, {""name"": ""0dAMM"", ""pool"": ""0xd7b9aeed671dfd92653c682fb4a06db88fed691c5c8c7c6e74c8ef5421159c"", ""share_of_parent"": 1.0}, {""name"": ""Ekubo(Oracle)"", ""pool"": ""0x73e881469d199cda961217110f4a67af4692eaeffd578e1896f7d73f9ed467d"", ""share_of_parent"": 0.05942246710000001}, {""name"": ""Ekubo(Twamm)"", ""pool"": ""0xac07e0ceccf6dc4a8fb5c26932864c249f7c92cb73452cb3791a5a6dd4b48"", ""share_of_parent"": 1.0}, {""name"": ""Ekubo"", ""pool"": ""0x214aa46d7aaf366712c6339b7d8c4bd261eeb53fde5b5b3681027f7e75011b4"", ""share_of_parent"": 0.0042299477}, {""name"": ""Ekubo"", ""pool"": ""0x70c7729dcb5b2eab110331619cdc5c7ab894ff0b604b2dd3204df40517202a5"", ""share_of_parent"": 1.0}, {""name"": ""0dAMM"", ""pool"": ""0xd7b9aeed671dfd92653c682fb4a06db88fed691c5c8c7c6e74c8ef5421159c"", ""share_of_parent"": 1.0}, {""name"": ""Ekubo(Oracle)"", ""pool"": ""0x5b32fd277195f9f912dd4d7c2a34ddbd4fb447bfab8bec241d0f5c4e2febc7d"", ""share_of_parent"": 0.4104168207}, {""name"": ""Ekubo(Oracle)"", ""pool"": ""0x1ffb67abd2e7533c95f9460fcc8a97e7b18f5ccc8e63fbee3490f61d3d7c892"", ""share_of_parent"": 0.9976880902}, {""name"": ""0dAMM"", ""pool"": ""0x256462984b6063ffe3d674449892577ab3777ad0ac0b2109797800914dcf1c1"", ""share_of_parent"": 1.0}, {""name"": ""Ekubo(Twamm)"", ""pool"": ""0x7a2848b1c028d36baba6e65040e40523cad504ae08f272b8d400615f5e20141"", ""share_of_parent"": 0.002311909800000008}, {""name"": ""Ekubo"", ""pool"": ""0x10e713b3b787247e9db52188d114b27165426f773e10d1acc5285ff776fa9c7"", ""share_of_parent"": 1.0}]",quote-LBTC-sell-1000.json
LBTC,0x36834a40984312f7f7de8d31e3f6305b325389eaeea5b1c0664b2fb936461a4,True,sell,10000,99.98167636763186,1812411,1.812411,2026-09-18T10:05:33.493319+00:00,https://starknet.api.avnu.fi/swap/v3/quotes?sellTokenAddress=0x36834a40984312f7f7de8d31e3f6305b325389eaeea5b1c0664b2fb936461a4&buyTokenAddress=0x033068f6539f8e6e6b131e6b2b814e6c34a5224bc66947c47dab9dfee93b35fb&sellAmount=0xc2a289&size=1,"[{""name"": ""Endur"", ""pool"": ""0x7dd3c80de9fcc5545f0cb83678826819c79619ed7992cc06ff81fc67cd2efe0"", ""share_of_parent"": 1.0}, {""name"": ""Ekubo(Oracle)"", ""pool"": ""0x65c244ba78e9e85e95b49121498d49626f154025fb75caf4405067b8a2bdd80"", ""share_of_parent"": 1.0}, {""name"": ""Ekubo(Twamm)"", ""pool"": ""0xac07e0ceccf6dc4a8fb5c26932864c249f7c92cb73452cb3791a5a6dd4b48"", ""share_of_parent"": 1.0}]",quote-LBTC-sell-10000.json
LBTC,0x36834a40984312f7f7de8d31e3f6305b325389eaeea5b1c0664b2fb936461a4,True,sell,100000,99.96767166826136,31976315,31.976315,2026-09-18T10:05:33.971293+00:00,https://starknet.api.avnu.fi/swap/v3/quotes?sellTokenAddress=0x36834a40984312f7f7de8d31e3f6305b325389eaeea5b1c0664b2fb936461a4&buyTokenAddress=0x033068f6539f8e6e6b131e6b2b814e6c34a5224bc66947c47dab9dfee93b35fb&sellAmount=0x79a5961&size=1,"[{""name"": ""Endur"", ""pool"": ""0x7dd3c80de9fcc5545f0cb83678826819c79619ed7992cc06ff81fc67cd2efe0"", ""share_of_parent"": 0.5899835894}, {""name"": ""Ekubo(Oracle)"", ""pool"": ""0x65c244ba78e9e85e95b49121498d49626f154025fb75caf4405067b8a2bdd80"", ""share_of_parent"": 1.0}, {""name"": ""Ekubo(Oracle)"", ""pool"": ""0x1ffb67abd2e7533c95f9460fcc8a97e7b18f5ccc8e63fbee3490f61d3d7c892"", ""share_of_parent"": 0.9902670732}, {""name"": ""0dAMM"", ""pool"": ""0x256462984b6063ffe3d674449892577ab3777ad0ac0b2109797800914dcf1c1"", ""share_of_parent"": 1.0}, {""name"": ""Ekubo(Oracle)"", ""pool"": ""0xbc670cdb0ba806fd70697ca13b592c000e34fbfb92cc0a3a25eda97bb4f647"", ""share_of_parent"": 0.009728829}, {""name"": ""0dAMM"", ""pool"": ""0xd7b9aeed671dfd92653c682fb4a06db88fed691c5c8c7c6e74c8ef5421159c"", ""share_of_parent"": 1.0}, {""name"": ""Ekubo(Twamm)"", ""pool"": ""0xac07e0ceccf6dc4a8fb5c26932864c249f7c92cb73452cb3791a5a6dd4b48"", ""share_of_parent"": 4.097800000008274e-06}, {""name"": ""Ekubo"", ""pool"": ""0x2467bb4eb511fdc56ef808fa222bef1add7b0e741cf57edd2b95bcdf0fd3bbb"", ""share_of_parent"": 0.0002921869}, {""name"": ""Ekubo"", ""pool"": ""0x144aeb3f417951bba73dd04b237f72d611d1b2e124fdf590528f57c704990ff"", ""share_of_parent"": 1.0}, {""name"": ""Ekubo"", ""pool"": ""0x4ffe087d21be7dc329d29721d169f5f6522a6fce624e8ac3aed285c3fb42f50"", ""share_of_parent"": 1.0}, {""name"": ""0dAMM"", ""pool"": ""0xd7b9aeed671dfd92653c682fb4a06db88fed691c5c8c7c6e74c8ef5421159c"", ""share_of_parent"": 1.0}, {""name"": ""Ekubo(Oracle)"", ""pool"": ""0x5b32fd277195f9f912dd4d7c2a34ddbd4fb447bfab8bec241d0f5c4e2febc7d"", ""share_of_parent"": 0.4097242237}, {""name"": ""Ekubo(Oracle)"", ""pool"": ""0x776b7139d086fd1923ae44af105af160490f3c1c950cd31d650351c9afd7ec"", ""share_of_parent"": 0.9999989172}, {""name"": ""Nostra"", ""pool"": ""0x577521a1f005bd663d0fa7f37f0dbac4d7f55b98791d280b158346d9551ff2b"", ""share_of_parent"": 0.9937299885}, {""name"": ""0dAMM"", ""pool"": ""0x256462984b6063ffe3d674449892577ab3777ad0ac0b2109797800914dcf1c1"", ""share_of_parent"": 1.0}, {""name"": ""Ekubo"", ""pool"": ""0x73ca5520717ab0f580bd794b4c4cde8bb8a2ecd17c77c62af01082c2c9f668e"", ""share_of_parent"": 0.006270011499999897}, {""name"": ""0dAMM"", ""pool"": ""0x256462984b6063ffe3d674449892577ab3777ad0ac0b2109797800914dcf1c1"", ""share_of_parent"": 1.0}, {""name"": ""Ekubo(Twamm)"", ""pool"": ""0xac07e0ceccf6dc4a8fb5c26932864c249f7c92cb73452cb3791a5a6dd4b48"", ""share_of_parent"": 1.082800000008274e-06}]",quote-LBTC-sell-100000.json
LORDS,0x124aeb495b947201f5fac96fd1138e326ad86195b98df6dec9009158a533b49,False,buy,10,0.0,4008817672993808318464,,2026-09-18T09:59:38.912319+00:00,https://starknet.api.avnu.fi/swap/v3/quotes?sellTokenAddress=0x033068f6539f8e6e6b131e6b2b814e6c34a5224bc66947c47dab9dfee93b35fb&buyTokenAddress=0x0124aeb495b947201f5fac96fd1138e326ad86195b98df6dec9009158a533b49&sellAmount=0x989680&size=1,"[{""name"": ""0dAMM"", ""pool"": ""0xd7b9aeed671dfd92653c682fb4a06db88fed691c5c8c7c6e74c8ef5421159c"", ""share_of_parent"": 1.0}, {""name"": ""Ekubo"", ""pool"": ""0x4ffe087d21be7dc329d29721d169f5f6522a6fce624e8ac3aed285c3fb42f50"", ""share_of_parent"": 1.0}, {""name"": ""Ekubo"", ""pool"": ""0x55b5f9772697ad743ec6729541afa517c349097d1cced3abf77fa2e7307d8b9"", ""share_of_parent"": 1.0}, {""name"": ""Ekubo"", ""pool"": ""0x35cc20154862853726e4b023bd2618940bbb3baadc7111f393b3dcad21bfb75"", ""share_of_parent"": 1.0}]",quote-LORDS-buy-10.json
LORDS,0x124aeb495b947201f5fac96fd1138e326ad86195b98df6dec9009158a533b49,False,buy,100,0.31469430701746015,39962021519981868482560,,2026-09-18T09:59:42.128779+00:00,https://starknet.api.avnu.fi/swap/v3/quotes?sellTokenAddress=0x033068f6539f8e6e6b131e6b2b814e6c34a5224bc66947c47dab9dfee93b35fb&buyTokenAddress=0x0124aeb495b947201f5fac96fd1138e326ad86195b98df6dec9009158a533b49&sellAmount=0x5f5e100&size=1,"[{""name"": ""0dAMM"", ""pool"": ""0xd7b9aeed671dfd92653c682fb4a06db88fed691c5c8c7c6e74c8ef5421159c"", ""share_of_parent"": 1.0}, {""name"": ""Ekubo"", ""pool"": ""0x4ffe087d21be7dc329d29721d169f5f6522a6fce624e8ac3aed285c3fb42f50"", ""share_of_parent"": 1.0}, {""name"": ""Ekubo"", ""pool"": ""0x55b5f9772697ad743ec6729541afa517c349097d1cced3abf77fa2e7307d8b9"", ""share_of_parent"": 1.0}, {""name"": ""Ekubo"", ""pool"": ""0x35cc20154862853726e4b023bd2618940bbb3baadc7111f393b3dcad21bfb75"", ""share_of_parent"": 1.0}]",quote-LORDS-buy-100.json
LORDS,0x124aeb495b947201f5fac96fd1138e326ad86195b98df6dec9009158a533b49,False,buy,1000,2.728033346343317,389945579008043295703040,,2026-09-18T09:59:43.808910+00:00,https://starknet.api.avnu.fi/swap/v3/quotes?sellTokenAddress=0x033068f6539f8e6e6b131e6b2b814e6c34a5224bc66947c47dab9dfee93b35fb&buyTokenAddress=0x0124aeb495b947201f5fac96fd1138e326ad86195b98df6dec9009158a533b49&sellAmount=0x3b9aca00&size=1,"[{""name"": ""Ekubo"", ""pool"": ""0x160f5d987caf56d8109427919172c1e45ef366ea1d7dcf105a3c5a5e794aea3"", ""share_of_parent"": 0.5176963036}, {""name"": ""Ekubo"", ""pool"": ""0x35cc20154862853726e4b023bd2618940bbb3baadc7111f393b3dcad21bfb75"", ""share_of_parent"": 0.9709407275}, {""name"": ""Ekubo(Twamm)"", ""pool"": ""0x6b3996bda3ae0d02fbfbe923c7aaad4d36753480a239562d859bbbbfba91f0e"", ""share_of_parent"": 0.029059272500000007}, {""name"": ""Ekubo"", ""pool"": ""0x3b8bb80f88207c0ed6a28b6f1152e97a8d8244b508497be52320ad1b63523d3"", ""share_of_parent"": 0.2103916083}, {""name"": ""Ekubo"", ""pool"": ""0xc25669ed8b70551736c7833dc0fde2d93d7829df3c0969aaadc642a36d4c98"", ""share_of_parent"": 1.0}, {""name"": ""Ekubo"", ""pool"": ""0x35cc20154862853726e4b023bd2618940bbb3baadc7111f393b3dcad21bfb75"", ""share_of_parent"": 0.9160634563}, {""name"": ""JediSwap"", ""pool"": ""0x2b3030c04e9c920bd66c6a8dc209717bbefa1ea5f8bc8ebabd639e5a4766502"", ""share_of_parent"": 0.0839365437}, {""name"": ""0dAMM"", ""pool"": ""0xd7b9aeed671dfd92653c682fb4a06db88fed691c5c8c7c6e74c8ef5421159c"", ""share_of_parent"": 0.2544995004}, {""name"": ""Ekubo"", ""pool"": ""0x4ffe087d21be7dc329d29721d169f5f6522a6fce624e8ac3aed285c3fb42f50"", ""share_of_parent"": 0.9626872809}, {""name"": ""Ekubo"", ""pool"": ""0x55b5f9772697ad743ec6729541afa517c349097d1cced3abf77fa2e7307d8b9"", ""share_of_parent"": 1.0}, {""name"": ""Ekubo"", ""pool"": ""0x35cc20154862853726e4b023bd2618940bbb3baadc7111f393b3dcad21bfb75"", ""share_of_parent"": 1.0}, {""name"": ""Ekubo"", ""pool"": ""0x5f9649a7d7168744c1ae08e63fae860172c20b33e7d69f685832746ea1fb429"", ""share_of_parent"": 0.03731271910000001}, {""name"": ""Ekubo(Twamm)"", ""pool"": ""0x23aa2c4606035cdef2baab9944dcecb2be7562cecf22cbc5ffcdb9869d45210"", ""share_of_parent"": 0.017412587700000023}, {""name"": ""Ekubo(Twamm)"", ""pool"": ""0x746910c5cb099c19a05da12e88d1b5a89965e8758bec02110ebb8a8b3323e7b"", ""share_of_parent"": 1.0}]",quote-LORDS-buy-1000.json
LORDS,0x124aeb495b947201f5fac96fd1138e326ad86195b98df6dec9009158a533b49,False,buy,10000,21.421025634761794,3150087811610943653150720,,2026-09-18T09:59:45.859554+00:00,https://starknet.api.avnu.fi/swap/v3/quotes?sellTokenAddress=0x033068f6539f8e6e6b131e6b2b814e6c34a5224bc66947c47dab9dfee93b35fb&buyTokenAddress=0x0124aeb495b947201f5fac96fd1138e326ad86195b98df6dec9009158a533b49&sellAmount=0x2540be400&size=1,"[{""name"": ""Ekubo"", ""pool"": ""0x59592b427f28fea4683279a034e443c03125e1159ab0b14cc29a04ecf57a443"", ""share_of_parent"": 0.1224299979}, {""name"": ""Ekubo"", ""pool"": ""0x55b5f9772697ad743ec6729541afa517c349097d1cced3abf77fa2e7307d8b9"", ""share_of_parent"": 1.0}, {""name"": ""Ekubo"", ""pool"": ""0x35cc20154862853726e4b023bd2618940bbb3baadc7111f393b3dcad21bfb75"", ""share_of_parent"": 1.0}, {""name"": ""Ekubo"", ""pool"": ""0x160f5d987caf56d8109427919172c1e45ef366ea1d7dcf105a3c5a5e794aea3"", ""share_of_parent"": 0.4618210348}, {""name"": ""Ekubo"", ""pool"": ""0x35cc20154862853726e4b023bd2618940bbb3baadc7111f393b3dcad21bfb75"", ""share_of_parent"": 0.9694485289}, {""name"": ""Ekubo(Twamm)"", ""pool"": ""0x6b3996bda3ae0d02fbfbe923c7aaad4d36753480a239562d859bbbbfba91f0e"", ""share_of_parent"": 0.03055147110000001}, {""name"": ""Ekubo"", ""pool"": ""0x3b8bb80f88207c0ed6a28b6f1152e97a8d8244b508497be52320ad1b63523d3"", ""share_of_parent"": 0.0925236248}, {""name"": ""Ekubo"", ""pool"": ""0xc25669ed8b70551736c7833dc0fde2d93d7829df3c0969aaadc642a36d4c98"", ""share_of_parent"": 1.0}, {""name"": ""Ekubo"", ""pool"": ""0x35cc20154862853726e4b023bd2618940bbb3baadc7111f393b3dcad21bfb75"", ""share_of_parent"": 1.0}, {""name"": ""Ekubo"", ""pool"": ""0x2e65ce680bf9243a7d3b0c40200c015f66be7602bfe8e24a0b4bbd2f4b0997"", ""share_of_parent"": 0.0362881398}, {""name"": ""Ekubo"", ""pool"": ""0x144aeb3f417951bba73dd04b237f72d611d1b2e124fdf590528f57c704990ff"", ""share_of_parent"": 1.0}, {""name"": ""Ekubo"", ""pool"": ""0x55b5f9772697ad743ec6729541afa517c349097d1cced3abf77fa2e7307d8b9"", ""share_of_parent"": 1.0}, {""name"": ""Ekubo"", ""pool"": ""0x35cc20154862853726e4b023bd2618940bbb3baadc7111f393b3dcad21bfb75"", ""share_of_parent"": 1.0}, {""name"": ""0dAMM"", ""pool"": ""0xd7b9aeed671dfd92653c682fb4a06db88fed691c5c8c7c6e74c8ef5421159c"", ""share_of_parent"": 0.045063792}, {""name"": ""Ekubo"", ""pool"": ""0x4ffe087d21be7dc329d29721d169f5f6522a6fce624e8ac3aed285c3fb42f50"", ""share_of_parent"": 0.7995114481}, {""name"": ""Ekubo"", ""pool"": ""0x55b5f9772697ad743ec6729541afa517c349097d1cced3abf77fa2e7307d8b9"", ""share_of_parent"": 1.0}, {""name"": ""Ekubo"", ""pool"": ""0x35cc20154862853726e4b023bd2618940bbb3baadc7111f393b3dcad21bfb75"", ""share_of_parent"": 1.0}, {""name"": ""Ekubo"", ""pool"": ""0x5f9649a7d7168744c1ae08e63fae860172c20b33e7d69f685832746ea1fb429"", ""share_of_parent"": 0.2004885519}, {""name"": ""Ekubo(Twamm)"", ""pool"": ""0x23aa2c4606035cdef2baab9944dcecb2be7562cecf22cbc5ffcdb9869d45210"", ""share_of_parent"": 0.0318006273}, {""name"": ""Ekubo(Twamm)"", ""pool"": ""0x746910c5cb099c19a05da12e88d1b5a89965e8758bec02110ebb8a8b3323e7b"", ""share_of_parent"": 1.0}, {""name"": ""0dAMM"", ""pool"": ""0x256462984b6063ffe3d674449892577ab3777ad0ac0b2109797800914dcf1c1"", ""share_of_parent"": 0.21007278340000002}, {""name"": ""Ekubo"", ""pool"": ""0x35cc20154862853726e4b023bd2618940bbb3baadc7111f393b3dcad21bfb75"", ""share_of_parent"": 0.9186619448}, {""name"": ""JediSwap"", ""pool"": ""0x2b3030c04e9c920bd66c6a8dc209717bbefa1ea5f8bc8ebabd639e5a4766502"", ""share_of_parent"": 0.08133805520000001}]",quote-LORDS-buy-10000.json
LORDS,0x124aeb495b947201f5fac96fd1138e326ad86195b98df6dec9009158a533b49,False,buy,100000,72.98977919956678,10827905049624162844278784,,2026-09-18T09:59:47.489823+00:00,https://starknet.api.avnu.fi/swap/v3/quotes?sellTokenAddress=0x033068f6539f8e6e6b131e6b2b814e6c34a5224bc66947c47dab9dfee93b35fb&buyTokenAddress=0x0124aeb495b947201f5fac96fd1138e326ad86195b98df6dec9009158a533b49&sellAmount=0x174876e800&size=1,"[{""name"": ""Ekubo"", ""pool"": ""0x59592b427f28fea4683279a034e443c03125e1159ab0b14cc29a04ecf57a443"", ""share_of_parent"": 0.2932667332}, {""name"": ""Ekubo"", ""pool"": ""0x55b5f9772697ad743ec6729541afa517c349097d1cced3abf77fa2e7307d8b9"", ""share_of_parent"": 1.0}, {""name"": ""Ekubo"", ""pool"": ""0x35cc20154862853726e4b023bd2618940bbb3baadc7111f393b3dcad21bfb75"", ""share_of_parent"": 1.0}, {""name"": ""Ekubo"", ""pool"": ""0x160f5d987caf56d8109427919172c1e45ef366ea1d7dcf105a3c5a5e794aea3"", ""share_of_parent"": 0.3976783216}, {""name"": ""Ekubo"", ""pool"": ""0x35cc20154862853726e4b023bd2618940bbb3baadc7111f393b3dcad21bfb75"", ""share_of_parent"": 0.9227895646}, {""name"": ""JediSwap"", ""pool"": ""0x2b3030c04e9c920bd66c6a8dc209717bbefa1ea5f8bc8ebabd639e5a4766502"", ""share_of_parent"": 0.0423490238}, {""name"": ""Ekubo(Twamm)"", ""pool"": ""0x6b3996bda3ae0d02fbfbe923c7aaad4d36753480a239562d859bbbbfba91f0e"", ""share_of_parent"": 0.03486141160000002}, {""name"": ""Ekubo"", ""pool"": ""0x3b8bb80f88207c0ed6a28b6f1152e97a8d8244b508497be52320ad1b63523d3"", ""share_of_parent"": 0.0584995004}, {""name"": ""10kSwap"", ""pool"": ""0x23c72abdf49dffc85ae3ede714f2168ad384cc67d08524732acea90df325"", ""share_of_parent"": 0.1051958806}, {""name"": ""Ekubo"", ""pool"": ""0x35cc20154862853726e4b023bd2618940bbb3baadc7111f393b3dcad21bfb75"", ""share_of_parent"": 1.0}, {""name"": ""JediSwap"", ""pool"": ""0x4d0390b777b424e43839cd1e744799f3de6c176c7e32c1812a41dbd9c19db6a"", ""share_of_parent"": 0.0971693562}, {""name"": ""Ekubo"", ""pool"": ""0x35cc20154862853726e4b023bd2618940bbb3baadc7111f393b3dcad21bfb75"", ""share_of_parent"": 1.0}, {""name"": ""Ekubo"", ""pool"": ""0xc25669ed8b70551736c7833dc0fde2d93d7829df3c0969aaadc642a36d4c98"", ""share_of_parent"": 0.7726341762}, {""name"": ""Ekubo"", ""pool"": ""0x35cc20154862853726e4b023bd2618940bbb3baadc7111f393b3dcad21bfb75"", ""share_of_parent"": 1.0}, {""name"": ""Ekubo"", ""pool"": ""0x305a929dfbafeb094fe63430e7f14f9b43a86b29831e3f21088e345ee145d91"", ""share_of_parent"": 0.025000587000000025}, {""name"": ""Ekubo"", ""pool"": ""0x35cc20154862853726e4b023bd2618940bbb3baadc7111f393b3dcad21bfb75"", ""share_of_parent"": 1.0}, {""name"": ""Ekubo"", ""pool"": ""0x2e65ce680bf9243a7d3b0c40200c015f66be7602bfe8e24a0b4bbd2f4b0997"", ""share_of_parent"": 0.025076923}, {""name"": ""Nostra"", ""pool"": ""0x1583919ffd78e87fa28fdf6b6a805fe3ddf52f754a63721dcd4c258211129a6"", ""share_of_parent"": 0.8866565784}, {""name"": ""Ekubo"", ""pool"": ""0x35cc20154862853726e4b023bd2618940bbb3baadc7111f393b3dcad21bfb75"", ""share_of_parent"": 1.0}, {""name"": ""Ekubo"", ""pool"": ""0x777df52c2a1966773817eacf5d36481fb77679fa915c78bf7dc6dd3db2c105"", ""share_of_parent"": 0.11334342160000001}, {""name"": ""Ekubo"", ""pool"": ""0x35cc20154862853726e4b023bd2618940bbb3baadc7111f393b3dcad21bfb75"", ""share_of_parent"": 1.0}, {""name"": ""Ekubo"", ""pool"": ""0x7dfd50ffb20b9192a67fea997bb2ecc4a35346dd6bb82b37f274c004f53c0f1"", ""share_of_parent"": 0.0101298701}, {""name"": ""10kSwap"", ""pool"": ""0x5900cfa2b50d53b097cb305d54e249e31f24f881885aae5639b0cd6af4ed298"", ""share_of_parent"": 0.3037795695}, {""name"": ""Ekubo"", ""pool"": ""0x35cc20154862853726e4b023bd2618940bbb3baadc7111f393b3dcad21bfb75"", ""share_of_parent"": 1.0}, {""name"": ""JediSwap"", ""pool"": ""0x45e7131d776dddc137e30bdd490b431c7144677e97bf9369f629ed8d3fb7dd6"", ""share_of_parent"": 0.3049350096}, {""name"": ""Ekubo"", ""pool"": ""0x35cc20154862853726e4b023bd2618940bbb3baadc7111f393b3dcad21bfb75"", ""share_of_parent"": 1.0}, {""name"": ""Ekubo"", ""pool"": ""0x7fe6f9d2b9f69632211a116ff0749f1277bc214622fc1e772dd280b24dc8473"", ""share_of_parent"": 0.3912854209}, {""name"": ""Ekubo"", ""pool"": ""0x35cc20154862853726e4b023bd2618940bbb3baadc7111f393b3dcad21bfb75"", ""share_of_parent"": 1.0}, {""name"": ""0dAMM"", ""pool"": ""0xd7b9aeed671dfd92653c682fb4a06db88fed691c5c8c7c6e74c8ef5421159c"", ""share_of_parent"": 0.0102657342}, {""name"": ""Ekubo"", ""pool"": ""0x2d91a3f0b1e68b0d5e6f27fb649dcaef141c4efdedb9305764fe22382fc03f0"", ""share_of_parent"": 0.0996752197}, {""name"": ""Ekubo"", ""pool"": ""0x35cc20154862853726e4b023bd2618940bbb3baadc7111f393b3dcad21bfb75"", ""share_of_parent"": 1.0}, {""name"": ""JediSwap"", ""pool"": ""0x2ed66297d146ecd91595c3174da61c1397e8b7fcecf25d423b1ba6717b0ece9"", ""share_of_parent"": 0.0085655752}, {""name"": ""Ekubo"", ""pool"": ""0x35cc20154862853726e4b023bd2618940bbb3baadc7111f393b3dcad21bfb75"", ""share_of_parent"": 1.0}, {""name"": ""Ekubo"", ""pool"": ""0x5f9649a7d7168744c1ae08e63fae860172c20b33e7d69f685832746ea1fb429"", ""share_of_parent"": 0.8917592051000001}, {""name"": ""Ekubo(Twamm)"", ""pool"": ""0x23aa2c4606035cdef2baab9944dcecb2be7562cecf22cbc5ffcdb9869d45210"", ""share_of_parent"": 0.0329190809}, {""name"": ""Ekubo(Twamm)"", ""pool"": ""0x746910c5cb099c19a05da12e88d1b5a89965e8758bec02110ebb8a8b3323e7b"", ""share_of_parent"": 1.0}, {""name"": ""Ekubo(Oracle)"", ""pool"": ""0x11c6618b5abc3c0a95cbc7f33c9c52ae0598862a6b7a2f3d64e90e833d8b854"", ""share_of_parent"": 0.0008611388}, {""name"": ""Ekubo(Oracle)"", ""pool"": ""0x1ffb67abd2e7533c95f9460fcc8a97e7b18f5ccc8e63fbee3490f61d3d7c892"", ""share_of_parent"": 1.0}, {""name"": ""Ekubo"", ""pool"": ""0x35cc20154862853726e4b023bd2618940bbb3baadc7111f393b3dcad21bfb75"", ""share_of_parent"": 1.0}, {""name"": ""0dAMM"", ""pool"": ""0x256462984b6063ffe3d674449892577ab3777ad0ac0b2109797800914dcf1c1"", ""share_of_parent"": 0.1216083916}, {""name"": ""Ekubo"", ""pool"": ""0x35cc20154862853726e4b023bd2618940bbb3baadc7111f393b3dcad21bfb75"", ""share_of_parent"": 1.0}, {""name"": ""0dAMM"", ""pool"": ""0x1bfb102cbf19897dc230d4f6032f5d660454706d52944ff74ab237ee18723ec"", ""share_of_parent"": 0.0451768231}, {""name"": ""JediSwap"", ""pool"": ""0x260e98362e0949fefff8b4de85367c035e44f734c9f8069b6ce2075ae86b45c"", ""share_of_parent"": 0.0220897516}, {""name"": ""Ekubo"", ""pool"": ""0x35cc20154862853726e4b023bd2618940bbb3baadc7111f393b3dcad21bfb75"", ""share_of_parent"": 1.0}, {""name"": ""10kSwap"", ""pool"": ""0x2a6e0ecda844736c4803a385fb1372eff458c365d2325c7d4e08032c7a908f3"", ""share_of_parent"": 0.0246117593}, {""name"": ""Ekubo"", ""pool"": ""0x35cc20154862853726e4b023bd2618940bbb3baadc7111f393b3dcad21bfb75"", ""share_of_parent"": 1.0}, {""name"": ""Nostra"", ""pool"": ""0x1583919ffd78e87fa28fdf6b6a805fe3ddf52f754a63721dcd4c258211129a6"", ""share_of_parent"": 0.9354862278}, {""name"": ""Ekubo"", ""pool"": ""0x35cc20154862853726e4b023bd2618940bbb3baadc7111f393b3dcad21bfb75"", ""share_of_parent"": 1.0}, {""name"": ""Ekubo"", ""pool"": ""0x777df52c2a1966773817eacf5d36481fb77679fa915c78bf7dc6dd3db2c105"", ""share_of_parent"": 0.017812261300000017}, {""name"": ""Ekubo"", ""pool"": ""0x35cc20154862853726e4b023bd2618940bbb3baadc7111f393b3dcad21bfb75"", ""share_of_parent"": 1.0}, {""name"": ""Ekubo"", ""pool"": ""0x10e713b3b787247e9db52188d114b27165426f773e10d1acc5285ff776fa9c7"", ""share_of_parent"": 0.00451748310000005}, {""name"": ""Ekubo"", ""pool"": ""0x6a85e26af6dcb83839e8dd96411333928362322976b37fc1fc5f9201accee84"", ""share_of_parent"": 1.0}, {""name"": ""Ekubo"", ""pool"": ""0x35cc20154862853726e4b023bd2618940bbb3baadc7111f393b3dcad21bfb75"", ""share_of_parent"": 1.0}]",quote-LORDS-buy-100000.json
LORDS,0x124aeb495b947201f5fac96fd1138e326ad86195b98df6dec9009158a533b49,False,sell,10,0.0,9883998,9.883998,2026-09-18T10:05:24.409902+00:00,https://starknet.api.avnu.fi/swap/v3/quotes?sellTokenAddress=0x124aeb495b947201f5fac96fd1138e326ad86195b98df6dec9009158a533b49&buyTokenAddress=0x033068f6539f8e6e6b131e6b2b814e6c34a5224bc66947c47dab9dfee93b35fb&sellAmount=0xdaa9c8329b47990b7c&size=1,"[{""name"": ""Ekubo"", ""pool"": ""0x35cc20154862853726e4b023bd2618940bbb3baadc7111f393b3dcad21bfb75"", ""share_of_parent"": 0.5477258746}, {""name"": ""Ekubo"", ""pool"": ""0x160f5d987caf56d8109427919172c1e45ef366ea1d7dcf105a3c5a5e794aea3"", ""share_of_parent"": 1.0}, {""name"": ""JediSwap"", ""pool"": ""0x2b3030c04e9c920bd66c6a8dc209717bbefa1ea5f8bc8ebabd639e5a4766502"", ""share_of_parent"": 0.4522741254}, {""name"": ""0dAMM"", ""pool"": ""0x256462984b6063ffe3d674449892577ab3777ad0ac0b2109797800914dcf1c1"", ""share_of_parent"": 1.0}]",quote-LORDS-sell-10.json
LORDS,0x124aeb495b947201f5fac96fd1138e326ad86195b98df6dec9009158a533b49,False,sell,100,0.5066198920720133,98339237,98.339237,2026-09-18T10:05:24.891072+00:00,https://starknet.api.avnu.fi/swap/v3/quotes?sellTokenAddress=0x124aeb495b947201f5fac96fd1138e326ad86195b98df6dec9009158a533b49&buyTokenAddress=0x033068f6539f8e6e6b131e6b2b814e6c34a5224bc66947c47dab9dfee93b35fb&sellAmount=0x88aa1d1fa10cbfa72de&size=1,"[{""name"": ""Ekubo"", ""pool"": ""0x35cc20154862853726e4b023bd2618940bbb3baadc7111f393b3dcad21bfb75"", ""share_of_parent"": 1.0}, {""name"": ""0dAMM"", ""pool"": ""0x256462984b6063ffe3d674449892577ab3777ad0ac0b2109797800914dcf1c1"", ""share_of_parent"": 1.0}]",quote-LORDS-sell-100.json
LORDS,0x124aeb495b947201f5fac96fd1138e326ad86195b98df6dec9009158a533b49,False,sell,1000,2.9741306099009712,959003499,959.003499,2026-09-18T10:05:25.485188+00:00,https://starknet.api.avnu.fi/swap/v3/quotes?sellTokenAddress=0x124aeb495b947201f5fac96fd1138e326ad86195b98df6dec9009158a533b49&buyTokenAddress=0x033068f6539f8e6e6b131e6b2b814e6c34a5224bc66947c47dab9dfee93b35fb&sellAmount=0x556a5233c4a7f7c87cac&size=1,"[{""name"": ""Ekubo"", ""pool"": ""0x35cc20154862853726e4b023bd2618940bbb3baadc7111f393b3dcad21bfb75"", ""share_of_parent"": 0.9451948051}, {""name"": ""Ekubo"", ""pool"": ""0x160f5d987caf56d8109427919172c1e45ef366ea1d7dcf105a3c5a5e794aea3"", ""share_of_parent"": 1.0}, {""name"": ""Ekubo(Twamm)"", ""pool"": ""0x746910c5cb099c19a05da12e88d1b5a89965e8758bec02110ebb8a8b3323e7b"", ""share_of_parent"": 0.0195544455}, {""name"": ""Ekubo(Twamm)"", ""pool"": ""0x5ab53224c6e6a1456e389dd6e54de2406ea635f3ee18b7ed0f920580bb573c2"", ""share_of_parent"": 1.0}, {""name"": ""Ekubo"", ""pool"": ""0x3b8bb80f88207c0ed6a28b6f1152e97a8d8244b508497be52320ad1b63523d3"", ""share_of_parent"": 1.0}, {""name"": ""JediSwap"", ""pool"": ""0x2b3030c04e9c920bd66c6a8dc209717bbefa1ea5f8bc8ebabd639e5a4766502"", ""share_of_parent"": 0.0216203796}, {""name"": ""Ekubo"", ""pool"": ""0x160f5d987caf56d8109427919172c1e45ef366ea1d7dcf105a3c5a5e794aea3"", ""share_of_parent"": 0.9103882848}, {""name"": ""0dAMM"", ""pool"": ""0x256462984b6063ffe3d674449892577ab3777ad0ac0b2109797800914dcf1c1"", ""share_of_parent"": 0.08961171520000001}, {""name"": ""Ekubo(Twamm)"", ""pool"": ""0x6b3996bda3ae0d02fbfbe923c7aaad4d36753480a239562d859bbbbfba91f0e"", ""share_of_parent"": 0.013630369800000127}, {""name"": ""Ekubo"", ""pool"": ""0x160f5d987caf56d8109427919172c1e45ef366ea1d7dcf105a3c5a5e794aea3"", ""share_of_parent"": 1.0}]",quote-LORDS-sell-1000.json
LORDS,0x124aeb495b947201f5fac96fd1138e326ad86195b98df6dec9009158a533b49,False,sell,10000,21.686486783991665,7740506080,7740.50608,2026-09-18T10:05:26.872201+00:00,https://starknet.api.avnu.fi/swap/v3/quotes?sellTokenAddress=0x124aeb495b947201f5fac96fd1138e326ad86195b98df6dec9009158a533b49&buyTokenAddress=0x033068f6539f8e6e6b131e6b2b814e6c34a5224bc66947c47dab9dfee93b35fb&sellAmount=0x356273605ae8fadd4deba&size=1,"[{""name"": ""Ekubo"", ""pool"": ""0x35cc20154862853726e4b023bd2618940bbb3baadc7111f393b3dcad21bfb75"", ""share_of_parent"": 0.9299140859}, {""name"": ""Ekubo"", ""pool"": ""0x55b5f9772697ad743ec6729541afa517c349097d1cced3abf77fa2e7307d8b9"", ""share_of_parent"": 0.1562965119}, {""name"": ""Ekubo"", ""pool"": ""0x59592b427f28fea4683279a034e443c03125e1159ab0b14cc29a04ecf57a443"", ""share_of_parent"": 1.0}, {""name"": ""Ekubo"", ""pool"": ""0xc25669ed8b70551736c7833dc0fde2d93d7829df3c0969aaadc642a36d4c98"", ""share_of_parent"": 0.088177122}, {""name"": ""Ekubo"", ""pool"": ""0x3b8bb80f88207c0ed6a28b6f1152e97a8d8244b508497be52320ad1b63523d3"", ""share_of_parent"": 1.0}, {""name"": ""Ekubo"", ""pool"": ""0x777df52c2a1966773817eacf5d36481fb77679fa915c78bf7dc6dd3db2c105"", ""share_of_parent"": 0.0015356488}, {""name"": ""0dAMM"", ""pool"": ""0x1bfb102cbf19897dc230d4f6032f5d660454706d52944ff74ab237ee18723ec"", ""share_of_parent"": 1.0}, {""name"": ""Ekubo(Oracle)"", ""pool"": ""0x1ffb67abd2e7533c95f9460fcc8a97e7b18f5ccc8e63fbee3490f61d3d7c892"", ""share_of_parent"": 0.0006791734}, {""name"": ""Ekubo(Oracle)"", ""pool"": ""0x11c6618b5abc3c0a95cbc7f33c9c52ae0598862a6b7a2f3d64e90e833d8b854"", ""share_of_parent"": 1.0}, {""name"": ""Ekubo"", ""pool"": ""0x160f5d987caf56d8109427919172c1e45ef366ea1d7dcf105a3c5a5e794aea3"", ""share_of_parent"": 0.7516207497}, {""name"": ""0dAMM"", ""pool"": ""0x256462984b6063ffe3d674449892577ab3777ad0ac0b2109797800914dcf1c1"", ""share_of_parent"": 0.0016907941999999138}, {""name"": ""Ekubo(Twamm)"", ""pool"": ""0x746910c5cb099c19a05da12e88d1b5a89965e8758bec02110ebb8a8b3323e7b"", ""share_of_parent"": 0.0312987012}, {""name"": ""Ekubo"", ""pool"": ""0xd8c9c9f78395e0b5e9c43bf3bd9fe9e6f18b26531d80fe1cd1a1af416f536d"", ""share_of_parent"": 0.0978435081}, {""name"": ""0dAMM"", ""pool"": ""0xd7b9aeed671dfd92653c682fb4a06db88fed691c5c8c7c6e74c8ef5421159c"", ""share_of_parent"": 1.0}, {""name"": ""Ekubo(Twamm)"", ""pool"": ""0x5ab53224c6e6a1456e389dd6e54de2406ea635f3ee18b7ed0f920580bb573c2"", ""share_of_parent"": 0.1638098118}, {""name"": ""Ekubo"", ""pool"": ""0x3b8bb80f88207c0ed6a28b6f1152e97a8d8244b508497be52320ad1b63523d3"", ""share_of_parent"": 1.0}, {""name"": ""Ekubo(Twamm)"", ""pool"": ""0x23aa2c4606035cdef2baab9944dcecb2be7562cecf22cbc5ffcdb9869d45210"", ""share_of_parent"": 0.7383466801}, {""name"": ""JediSwap"", ""pool"": ""0x2b3030c04e9c920bd66c6a8dc209717bbefa1ea5f8bc8ebabd639e5a4766502"", ""share_of_parent"": 0.0175884115}, {""name"": ""Ekubo"", ""pool"": ""0x55b5f9772697ad743ec6729541afa517c349097d1cced3abf77fa2e7307d8b9"", ""share_of_parent"": 0.2294788498}, {""name"": ""Ekubo"", ""pool"": ""0x59592b427f28fea4683279a034e443c03125e1159ab0b14cc29a04ecf57a443"", ""share_of_parent"": 1.0}, {""name"": ""Ekubo"", ""pool"": ""0xc25669ed8b70551736c7833dc0fde2d93d7829df3c0969aaadc642a36d4c98"", ""share_of_parent"": 0.0742445305}, {""name"": ""Ekubo"", ""pool"": ""0x3b8bb80f88207c0ed6a28b6f1152e97a8d8244b508497be52320ad1b63523d3"", ""share_of_parent"": 1.0}, {""name"": ""Ekubo"", ""pool"": ""0x160f5d987caf56d8109427919172c1e45ef366ea1d7dcf105a3c5a5e794aea3"", ""share_of_parent"": 0.6962766197}, {""name"": ""Ekubo(Twamm)"", ""pool"": ""0x6b3996bda3ae0d02fbfbe923c7aaad4d36753480a239562d859bbbbfba91f0e"", ""share_of_parent"": 0.01405994}, {""name"": ""Ekubo"", ""pool"": ""0x160f5d987caf56d8109427919172c1e45ef366ea1d7dcf105a3c5a5e794aea3"", ""share_of_parent"": 1.0}, {""name"": ""Ekubo"", ""pool"": ""0x5f9649a7d7168744c1ae08e63fae860172c20b33e7d69f685832746ea1fb429"", ""share_of_parent"": 0.007138861400000025}, {""name"": ""0dAMM"", ""pool"": ""0xd7b9aeed671dfd92653c682fb4a06db88fed691c5c8c7c6e74c8ef5421159c"", ""share_of_parent"": 1.0}]",quote-LORDS-sell-10000.json
LORDS,0x124aeb495b947201f5fac96fd1138e326ad86195b98df6dec9009158a533b49,False,sell,100000,73.33520179587248,26355481212,26355.481212,2026-09-18T10:05:27.867421+00:00,https://starknet.api.avnu.fi/swap/v3/quotes?sellTokenAddress=0x124aeb495b947201f5fac96fd1138e326ad86195b98df6dec9009158a533b49&buyTokenAddress=0x033068f6539f8e6e6b131e6b2b814e6c34a5224bc66947c47dab9dfee93b35fb&sellAmount=0x215d881c38d19cca50b34b&size=1,"[{""name"": ""Ekubo"", ""pool"": ""0x35cc20154862853726e4b023bd2618940bbb3baadc7111f393b3dcad21bfb75"", ""share_of_parent"": 0.9347972027}, {""name"": ""10kSwap"", ""pool"": ""0x23c72abdf49dffc85ae3ede714f2168ad384cc67d08524732acea90df325"", ""share_of_parent"": 0.0040592617}, {""name"": ""Ekubo"", ""pool"": ""0x3b8bb80f88207c0ed6a28b6f1152e97a8d8244b508497be52320ad1b63523d3"", ""share_of_parent"": 1.0}, {""name"": ""JediSwap"", ""pool"": ""0x4d0390b777b424e43839cd1e744799f3de6c176c7e32c1812a41dbd9c19db6a"", ""share_of_parent"": 0.0049479117}, {""name"": ""Ekubo"", ""pool"": ""0x3b8bb80f88207c0ed6a28b6f1152e97a8d8244b508497be52320ad1b63523d3"", ""share_of_parent"": 1.0}, {""name"": ""Ekubo"", ""pool"": ""0x55b5f9772697ad743ec6729541afa517c349097d1cced3abf77fa2e7307d8b9"", ""share_of_parent"": 0.2589301995}, {""name"": ""Ekubo"", ""pool"": ""0x59592b427f28fea4683279a034e443c03125e1159ab0b14cc29a04ecf57a443"", ""share_of_parent"": 1.0}, {""name"": ""Ekubo"", ""pool"": ""0xc25669ed8b70551736c7833dc0fde2d93d7829df3c0969aaadc642a36d4c98"", ""share_of_parent"": 0.1110555327}, {""name"": ""Ekubo"", ""pool"": ""0x3b8bb80f88207c0ed6a28b6f1152e97a8d8244b508497be52320ad1b63523d3"", ""share_of_parent"": 1.0}, {""name"": ""10kSwap"", ""pool"": ""0x5900cfa2b50d53b097cb305d54e249e31f24f881885aae5639b0cd6af4ed298"", ""share_of_parent"": 0.0027801123}, {""name"": ""Ekubo"", ""pool"": ""0x7dfd50ffb20b9192a67fea997bb2ecc4a35346dd6bb82b37f274c004f53c0f1"", ""share_of_parent"": 1.0}, {""name"": ""JediSwap"", ""pool"": ""0x45e7131d776dddc137e30bdd490b431c7144677e97bf9369f629ed8d3fb7dd6"", ""share_of_parent"": 0.0005789431}, {""name"": ""Ekubo"", ""pool"": ""0x7dfd50ffb20b9192a67fea997bb2ecc4a35346dd6bb82b37f274c004f53c0f1"", ""share_of_parent"": 1.0}, {""name"": ""Ekubo"", ""pool"": ""0x305a929dfbafeb094fe63430e7f14f9b43a86b29831e3f21088e345ee145d91"", ""share_of_parent"": 0.0024159215}, {""name"": ""Ekubo"", ""pool"": ""0x3b8bb80f88207c0ed6a28b6f1152e97a8d8244b508497be52320ad1b63523d3"", ""share_of_parent"": 1.0}, {""name"": ""Ekubo"", ""pool"": ""0x777df52c2a1966773817eacf5d36481fb77679fa915c78bf7dc6dd3db2c105"", ""share_of_parent"": 0.0036874509}, {""name"": ""0dAMM"", ""pool"": ""0x1bfb102cbf19897dc230d4f6032f5d660454706d52944ff74ab237ee18723ec"", ""share_of_parent"": 1.0}, {""name"": ""JediSwap"", ""pool"": ""0x260e98362e0949fefff8b4de85367c035e44f734c9f8069b6ce2075ae86b45c"", ""share_of_parent"": 0.0021666969}, {""name"": ""Ekubo"", ""pool"": ""0x2e65ce680bf9243a7d3b0c40200c015f66be7602bfe8e24a0b4bbd2f4b0997"", ""share_of_parent"": 1.0}, {""name"": ""Nostra"", ""pool"": ""0x1583919ffd78e87fa28fdf6b6a805fe3ddf52f754a63721dcd4c258211129a6"", ""share_of_parent"": 0.0067635906}, {""name"": ""Ekubo"", ""pool"": ""0x2e65ce680bf9243a7d3b0c40200c015f66be7602bfe8e24a0b4bbd2f4b0997"", ""share_of_parent"": 1.0}, {""name"": ""Ekubo(Oracle)"", ""pool"": ""0x1ffb67abd2e7533c95f9460fcc8a97e7b18f5ccc8e63fbee3490f61d3d7c892"", ""share_of_parent"": 0.0025501142}, {""name"": ""Ekubo(Oracle)"", ""pool"": ""0x11c6618b5abc3c0a95cbc7f33c9c52ae0598862a6b7a2f3d64e90e833d8b854"", ""share_of_parent"": 1.0}, {""name"": ""Ekubo"", ""pool"": ""0x160f5d987caf56d8109427919172c1e45ef366ea1d7dcf105a3c5a5e794aea3"", ""share_of_parent"": 0.5994900001}, {""name"": ""0dAMM"", ""pool"": ""0x256462984b6063ffe3d674449892577ab3777ad0ac0b2109797800914dcf1c1"", ""share_of_parent"": 0.0005742648000000496}, {""name"": ""Ekubo(Twamm)"", ""pool"": ""0x746910c5cb099c19a05da12e88d1b5a89965e8758bec02110ebb8a8b3323e7b"", ""share_of_parent"": 0.0336883116}, {""name"": ""Ekubo"", ""pool"": ""0xd8c9c9f78395e0b5e9c43bf3bd9fe9e6f18b26531d80fe1cd1a1af416f536d"", ""share_of_parent"": 0.2686584017}, {""name"": ""0dAMM"", ""pool"": ""0xd7b9aeed671dfd92653c682fb4a06db88fed691c5c8c7c6e74c8ef5421159c"", ""share_of_parent"": 1.0}, {""name"": ""Ekubo(Twamm)"", ""pool"": ""0x5ab53224c6e6a1456e389dd6e54de2406ea635f3ee18b7ed0f920580bb573c2"", ""share_of_parent"": 0.1105948902}, {""name"": ""Ekubo"", ""pool"": ""0x3b8bb80f88207c0ed6a28b6f1152e97a8d8244b508497be52320ad1b63523d3"", ""share_of_parent"": 1.0}, {""name"": ""Ekubo(Twamm)"", ""pool"": ""0x23aa2c4606035cdef2baab9944dcecb2be7562cecf22cbc5ffcdb9869d45210"", ""share_of_parent"": 0.6207467081}, {""name"": ""JediSwap"", ""pool"": ""0x2b3030c04e9c920bd66c6a8dc209717bbefa1ea5f8bc8ebabd639e5a4766502"", ""share_of_parent"": 0.0173126873}, {""name"": ""Ekubo"", ""pool"": ""0x55b5f9772697ad743ec6729541afa517c349097d1cced3abf77fa2e7307d8b9"", ""share_of_parent"": 0.2080159889}, {""name"": ""Ekubo"", ""pool"": ""0x59592b427f28fea4683279a034e443c03125e1159ab0b14cc29a04ecf57a443"", ""share_of_parent"": 1.0}, {""name"": ""Ekubo"", ""pool"": ""0xc25669ed8b70551736c7833dc0fde2d93d7829df3c0969aaadc642a36d4c98"", ""share_of_parent"": 0.0803855355}, {""name"": ""Ekubo"", ""pool"": ""0x3b8bb80f88207c0ed6a28b6f1152e97a8d8244b508497be52320ad1b63523d3"", ""share_of_parent"": 1.0}, {""name"": ""Ekubo"", ""pool"": ""0x160f5d987caf56d8109427919172c1e45ef366ea1d7dcf105a3c5a5e794aea3"", ""share_of_parent"": 0.7115984756}, {""name"": ""Ekubo(Twamm)"", ""pool"": ""0x6b3996bda3ae0d02fbfbe923c7aaad4d36753480a239562d859bbbbfba91f0e"", ""share_of_parent"": 0.014201798400000017}, {""name"": ""Ekubo"", ""pool"": ""0x160f5d987caf56d8109427919172c1e45ef366ea1d7dcf105a3c5a5e794aea3"", ""share_of_parent"": 1.0}]",quote-LORDS-sell-100000.json
MRE7BTC,0x4e4fb1a9ca7e84bae609b9dc0078ad7719e49187ae7e425bb47d131710eddac,True,buy,10,0.0,356569748378,,2026-09-18T10:02:43.325838+00:00,https://starknet.api.avnu.fi/swap/v3/quotes?sellTokenAddress=0x033068f6539f8e6e6b131e6b2b814e6c34a5224bc66947c47dab9dfee93b35fb&buyTokenAddress=0x4e4fb1a9ca7e84bae609b9dc0078ad7719e49187ae7e425bb47d131710eddac&sellAmount=0x989680&size=1,"[{""name"": ""Ekubo"", ""pool"": ""0x6db1070b6e8ec9c84803fb5b91b854b996c9e17d8a4d5100296310f68b98855"", ""share_of_parent"": 1.0}, {""name"": ""Ekubo"", ""pool"": ""0x5c83b8c0c5c16bd18fcc3506978abacb4ef701f05b0f7b2ed4c2fd2b3bb7551"", ""share_of_parent"": 1.0}, {""name"": ""Ekubo"", ""pool"": ""0x69b49697300db20d503b8ed324a6db7b992ca54f2e7b335b1ddba203a776eea"", ""share_of_parent"": 1.0}]",quote-MRE7BTC-buy-10.json
MRE7BTC,0x4e4fb1a9ca7e84bae609b9dc0078ad7719e49187ae7e425bb47d131710eddac,True,buy,100,,,,2026-09-18T10:02:44.728705+00:00,https://starknet.api.avnu.fi/swap/v3/quotes?sellTokenAddress=0x033068f6539f8e6e6b131e6b2b814e6c34a5224bc66947c47dab9dfee93b35fb&buyTokenAddress=0x4e4fb1a9ca7e84bae609b9dc0078ad7719e49187ae7e425bb47d131710eddac&sellAmount=0x5f5e100&size=1,[],quote-MRE7BTC-buy-100.json
MRE7BTC,0x4e4fb1a9ca7e84bae609b9dc0078ad7719e49187ae7e425bb47d131710eddac,True,buy,1000,,,,2026-09-18T10:02:45.777456+00:00,https://starknet.api.avnu.fi/swap/v3/quotes?sellTokenAddress=0x033068f6539f8e6e6b131e6b2b814e6c34a5224bc66947c47dab9dfee93b35fb&buyTokenAddress=0x4e4fb1a9ca7e84bae609b9dc0078ad7719e49187ae7e425bb47d131710eddac&sellAmount=0x3b9aca00&size=1,[],quote-MRE7BTC-buy-1000.json
MRE7BTC,0x4e4fb1a9ca7e84bae609b9dc0078ad7719e49187ae7e425bb47d131710eddac,True,buy,10000,98.03290456248538,7014067251901,,2026-09-18T10:02:47.018696+00:00,https://starknet.api.avnu.fi/swap/v3/quotes?sellTokenAddress=0x033068f6539f8e6e6b131e6b2b814e6c34a5224bc66947c47dab9dfee93b35fb&buyTokenAddress=0x4e4fb1a9ca7e84bae609b9dc0078ad7719e49187ae7e425bb47d131710eddac&sellAmount=0x2540be400&size=1,"[{""name"": ""Ekubo"", ""pool"": ""0x5dfce41b432a59570b82182d3f9f37abf7aee04a3faebc96ac367c4cb12d313"", ""share_of_parent"": 6.19384e-05}, {""name"": ""StarkDefi"", ""pool"": ""0x1a8a55e0154eef47daf7b7a1c63fecf099918f3d52473d88ac279c916cb1d4a"", ""share_of_parent"": 1.0}, {""name"": ""Ekubo"", ""pool"": ""0x69b49697300db20d503b8ed324a6db7b992ca54f2e7b335b1ddba203a776eea"", ""share_of_parent"": 1.0}, {""name"": ""Ekubo"", ""pool"": ""0x67440767c2fea2503b4d315a014fb1c1cdc309ceae24db46e8b44ce7297f07"", ""share_of_parent"": 0.9999380616}, {""name"": ""JediSwapCL"", ""pool"": ""0x5817c43c6126c4e5efe2245e5951a4a18648d1d8fa202b5c0de083827a5ab42"", ""share_of_parent"": 1.0}, {""name"": ""Ekubo"", ""pool"": ""0x69b49697300db20d503b8ed324a6db7b992ca54f2e7b335b1ddba203a776eea"", ""share_of_parent"": 1.0}]",quote-MRE7BTC-buy-10000.json
MRE7BTC,0x4e4fb1a9ca7e84bae609b9dc0078ad7719e49187ae7e425bb47d131710eddac,True,buy,100000,99.93431083186903,2342277015162,,2026-09-18T10:02:48.028985+00:00,https://starknet.api.avnu.fi/swap/v3/quotes?sellTokenAddress=0x033068f6539f8e6e6b131e6b2b814e6c34a5224bc66947c47dab9dfee93b35fb&buyTokenAddress=0x4e4fb1a9ca7e84bae609b9dc0078ad7719e49187ae7e425bb47d131710eddac&sellAmount=0x174876e800&size=1,"[{""name"": ""Ekubo"", ""pool"": ""0x5dfce41b432a59570b82182d3f9f37abf7aee04a3faebc96ac367c4cb12d313"", ""share_of_parent"": 1.998e-06}, {""name"": ""JediSwapCL"", ""pool"": ""0x2b067c805d42789679226677abfe269e3745bdb6c8f8246f02d04de21e2a397"", ""share_of_parent"": 1.0}, {""name"": ""Ekubo"", ""pool"": ""0x69b49697300db20d503b8ed324a6db7b992ca54f2e7b335b1ddba203a776eea"", ""share_of_parent"": 1.0}, {""name"": ""Ekubo"", ""pool"": ""0x67440767c2fea2503b4d315a014fb1c1cdc309ceae24db46e8b44ce7297f07"", ""share_of_parent"": 0.999998002}, {""name"": ""JediSwapCL"", ""pool"": ""0x5817c43c6126c4e5efe2245e5951a4a18648d1d8fa202b5c0de083827a5ab42"", ""share_of_parent"": 1.0}, {""name"": ""Ekubo"", ""pool"": ""0x69b49697300db20d503b8ed324a6db7b992ca54f2e7b335b1ddba203a776eea"", ""share_of_parent"": 1.0}]",quote-MRE7BTC-buy-100000.json
MRE7BTC,0x4e4fb1a9ca7e84bae609b9dc0078ad7719e49187ae7e425bb47d131710eddac,True,sell,10,,,,2026-09-18T10:05:43.582549+00:00,https://starknet.api.avnu.fi/swap/v3/quotes?sellTokenAddress=0x4e4fb1a9ca7e84bae609b9dc0078ad7719e49187ae7e425bb47d131710eddac&buyTokenAddress=0x033068f6539f8e6e6b131e6b2b814e6c34a5224bc66947c47dab9dfee93b35fb&sellAmount=0x7515862cbd1a&size=1,[],quote-MRE7BTC-sell-10.json
MRE7BTC,0x4e4fb1a9ca7e84bae609b9dc0078ad7719e49187ae7e425bb47d131710eddac,True,sell,100,,,,2026-09-18T10:05:44.281335+00:00,https://starknet.api.avnu.fi/swap/v3/quotes?sellTokenAddress=0x4e4fb1a9ca7e84bae609b9dc0078ad7719e49187ae7e425bb47d131710eddac&buyTokenAddress=0x033068f6539f8e6e6b131e6b2b814e6c34a5224bc66947c47dab9dfee93b35fb&sellAmount=0x492d73dbf6305&size=1,[],quote-MRE7BTC-sell-100.json
MRE7BTC,0x4e4fb1a9ca7e84bae609b9dc0078ad7719e49187ae7e425bb47d131710eddac,True,sell,1000,,,,2026-09-18T10:05:44.633847+00:00,https://starknet.api.avnu.fi/swap/v3/quotes?sellTokenAddress=0x4e4fb1a9ca7e84bae609b9dc0078ad7719e49187ae7e425bb47d131710eddac&buyTokenAddress=0x033068f6539f8e6e6b131e6b2b814e6c34a5224bc66947c47dab9dfee93b35fb&sellAmount=0x2dbc686979de3b&size=1,[],quote-MRE7BTC-sell-1000.json
MRE7BTC,0x4e4fb1a9ca7e84bae609b9dc0078ad7719e49187ae7e425bb47d131710eddac,True,sell,10000,,,,2026-09-18T10:05:45.014443+00:00,https://starknet.api.avnu.fi/swap/v3/quotes?sellTokenAddress=0x4e4fb1a9ca7e84bae609b9dc0078ad7719e49187ae7e425bb47d131710eddac&buyTokenAddress=0x033068f6539f8e6e6b131e6b2b814e6c34a5224bc66947c47dab9dfee93b35fb&sellAmount=0x1c95c141ec2ae51&size=1,[],quote-MRE7BTC-sell-10000.json
MRE7BTC,0x4e4fb1a9ca7e84bae609b9dc0078ad7719e49187ae7e425bb47d131710eddac,True,sell,100000,,,,2026-09-18T10:05:45.377496+00:00,https://starknet.api.avnu.fi/swap/v3/quotes?sellTokenAddress=0x4e4fb1a9ca7e84bae609b9dc0078ad7719e49187ae7e425bb47d131710eddac&buyTokenAddress=0x033068f6539f8e6e6b131e6b2b814e6c34a5224bc66947c47dab9dfee93b35fb&sellAmount=0x11dd98c9339acf30&size=1,[],quote-MRE7BTC-sell-100000.json
MRE7YIELD,0x4be8945e61dc3e19ebadd1579a6bd53b262f51ba89e6f8b0c4bc9a7e3c633fc,False,buy,10,0.0,9363840214704347136,,2026-09-18T10:02:43.158202+00:00,https://starknet.api.avnu.fi/swap/v3/quotes?sellTokenAddress=0x033068f6539f8e6e6b131e6b2b814e6c34a5224bc66947c47dab9dfee93b35fb&buyTokenAddress=0x4be8945e61dc3e19ebadd1579a6bd53b262f51ba89e6f8b0c4bc9a7e3c633fc&sellAmount=0x989680&size=1,"[{""name"": ""Ekubo"", ""pool"": ""0x60d9f79fd3994fefed86fa54d692e5f0fff38937f45794e2e416a431ed78691"", ""share_of_parent"": 1.0}]",quote-MRE7YIELD-buy-10.json
MRE7YIELD,0x4be8945e61dc3e19ebadd1579a6bd53b262f51ba89e6f8b0c4bc9a7e3c633fc,False,buy,100,6.6196547243713155e-06,93638395948504563712,,2026-09-18T10:02:44.386088+00:00,https://starknet.api.avnu.fi/swap/v3/quotes?sellTokenAddress=0x033068f6539f8e6e6b131e6b2b814e6c34a5224bc66947c47dab9dfee93b35fb&buyTokenAddress=0x4be8945e61dc3e19ebadd1579a6bd53b262f51ba89e6f8b0c4bc9a7e3c633fc&sellAmount=0x5f5e100&size=1,"[{""name"": ""Ekubo"", ""pool"": ""0x60d9f79fd3994fefed86fa54d692e5f0fff38937f45794e2e416a431ed78691"", ""share_of_parent"": 1.0}]",quote-MRE7YIELD-buy-100.json
MRE7YIELD,0x4be8945e61dc3e19ebadd1579a6bd53b262f51ba89e6f8b0c4bc9a7e3c633fc,False,buy,1000,8.14355438527592e-05,936383258921014263808,,2026-09-18T10:02:45.461272+00:00,https://starknet.api.avnu.fi/swap/v3/quotes?sellTokenAddress=0x033068f6539f8e6e6b131e6b2b814e6c34a5224bc66947c47dab9dfee93b35fb&buyTokenAddress=0x4be8945e61dc3e19ebadd1579a6bd53b262f51ba89e6f8b0c4bc9a7e3c633fc&sellAmount=0x3b9aca00&size=1,"[{""name"": ""Ekubo"", ""pool"": ""0x60d9f79fd3994fefed86fa54d692e5f0fff38937f45794e2e416a431ed78691"", ""share_of_parent"": 1.0}]",quote-MRE7YIELD-buy-1000.json
MRE7YIELD,0x4be8945e61dc3e19ebadd1579a6bd53b262f51ba89e6f8b0c4bc9a7e3c633fc,False,buy,10000,0.6248658796644935,9305328772176357097472,,2026-09-18T10:02:46.713372+00:00,https://starknet.api.avnu.fi/swap/v3/quotes?sellTokenAddress=0x033068f6539f8e6e6b131e6b2b814e6c34a5224bc66947c47dab9dfee93b35fb&buyTokenAddress=0x4be8945e61dc3e19ebadd1579a6bd53b262f51ba89e6f8b0c4bc9a7e3c633fc&sellAmount=0x2540be400&size=1,"[{""name"": ""Ekubo"", ""pool"": ""0x60d9f79fd3994fefed86fa54d692e5f0fff38937f45794e2e416a431ed78691"", ""share_of_parent"": 1.0}]",quote-MRE7YIELD-buy-10000.json
MRE7YIELD,0x4be8945e61dc3e19ebadd1579a6bd53b262f51ba89e6f8b0c4bc9a7e3c633fc,False,buy,100000,1.0562823436246371,92649316238312014348288,,2026-09-18T10:02:48.285622+00:00,https://starknet.api.avnu.fi/swap/v3/quotes?sellTokenAddress=0x033068f6539f8e6e6b131e6b2b814e6c34a5224bc66947c47dab9dfee93b35fb&buyTokenAddress=0x4be8945e61dc3e19ebadd1579a6bd53b262f51ba89e6f8b0c4bc9a7e3c633fc&sellAmount=0x174876e800&size=1,"[{""name"": ""Ekubo"", ""pool"": ""0x60d9f79fd3994fefed86fa54d692e5f0fff38937f45794e2e416a431ed78691"", ""share_of_parent"": 1.0}]",quote-MRE7YIELD-buy-100000.json
MRE7YIELD,0x4be8945e61dc3e19ebadd1579a6bd53b262f51ba89e6f8b0c4bc9a7e3c633fc,False,sell,10,0.0,9893026,9.893026,2026-09-18T10:05:26.984108+00:00,https://starknet.api.avnu.fi/swap/v3/quotes?sellTokenAddress=0x4be8945e61dc3e19ebadd1579a6bd53b262f51ba89e6f8b0c4bc9a7e3c633fc&buyTokenAddress=0x033068f6539f8e6e6b131e6b2b814e6c34a5224bc66947c47dab9dfee93b35fb&sellAmount=0x809c5794103a449c&size=1,"[{""name"": ""Ekubo"", ""pool"": ""0x60d9f79fd3994fefed86fa54d692e5f0fff38937f45794e2e416a431ed78691"", ""share_of_parent"": 1.0}]",quote-MRE7YIELD-sell-10.json
MRE7YIELD,0x4be8945e61dc3e19ebadd1579a6bd53b262f51ba89e6f8b0c4bc9a7e3c633fc,False,sell,100,6.0648784327987926e-06,98930254,98.930254,2026-09-18T10:05:27.613522+00:00,https://starknet.api.avnu.fi/swap/v3/quotes?sellTokenAddress=0x4be8945e61dc3e19ebadd1579a6bd53b262f51ba89e6f8b0c4bc9a7e3c633fc&buyTokenAddress=0x033068f6539f8e6e6b131e6b2b814e6c34a5224bc66947c47dab9dfee93b35fb&sellAmount=0x5061b6bc8a246ae1a&size=1,"[{""name"": ""Ekubo"", ""pool"": ""0x60d9f79fd3994fefed86fa54d692e5f0fff38937f45794e2e416a431ed78691"", ""share_of_parent"": 1.0}]",quote-MRE7YIELD-sell-100.json
MRE7YIELD,0x4be8945e61dc3e19ebadd1579a6bd53b262f51ba89e6f8b0c4bc9a7e3c633fc,False,sell,1000,8.005639527963737e-05,989301808,989.301808,2026-09-18T10:05:28.499464+00:00,https://starknet.api.avnu.fi/swap/v3/quotes?sellTokenAddress=0x4be8945e61dc3e19ebadd1579a6bd53b262f51ba89e6f8b0c4bc9a7e3c633fc&buyTokenAddress=0x033068f6539f8e6e6b131e6b2b814e6c34a5224bc66947c47dab9dfee93b35fb&sellAmount=0x323d1235d656c2cd05&size=1,"[{""name"": ""Ekubo"", ""pool"": ""0x60d9f79fd3994fefed86fa54d692e5f0fff38937f45794e2e416a431ed78691"", ""share_of_parent"": 1.0}]",quote-MRE7YIELD-sell-1000.json
MRE7YIELD,0x4be8945e61dc3e19ebadd1579a6bd53b262f51ba89e6f8b0c4bc9a7e3c633fc,False,sell,10000,0.0008209924850066663,9892944779,9892.944779,2026-09-18T10:05:29.098967+00:00,https://starknet.api.avnu.fi/swap/v3/quotes?sellTokenAddress=0x4be8945e61dc3e19ebadd1579a6bd53b262f51ba89e6f8b0c4bc9a7e3c633fc&buyTokenAddress=0x033068f6539f8e6e6b131e6b2b814e6c34a5224bc66947c47dab9dfee93b35fb&sellAmount=0x1f662b61a5f639c023a&size=1,"[{""name"": ""Ekubo"", ""pool"": ""0x60d9f79fd3994fefed86fa54d692e5f0fff38937f45794e2e416a431ed78691"", ""share_of_parent"": 1.0}]",quote-MRE7YIELD-sell-10000.json
MRE7YIELD,0x4be8945e61dc3e19ebadd1579a6bd53b262f51ba89e6f8b0c4bc9a7e3c633fc,False,sell,100000,0.008229848986551769,98922118189,98922.118189,2026-09-18T10:05:30.290857+00:00,https://starknet.api.avnu.fi/swap/v3/quotes?sellTokenAddress=0x4be8945e61dc3e19ebadd1579a6bd53b262f51ba89e6f8b0c4bc9a7e3c633fc&buyTokenAddress=0x033068f6539f8e6e6b131e6b2b814e6c34a5224bc66947c47dab9dfee93b35fb&sellAmount=0x139fdb1d07b9e418164c&size=1,"[{""name"": ""Ekubo"", ""pool"": ""0x60d9f79fd3994fefed86fa54d692e5f0fff38937f45794e2e416a431ed78691"", ""share_of_parent"": 1.0}]",quote-MRE7YIELD-sell-100000.json
NSTR,0xc530f2c0aa4c16a0806365b0898499fba372e5df7a7172dc6fe9ba777e8007,False,buy,10,0.0,1922336245361505992704,,2026-09-18T09:59:47.593960+00:00,https://starknet.api.avnu.fi/swap/v3/quotes?sellTokenAddress=0x033068f6539f8e6e6b131e6b2b814e6c34a5224bc66947c47dab9dfee93b35fb&buyTokenAddress=0x00c530f2c0aa4c16a0806365b0898499fba372e5df7a7172dc6fe9ba777e8007&sellAmount=0x989680&size=1,"[{""name"": ""Ekubo"", ""pool"": ""0x160f5d987caf56d8109427919172c1e45ef366ea1d7dcf105a3c5a5e794aea3"", ""share_of_parent"": 0.2409667448}, {""name"": ""10kSwap"", ""pool"": ""0x4ad445ffb6294d1394b3f6a5610642d37c702eaaa47346b680c6af2f102192e"", ""share_of_parent"": 1.0}, {""name"": ""Nostra"", ""pool"": ""0x57af3c0e1111f3b2278dd2d3709412af50fa360f9e42b2d27902c0f53e68dc3"", ""share_of_parent"": 0.7345452204}, {""name"": ""Ekubo"", ""pool"": ""0x54fc3a1998ba681619c8ff1a97651a2afe400092f5532e1c24eb964441ed7ca"", ""share_of_parent"": 0.2654547796}, {""name"": ""0dAMM"", ""pool"": ""0xd7b9aeed671dfd92653c682fb4a06db88fed691c5c8c7c6e74c8ef5421159c"", ""share_of_parent"": 0.7590332552}, {""name"": ""Ekubo"", ""pool"": ""0x698f3fbabfb7ab97d2b560ba63329917c6aff2be72bc467266a2fee34543366"", ""share_of_parent"": 1.0}, {""name"": ""Nostra"", ""pool"": ""0x7f232e7857effe04f7351e9bb2f1ebc2589bacca3380ae84efcc22067c1436e"", ""share_of_parent"": 1.0}]",quote-NSTR-buy-10.json
NSTR,0xc530f2c0aa4c16a0806365b0898499fba372e5df7a7172dc6fe9ba777e8007,False,buy,100,0.5303144208728128,19121418190346889723904,,2026-09-18T09:59:48.737108+00:00,https://starknet.api.avnu.fi/swap/v3/quotes?sellTokenAddress=0x033068f6539f8e6e6b131e6b2b814e6c34a5224bc66947c47dab9dfee93b35fb&buyTokenAddress=0x00c530f2c0aa4c16a0806365b0898499fba372e5df7a7172dc6fe9ba777e8007&sellAmount=0x5f5e100&size=1,"[{""name"": ""Ekubo"", ""pool"": ""0x3b8bb80f88207c0ed6a28b6f1152e97a8d8244b508497be52320ad1b63523d3"", ""share_of_parent"": 1.0}, {""name"": ""Nostra"", ""pool"": ""0x7f232e7857effe04f7351e9bb2f1ebc2589bacca3380ae84efcc22067c1436e"", ""share_of_parent"": 1.0}]",quote-NSTR-buy-100.json
NSTR,0xc530f2c0aa4c16a0806365b0898499fba372e5df7a7172dc6fe9ba777e8007,False,buy,1000,2.205399280430187,187994105563885474938880,,2026-09-18T09:59:49.966097+00:00,https://starknet.api.avnu.fi/swap/v3/quotes?sellTokenAddress=0x033068f6539f8e6e6b131e6b2b814e6c34a5224bc66947c47dab9dfee93b35fb&buyTokenAddress=0x00c530f2c0aa4c16a0806365b0898499fba372e5df7a7172dc6fe9ba777e8007&sellAmount=0x3b9aca00&size=1,"[{""name"": ""Ekubo"", ""pool"": ""0x3b8bb80f88207c0ed6a28b6f1152e97a8d8244b508497be52320ad1b63523d3"", ""share_of_parent"": 0.9903476523}, {""name"": ""Nostra"", ""pool"": ""0x7f232e7857effe04f7351e9bb2f1ebc2589bacca3380ae84efcc22067c1436e"", ""share_of_parent"": 1.0}, {""name"": ""0dAMM"", ""pool"": ""0xd7b9aeed671dfd92653c682fb4a06db88fed691c5c8c7c6e74c8ef5421159c"", ""share_of_parent"": 0.009652347700000008}, {""name"": ""Ekubo"", ""pool"": ""0x18ed22a0ca7d5c00102024167592c10bf6b3a38b5ef6bd6322ed0c6b91bf6e5"", ""share_of_parent"": 1.0}]",quote-NSTR-buy-1000.json
NSTR,0xc530f2c0aa4c16a0806365b0898499fba372e5df7a7172dc6fe9ba777e8007,False,buy,10000,16.486206569743068,1605415920986165199503360,,2026-09-18T09:59:51.605232+00:00,https://starknet.api.avnu.fi/swap/v3/quotes?sellTokenAddress=0x033068f6539f8e6e6b131e6b2b814e6c34a5224bc66947c47dab9dfee93b35fb&buyTokenAddress=0x00c530f2c0aa4c16a0806365b0898499fba372e5df7a7172dc6fe9ba777e8007&sellAmount=0x2540be400&size=1,"[{""name"": ""Ekubo"", ""pool"": ""0x3b8bb80f88207c0ed6a28b6f1152e97a8d8244b508497be52320ad1b63523d3"", ""share_of_parent"": 0.583445166}, {""name"": ""Nostra"", ""pool"": ""0x7f232e7857effe04f7351e9bb2f1ebc2589bacca3380ae84efcc22067c1436e"", ""share_of_parent"": 1.0}, {""name"": ""Ekubo"", ""pool"": ""0x7dfd50ffb20b9192a67fea997bb2ecc4a35346dd6bb82b37f274c004f53c0f1"", ""share_of_parent"": 0.3237437637}, {""name"": ""Ekubo"", ""pool"": ""0x2318a6517d95ea54b451a99142fd0a18d1dccf9edf08b9a6840c7157e0b7953"", ""share_of_parent"": 0.6991840195}, {""name"": ""Nostra"", ""pool"": ""0x7f232e7857effe04f7351e9bb2f1ebc2589bacca3380ae84efcc22067c1436e"", ""share_of_parent"": 1.0}, {""name"": ""Ekubo"", ""pool"": ""0x4519b483ae513d2c7d336bc8bdeacd7c4a3cd62116a5b108dfa115ebecf0845"", ""share_of_parent"": 0.1759424113}, {""name"": ""Nostra"", ""pool"": ""0x7f232e7857effe04f7351e9bb2f1ebc2589bacca3380ae84efcc22067c1436e"", ""share_of_parent"": 1.0}, {""name"": ""Ekubo"", ""pool"": ""0x2c86b7abe3dc5c832e59131fb422d5c57215c16d3e51f7adc96e21d31262a1d"", ""share_of_parent"": 0.12487356920000002}, {""name"": ""Nostra"", ""pool"": ""0x7f232e7857effe04f7351e9bb2f1ebc2589bacca3380ae84efcc22067c1436e"", ""share_of_parent"": 1.0}, {""name"": ""Ekubo"", ""pool"": ""0x10e713b3b787247e9db52188d114b27165426f773e10d1acc5285ff776fa9c7"", ""share_of_parent"": 0.09281107030000002}, {""name"": ""Ekubo"", ""pool"": ""0x5a174106c82f18b50f130e19608b332041057c34a5e9bfcd2a2ba8354b58e48"", ""share_of_parent"": 1.0}, {""name"": ""Nostra"", ""pool"": ""0x7f232e7857effe04f7351e9bb2f1ebc2589bacca3380ae84efcc22067c1436e"", ""share_of_parent"": 1.0}]",quote-NSTR-buy-10000.json
NSTR,0xc530f2c0aa4c16a0806365b0898499fba372e5df7a7172dc6fe9ba777e8007,False,buy,100000,66.38184121317082,6462540513824012771524608,,2026-09-18T09:59:52.980335+00:00,https://starknet.api.avnu.fi/swap/v3/quotes?sellTokenAddress=0x033068f6539f8e6e6b131e6b2b814e6c34a5224bc66947c47dab9dfee93b35fb&buyTokenAddress=0x00c530f2c0aa4c16a0806365b0898499fba372e5df7a7172dc6fe9ba777e8007&sellAmount=0x174876e800&size=1,"[{""name"": ""Ekubo"", ""pool"": ""0x160f5d987caf56d8109427919172c1e45ef366ea1d7dcf105a3c5a5e794aea3"", ""share_of_parent"": 0.4909510489}, {""name"": ""10kSwap"", ""pool"": ""0x23c72abdf49dffc85ae3ede714f2168ad384cc67d08524732acea90df325"", ""share_of_parent"": 0.1470282239}, {""name"": ""Nostra"", ""pool"": ""0x7f232e7857effe04f7351e9bb2f1ebc2589bacca3380ae84efcc22067c1436e"", ""share_of_parent"": 1.0}, {""name"": ""JediSwap"", ""pool"": ""0x4d0390b777b424e43839cd1e744799f3de6c176c7e32c1812a41dbd9c19db6a"", ""share_of_parent"": 0.1303141157}, {""name"": ""Nostra"", ""pool"": ""0x7f232e7857effe04f7351e9bb2f1ebc2589bacca3380ae84efcc22067c1436e"", ""share_of_parent"": 1.0}, {""name"": ""Ekubo"", ""pool"": ""0xc25669ed8b70551736c7833dc0fde2d93d7829df3c0969aaadc642a36d4c98"", ""share_of_parent"": 0.6887906095}, {""name"": ""Nostra"", ""pool"": ""0x7f232e7857effe04f7351e9bb2f1ebc2589bacca3380ae84efcc22067c1436e"", ""share_of_parent"": 1.0}, {""name"": ""Ekubo"", ""pool"": ""0x305a929dfbafeb094fe63430e7f14f9b43a86b29831e3f21088e345ee145d91"", ""share_of_parent"": 0.0184122464}, {""name"": ""Nostra"", ""pool"": ""0x7f232e7857effe04f7351e9bb2f1ebc2589bacca3380ae84efcc22067c1436e"", ""share_of_parent"": 1.0}, {""name"": ""JediSwapCL"", ""pool"": ""0x8bd7323c9178beca246394a3cb92dd16a66781121738f7608839bfaa9881df"", ""share_of_parent"": 0.0031356875}, {""name"": ""Nostra"", ""pool"": ""0x7f232e7857effe04f7351e9bb2f1ebc2589bacca3380ae84efcc22067c1436e"", ""share_of_parent"": 1.0}, {""name"": ""Ekubo"", ""pool"": ""0x704d2f129606e3d33e5e1c68bed7be09d5e766ab210188ea0ab72b5214c1c37"", ""share_of_parent"": 0.012319117000000025}, {""name"": ""Nostra"", ""pool"": ""0x7f232e7857effe04f7351e9bb2f1ebc2589bacca3380ae84efcc22067c1436e"", ""share_of_parent"": 1.0}, {""name"": ""Ekubo"", ""pool"": ""0x3b8bb80f88207c0ed6a28b6f1152e97a8d8244b508497be52320ad1b63523d3"", ""share_of_parent"": 0.0586233766}, {""name"": ""Nostra"", ""pool"": ""0x7f232e7857effe04f7351e9bb2f1ebc2589bacca3380ae84efcc22067c1436e"", ""share_of_parent"": 1.0}, {""name"": ""Ekubo"", ""pool"": ""0x2e65ce680bf9243a7d3b0c40200c015f66be7602bfe8e24a0b4bbd2f4b0997"", ""share_of_parent"": 0.0218321678}, {""name"": ""Ekubo"", ""pool"": ""0x70e37dd1f443d2ae706724dc660fe9793f34dbf338107415ff4197e847338f9"", ""share_of_parent"": 1.0}, {""name"": ""Nostra"", ""pool"": ""0x7f232e7857effe04f7351e9bb2f1ebc2589bacca3380ae84efcc22067c1436e"", ""share_of_parent"": 1.0}, {""name"": ""Ekubo"", ""pool"": ""0x7dfd50ffb20b9192a67fea997bb2ecc4a35346dd6bb82b37f274c004f53c0f1"", ""share_of_parent"": 0.2792787212}, {""name"": ""Ekubo"", ""pool"": ""0x2318a6517d95ea54b451a99142fd0a18d1dccf9edf08b9a6840c7157e0b7953"", ""share_of_parent"": 0.3057175682}, {""name"": ""Nostra"", ""pool"": ""0x7f232e7857effe04f7351e9bb2f1ebc2589bacca3380ae84efcc22067c1436e"", ""share_of_parent"": 1.0}, {""name"": ""Ekubo"", ""pool"": ""0x4519b483ae513d2c7d336bc8bdeacd7c4a3cd62116a5b108dfa115ebecf0845"", ""share_of_parent"": 0.2462161609}, {""name"": ""Nostra"", ""pool"": ""0x7f232e7857effe04f7351e9bb2f1ebc2589bacca3380ae84efcc22067c1436e"", ""share_of_parent"": 1.0}, {""name"": ""JediSwap"", ""pool"": ""0x5801bdad32f343035fb242e98d1e9371ae85bc1543962fedea16c59b35bd19b"", ""share_of_parent"": 0.0034452084}, {""name"": ""Nostra"", ""pool"": ""0x7f232e7857effe04f7351e9bb2f1ebc2589bacca3380ae84efcc22067c1436e"", ""share_of_parent"": 1.0}, {""name"": ""10kSwap"", ""pool"": ""0x41a708cf109737a50baa6cbeb9adf0bf8d97112dc6cc80c7a458cbad35328b0"", ""share_of_parent"": 0.0031483708}, {""name"": ""Nostra"", ""pool"": ""0x7f232e7857effe04f7351e9bb2f1ebc2589bacca3380ae84efcc22067c1436e"", ""share_of_parent"": 1.0}, {""name"": ""Ekubo"", ""pool"": ""0x736d775c4adf60980607b4b40604fd3d67d69bcfe95c9026534f876edefea05"", ""share_of_parent"": 0.3286748598}, {""name"": ""Nostra"", ""pool"": ""0x7f232e7857effe04f7351e9bb2f1ebc2589bacca3380ae84efcc22067c1436e"", ""share_of_parent"": 1.0}, {""name"": ""Ekubo"", ""pool"": ""0x2c86b7abe3dc5c832e59131fb422d5c57215c16d3e51f7adc96e21d31262a1d"", ""share_of_parent"": 0.0568576631}, {""name"": ""Nostra"", ""pool"": ""0x7f232e7857effe04f7351e9bb2f1ebc2589bacca3380ae84efcc22067c1436e"", ""share_of_parent"": 1.0}, {""name"": ""StarkDefi"", ""pool"": ""0x7cecccbfa263721bb64c19892ccdc658ad08ea80e90fb8f78ff06446a62c3cc"", ""share_of_parent"": 0.0360593875}, {""name"": ""Nostra"", ""pool"": ""0x7f232e7857effe04f7351e9bb2f1ebc2589bacca3380ae84efcc22067c1436e"", ""share_of_parent"": 1.0}, {""name"": ""Ekubo"", ""pool"": ""0x6d99066cb9aa9191882422457ccb3861e6797b26cc2834b09c78b9ff04b2ac4"", ""share_of_parent"": 0.0143011609}, {""name"": ""Nostra"", ""pool"": ""0x7f232e7857effe04f7351e9bb2f1ebc2589bacca3380ae84efcc22067c1436e"", ""share_of_parent"": 1.0}, {""name"": ""StarkDefi"", ""pool"": ""0x6a6171b9a74643a17a7ad7040f669f570d9c98ad04b05c7418bdc99c686860e"", ""share_of_parent"": 0.004729333}, {""name"": ""Nostra"", ""pool"": ""0x7f232e7857effe04f7351e9bb2f1ebc2589bacca3380ae84efcc22067c1436e"", ""share_of_parent"": 1.0}, {""name"": ""StarkDefi"", ""pool"": ""0x3dfb1801cc3afb9a1ea8bbd52ea2a1d18b7ab724ed948f2f37f55b4e71631c6"", ""share_of_parent"": 0.0004897769}, {""name"": ""Nostra"", ""pool"": ""0x7f232e7857effe04f7351e9bb2f1ebc2589bacca3380ae84efcc22067c1436e"", ""share_of_parent"": 1.0}, {""name"": ""Ekubo(Twamm)"", ""pool"": ""0x647f1895330d11bffd572afecfa489a189990e8a147ddbfde9c0f8b69c6e98b"", ""share_of_parent"": 0.00036051050000004135}, {""name"": ""Nostra"", ""pool"": ""0x7f232e7857effe04f7351e9bb2f1ebc2589bacca3380ae84efcc22067c1436e"", ""share_of_parent"": 1.0}, {""name"": ""0dAMM"", ""pool"": ""0x256462984b6063ffe3d674449892577ab3777ad0ac0b2109797800914dcf1c1"", ""share_of_parent"": 0.0774125874}, {""name"": ""10kSwap"", ""pool"": ""0x23c72abdf49dffc85ae3ede714f2168ad384cc67d08524732acea90df325"", ""share_of_parent"": 0.0818103146}, {""name"": ""Nostra"", ""pool"": ""0x7f232e7857effe04f7351e9bb2f1ebc2589bacca3380ae84efcc22067c1436e"", ""share_of_parent"": 1.0}, {""name"": ""JediSwap"", ""pool"": ""0x4d0390b777b424e43839cd1e744799f3de6c176c7e32c1812a41dbd9c19db6a"", ""share_of_parent"": 0.1283653662}, {""name"": ""Nostra"", ""pool"": ""0x7f232e7857effe04f7351e9bb2f1ebc2589bacca3380ae84efcc22067c1436e"", ""share_of_parent"": 1.0}, {""name"": ""Ekubo"", ""pool"": ""0xc25669ed8b70551736c7833dc0fde2d93d7829df3c0969aaadc642a36d4c98"", ""share_of_parent"": 0.5684874529}, {""name"": ""Nostra"", ""pool"": ""0x7f232e7857effe04f7351e9bb2f1ebc2589bacca3380ae84efcc22067c1436e"", ""share_of_parent"": 1.0}, {""name"": ""Ekubo"", ""pool"": ""0x305a929dfbafeb094fe63430e7f14f9b43a86b29831e3f21088e345ee145d91"", ""share_of_parent"": 0.1221649818}, {""name"": ""Nostra"", ""pool"": ""0x7f232e7857effe04f7351e9bb2f1ebc2589bacca3380ae84efcc22067c1436e"", ""share_of_parent"": 1.0}, {""name"": ""StarkDefi"", ""pool"": ""0x549bdff3f2744f69a6f5f84bdcdc647452e116e1faf967e5ff19955d0011c87"", ""share_of_parent"": 0.044841432}, {""name"": ""Nostra"", ""pool"": ""0x7f232e7857effe04f7351e9bb2f1ebc2589bacca3380ae84efcc22067c1436e"", ""share_of_parent"": 1.0}, {""name"": ""JediSwapCL"", ""pool"": ""0x8bd7323c9178beca246394a3cb92dd16a66781121738f7608839bfaa9881df"", ""share_of_parent"": 0.017465946}, {""name"": ""Nostra"", ""pool"": ""0x7f232e7857effe04f7351e9bb2f1ebc2589bacca3380ae84efcc22067c1436e"", ""share_of_parent"": 1.0}, {""name"": ""Ekubo"", ""pool"": ""0x704d2f129606e3d33e5e1c68bed7be09d5e766ab210188ea0ab72b5214c1c37"", ""share_of_parent"": 0.03686450649999992}, {""name"": ""Nostra"", ""pool"": ""0x7f232e7857effe04f7351e9bb2f1ebc2589bacca3380ae84efcc22067c1436e"", ""share_of_parent"": 1.0}, {""name"": ""0dAMM"", ""pool"": ""0x1bfb102cbf19897dc230d4f6032f5d660454706d52944ff74ab237ee18723ec"", ""share_of_parent"": 0.0407832167}, {""name"": ""Ekubo"", ""pool"": ""0x70e37dd1f443d2ae706724dc660fe9793f34dbf338107415ff4197e847338f9"", ""share_of_parent"": 1.0}, {""name"": ""Nostra"", ""pool"": ""0x7f232e7857effe04f7351e9bb2f1ebc2589bacca3380ae84efcc22067c1436e"", ""share_of_parent"": 1.0}, {""name"": ""Ekubo"", ""pool"": ""0x10e713b3b787247e9db52188d114b27165426f773e10d1acc5285ff776fa9c7"", ""share_of_parent"": 0.0301078921}, {""name"": ""Ekubo"", ""pool"": ""0x5a174106c82f18b50f130e19608b332041057c34a5e9bfcd2a2ba8354b58e48"", ""share_of_parent"": 1.0}, {""name"": ""Nostra"", ""pool"": ""0x7f232e7857effe04f7351e9bb2f1ebc2589bacca3380ae84efcc22067c1436e"", ""share_of_parent"": 1.0}, {""name"": ""Ekubo"", ""pool"": ""0x618f6819c4c3193ea18936f3202bf3cb4904c475a13e05767fde821ff70a05c"", ""share_of_parent"": 0.0010109893000001357}, {""name"": ""JediSwapCL"", ""pool"": ""0x4400b1fe726e358219131351da53a01922c5d5cddd1c78680a87effe4923e80"", ""share_of_parent"": 1.0}, {""name"": ""Nostra"", ""pool"": ""0x7f232e7857effe04f7351e9bb2f1ebc2589bacca3380ae84efcc22067c1436e"", ""share_of_parent"": 1.0}]",quote-NSTR-buy-100000.json
NSTR,0xc530f2c0aa4c16a0806365b0898499fba372e5df7a7172dc6fe9ba777e8007,False,sell,10,0.0,9324270,9.32427,2026-09-18T10:05:44.900833+00:00,https://starknet.api.avnu.fi/swap/v3/quotes?sellTokenAddress=0xc530f2c0aa4c16a0806365b0898499fba372e5df7a7172dc6fe9ba777e8007&buyTokenAddress=0x033068f6539f8e6e6b131e6b2b814e6c34a5224bc66947c47dab9dfee93b35fb&sellAmount=0x617c758b49d3f72ded&size=1,"[{""name"": ""Nostra"", ""pool"": ""0x7f232e7857effe04f7351e9bb2f1ebc2589bacca3380ae84efcc22067c1436e"", ""share_of_parent"": 1.0}, {""name"": ""StarkDefi"", ""pool"": ""0x549bdff3f2744f69a6f5f84bdcdc647452e116e1faf967e5ff19955d0011c87"", ""share_of_parent"": 1.0}, {""name"": ""0dAMM"", ""pool"": ""0x256462984b6063ffe3d674449892577ab3777ad0ac0b2109797800914dcf1c1"", ""share_of_parent"": 1.0}]",quote-NSTR-sell-10.json
NSTR,0xc530f2c0aa4c16a0806365b0898499fba372e5df7a7172dc6fe9ba777e8007,False,sell,100,0.30741173303647784,92956061,92.956061,2026-09-18T10:05:45.403609+00:00,https://starknet.api.avnu.fi/swap/v3/quotes?sellTokenAddress=0xc530f2c0aa4c16a0806365b0898499fba372e5df7a7172dc6fe9ba777e8007&buyTokenAddress=0x033068f6539f8e6e6b131e6b2b814e6c34a5224bc66947c47dab9dfee93b35fb&sellAmount=0x3cedc9770e247a7cb42&size=1,"[{""name"": ""Nostra"", ""pool"": ""0x7f232e7857effe04f7351e9bb2f1ebc2589bacca3380ae84efcc22067c1436e"", ""share_of_parent"": 1.0}, {""name"": ""StarkDefi"", ""pool"": ""0x549bdff3f2744f69a6f5f84bdcdc647452e116e1faf967e5ff19955d0011c87"", ""share_of_parent"": 0.1231248922}, {""name"": ""0dAMM"", ""pool"": ""0x256462984b6063ffe3d674449892577ab3777ad0ac0b2109797800914dcf1c1"", ""share_of_parent"": 1.0}, {""name"": ""Ekubo"", ""pool"": ""0x3b8bb80f88207c0ed6a28b6f1152e97a8d8244b508497be52320ad1b63523d3"", ""share_of_parent"": 0.8768751078}]",quote-NSTR-sell-100.json
NSTR,0xc530f2c0aa4c16a0806365b0898499fba372e5df7a7172dc6fe9ba777e8007,False,sell,1000,1.8332020630033252,915333729,915.333729,2026-09-18T10:05:45.855547+00:00,https://starknet.api.avnu.fi/swap/v3/quotes?sellTokenAddress=0xc530f2c0aa4c16a0806365b0898499fba372e5df7a7172dc6fe9ba777e8007&buyTokenAddress=0x033068f6539f8e6e6b131e6b2b814e6c34a5224bc66947c47dab9dfee93b35fb&sellAmount=0x26149dea68d6cc8df09a&size=1,"[{""name"": ""Nostra"", ""pool"": ""0x7f232e7857effe04f7351e9bb2f1ebc2589bacca3380ae84efcc22067c1436e"", ""share_of_parent"": 0.9147075094}, {""name"": ""Ekubo"", ""pool"": ""0x3b8bb80f88207c0ed6a28b6f1152e97a8d8244b508497be52320ad1b63523d3"", ""share_of_parent"": 1.0}, {""name"": ""Ekubo"", ""pool"": ""0x52f4fa51e905196ca8a9cafe36db2cfe747ee142436e037c61c1234224b3bde"", ""share_of_parent"": 0.0852924906}, {""name"": ""0dAMM"", ""pool"": ""0xd7b9aeed671dfd92653c682fb4a06db88fed691c5c8c7c6e74c8ef5421159c"", ""share_of_parent"": 1.0}]",quote-NSTR-sell-1000.json
NSTR,0xc530f2c0aa4c16a0806365b0898499fba372e5df7a7172dc6fe9ba777e8007,False,sell,10000,14.989501408689366,7926608417,7926.608417,2026-09-18T10:05:46.303633+00:00,https://starknet.api.avnu.fi/swap/v3/quotes?sellTokenAddress=0xc530f2c0aa4c16a0806365b0898499fba372e5df7a7172dc6fe9ba777e8007&buyTokenAddress=0x033068f6539f8e6e6b131e6b2b814e6c34a5224bc66947c47dab9dfee93b35fb&sellAmount=0x17cce2b281863fd8b660d&size=1,"[{""name"": ""Nostra"", ""pool"": ""0x7f232e7857effe04f7351e9bb2f1ebc2589bacca3380ae84efcc22067c1436e"", ""share_of_parent"": 0.9829350649}, {""name"": ""Ekubo"", ""pool"": ""0xc25669ed8b70551736c7833dc0fde2d93d7829df3c0969aaadc642a36d4c98"", ""share_of_parent"": 0.0023924576}, {""name"": ""0dAMM"", ""pool"": ""0x256462984b6063ffe3d674449892577ab3777ad0ac0b2109797800914dcf1c1"", ""share_of_parent"": 1.0}, {""name"": ""Ekubo"", ""pool"": ""0x3b8bb80f88207c0ed6a28b6f1152e97a8d8244b508497be52320ad1b63523d3"", ""share_of_parent"": 0.9976075424}, {""name"": ""Ekubo"", ""pool"": ""0x52f4fa51e905196ca8a9cafe36db2cfe747ee142436e037c61c1234224b3bde"", ""share_of_parent"": 0.017064935100000008}, {""name"": ""0dAMM"", ""pool"": ""0xd7b9aeed671dfd92653c682fb4a06db88fed691c5c8c7c6e74c8ef5421159c"", ""share_of_parent"": 1.0}]",quote-NSTR-sell-10000.json
NSTR,0xc530f2c0aa4c16a0806365b0898499fba372e5df7a7172dc6fe9ba777e8007,False,sell,100000,64.25988571008776,33325047547,33325.047547,2026-09-18T10:05:46.752741+00:00,https://starknet.api.avnu.fi/swap/v3/quotes?sellTokenAddress=0xc530f2c0aa4c16a0806365b0898499fba372e5df7a7172dc6fe9ba777e8007&buyTokenAddress=0x033068f6539f8e6e6b131e6b2b814e6c34a5224bc66947c47dab9dfee93b35fb&sellAmount=0xee00daf90f3e7e771fc89&size=1,"[{""name"": ""Nostra"", ""pool"": ""0x7f232e7857effe04f7351e9bb2f1ebc2589bacca3380ae84efcc22067c1436e"", ""share_of_parent"": 0.9982937062}, {""name"": ""Ekubo"", ""pool"": ""0xc25669ed8b70551736c7833dc0fde2d93d7829df3c0969aaadc642a36d4c98"", ""share_of_parent"": 0.0055152393}, {""name"": ""0dAMM"", ""pool"": ""0x256462984b6063ffe3d674449892577ab3777ad0ac0b2109797800914dcf1c1"", ""share_of_parent"": 1.0}, {""name"": ""Ekubo"", ""pool"": ""0x2318a6517d95ea54b451a99142fd0a18d1dccf9edf08b9a6840c7157e0b7953"", ""share_of_parent"": 0.0088358584}, {""name"": ""Ekubo"", ""pool"": ""0x7dfd50ffb20b9192a67fea997bb2ecc4a35346dd6bb82b37f274c004f53c0f1"", ""share_of_parent"": 1.0}, {""name"": ""StarkDefi"", ""pool"": ""0x549bdff3f2744f69a6f5f84bdcdc647452e116e1faf967e5ff19955d0011c87"", ""share_of_parent"": 0.0028844977}, {""name"": ""Ekubo"", ""pool"": ""0x160f5d987caf56d8109427919172c1e45ef366ea1d7dcf105a3c5a5e794aea3"", ""share_of_parent"": 1.0}, {""name"": ""Ekubo"", ""pool"": ""0x704d2f129606e3d33e5e1c68bed7be09d5e766ab210188ea0ab72b5214c1c37"", ""share_of_parent"": 0.0004495535}, {""name"": ""Ekubo"", ""pool"": ""0x160f5d987caf56d8109427919172c1e45ef366ea1d7dcf105a3c5a5e794aea3"", ""share_of_parent"": 1.0}, {""name"": ""Ekubo"", ""pool"": ""0x3b8bb80f88207c0ed6a28b6f1152e97a8d8244b508497be52320ad1b63523d3"", ""share_of_parent"": 0.9823148511}, {""name"": ""Ekubo"", ""pool"": ""0x52f4fa51e905196ca8a9cafe36db2cfe747ee142436e037c61c1234224b3bde"", ""share_of_parent"": 0.0017062938000000083}, {""name"": ""0dAMM"", ""pool"": ""0xd7b9aeed671dfd92653c682fb4a06db88fed691c5c8c7c6e74c8ef5421159c"", ""share_of_parent"": 1.0}]",quote-NSTR-sell-100000.json
STRK,0x4718f5a0fc34cc1af16a1cdee98ffb20c31f5cd61d6ab07201858f4287c938d,False,buy,10,0.0,293375514861936082944,,2026-09-18T09:59:49.310074+00:00,https://starknet.api.avnu.fi/swap/v3/quotes?sellTokenAddress=0x033068f6539f8e6e6b131e6b2b814e6c34a5224bc66947c47dab9dfee93b35fb&buyTokenAddress=0x04718f5a0fc34cc1af16a1cdee98ffb20c31f5cd61d6ab07201858f4287c938d&sellAmount=0x989680&size=1,"[{""name"": ""0dAMM"", ""pool"": ""0xd7b9aeed671dfd92653c682fb4a06db88fed691c5c8c7c6e74c8ef5421159c"", ""share_of_parent"": 1.0}]",quote-STRK-buy-10.json
STRK,0x4718f5a0fc34cc1af16a1cdee98ffb20c31f5cd61d6ab07201858f4287c938d,False,buy,100,0.0024964304342511845,2933681909462964633600,,2026-09-18T09:59:50.420359+00:00,https://starknet.api.avnu.fi/swap/v3/quotes?sellTokenAddress=0x033068f6539f8e6e6b131e6b2b814e6c34a5224bc66947c47dab9dfee93b35fb&buyTokenAddress=0x04718f5a0fc34cc1af16a1cdee98ffb20c31f5cd61d6ab07201858f4287c938d&sellAmount=0x5f5e100&size=1,"[{""name"": ""0dAMM"", ""pool"": ""0xd7b9aeed671dfd92653c682fb4a06db88fed691c5c8c7c6e74c8ef5421159c"", ""share_of_parent"": 1.0}]",quote-STRK-buy-100.json
STRK,0x4718f5a0fc34cc1af16a1cdee98ffb20c31f5cd61d6ab07201858f4287c938d,False,buy,1000,0.027453881106442868,29329497189689046597632,,2026-09-18T09:59:51.576381+00:00,https://starknet.api.avnu.fi/swap/v3/quotes?sellTokenAddress=0x033068f6539f8e6e6b131e6b2b814e6c34a5224bc66947c47dab9dfee93b35fb&buyTokenAddress=0x04718f5a0fc34cc1af16a1cdee98ffb20c31f5cd61d6ab07201858f4287c938d&sellAmount=0x3b9aca00&size=1,"[{""name"": ""0dAMM"", ""pool"": ""0xd7b9aeed671dfd92653c682fb4a06db88fed691c5c8c7c6e74c8ef5421159c"", ""share_of_parent"": 1.0}]",quote-STRK-buy-1000.json
STRK,0x4718f5a0fc34cc1af16a1cdee98ffb20c31f5cd61d6ab07201858f4287c938d,False,buy,10000,-0.03996929780738512,293492774995165238525952,,2026-09-18T09:59:52.706392+00:00,https://starknet.api.avnu.fi/swap/v3/quotes?sellTokenAddress=0x033068f6539f8e6e6b131e6b2b814e6c34a5224bc66947c47dab9dfee93b35fb&buyTokenAddress=0x04718f5a0fc34cc1af16a1cdee98ffb20c31f5cd61d6ab07201858f4287c938d&sellAmount=0x2540be400&size=1,"[{""name"": ""0dAMM"", ""pool"": ""0xd7b9aeed671dfd92653c682fb4a06db88fed691c5c8c7c6e74c8ef5421159c"", ""share_of_parent"": 1.0}]",quote-STRK-buy-10000.json
STRK,0x4718f5a0fc34cc1af16a1cdee98ffb20c31f5cd61d6ab07201858f4287c938d,False,buy,100000,2.344818278986116,2864963921633837964066816,,2026-09-18T09:59:54.185223+00:00,https://starknet.api.avnu.fi/swap/v3/quotes?sellTokenAddress=0x033068f6539f8e6e6b131e6b2b814e6c34a5224bc66947c47dab9dfee93b35fb&buyTokenAddress=0x04718f5a0fc34cc1af16a1cdee98ffb20c31f5cd61d6ab07201858f4287c938d&sellAmount=0x174876e800&size=1,"[{""name"": ""Ekubo"", ""pool"": ""0x59592b427f28fea4683279a034e443c03125e1159ab0b14cc29a04ecf57a443"", ""share_of_parent"": 0.0309454862}, {""name"": ""Ekubo"", ""pool"": ""0x55b5f9772697ad743ec6729541afa517c349097d1cced3abf77fa2e7307d8b9"", ""share_of_parent"": 0.4733085885}, {""name"": ""Ekubo"", ""pool"": ""0x2d91a3f0b1e68b0d5e6f27fb649dcaef141c4efdedb9305764fe22382fc03f0"", ""share_of_parent"": 1.0}, {""name"": ""Ekubo"", ""pool"": ""0x4ffe087d21be7dc329d29721d169f5f6522a6fce624e8ac3aed285c3fb42f50"", ""share_of_parent"": 0.5266914115}, {""name"": ""Ekubo"", ""pool"": ""0x160f5d987caf56d8109427919172c1e45ef366ea1d7dcf105a3c5a5e794aea3"", ""share_of_parent"": 0.0889189855}, {""name"": ""Ekubo"", ""pool"": ""0xc25669ed8b70551736c7833dc0fde2d93d7829df3c0969aaadc642a36d4c98"", ""share_of_parent"": 0.0424057971}, {""name"": ""Ekubo"", ""pool"": ""0x698f3fbabfb7ab97d2b560ba63329917c6aff2be72bc467266a2fee34543366"", ""share_of_parent"": 1.0}, {""name"": ""Ekubo"", ""pool"": ""0x2d91a3f0b1e68b0d5e6f27fb649dcaef141c4efdedb9305764fe22382fc03f0"", ""share_of_parent"": 0.54976677}, {""name"": ""Nostra"", ""pool"": ""0x1a2de9f2895ac4e6cb80c11ecc07ce8062a4ae883f64cb2b1dc6724b85e897d"", ""share_of_parent"": 0.4078274329}, {""name"": ""Ekubo"", ""pool"": ""0x3b8bb80f88207c0ed6a28b6f1152e97a8d8244b508497be52320ad1b63523d3"", ""share_of_parent"": 0.0134364746}, {""name"": ""Ekubo"", ""pool"": ""0xc25669ed8b70551736c7833dc0fde2d93d7829df3c0969aaadc642a36d4c98"", ""share_of_parent"": 1.0}, {""name"": ""Ekubo"", ""pool"": ""0x2d91a3f0b1e68b0d5e6f27fb649dcaef141c4efdedb9305764fe22382fc03f0"", ""share_of_parent"": 1.0}, {""name"": ""0dAMM"", ""pool"": ""0x256462984b6063ffe3d674449892577ab3777ad0ac0b2109797800914dcf1c1"", ""share_of_parent"": 0.0308284209}, {""name"": ""Ekubo"", ""pool"": ""0x2d91a3f0b1e68b0d5e6f27fb649dcaef141c4efdedb9305764fe22382fc03f0"", ""share_of_parent"": 1.0}, {""name"": ""0dAMM"", ""pool"": ""0x1bfb102cbf19897dc230d4f6032f5d660454706d52944ff74ab237ee18723ec"", ""share_of_parent"": 0.023135187}, {""name"": ""Ekubo"", ""pool"": ""0x70c7729dcb5b2eab110331619cdc5c7ab894ff0b604b2dd3204df40517202a5"", ""share_of_parent"": 1.0}, {""name"": ""Ekubo"", ""pool"": ""0x5dfce41b432a59570b82182d3f9f37abf7aee04a3faebc96ac367c4cb12d313"", ""share_of_parent"": 0.6712327328}, {""name"": ""0dAMM"", ""pool"": ""0xd7b9aeed671dfd92653c682fb4a06db88fed691c5c8c7c6e74c8ef5421159c"", ""share_of_parent"": 0.14150271300000003}]",quote-STRK-buy-100000.json
STRK,0x4718f5a0fc34cc1af16a1cdee98ffb20c31f5cd61d6ab07201858f4287c938d,False,sell,10,0.0,9703353,9.703353,2026-09-18T10:05:28.982168+00:00,https://starknet.api.avnu.fi/swap/v3/quotes?sellTokenAddress=0x4718f5a0fc34cc1af16a1cdee98ffb20c31f5cd61d6ab07201858f4287c938d&buyTokenAddress=0x033068f6539f8e6e6b131e6b2b814e6c34a5224bc66947c47dab9dfee93b35fb&sellAmount=0xf95f457f26c542a3c&size=1,"[{""name"": ""10kSwap"", ""pool"": ""0x4ad445ffb6294d1394b3f6a5610642d37c702eaaa47346b680c6af2f102192e"", ""share_of_parent"": 1.0}, {""name"": ""0dAMM"", ""pool"": ""0x256462984b6063ffe3d674449892577ab3777ad0ac0b2109797800914dcf1c1"", ""share_of_parent"": 1.0}]",quote-STRK-sell-10.json
STRK,0x4718f5a0fc34cc1af16a1cdee98ffb20c31f5cd61d6ab07201858f4287c938d,False,sell,100,0.131728692133537,96905709,96.905709,2026-09-18T10:05:30.276379+00:00,https://starknet.api.avnu.fi/swap/v3/quotes?sellTokenAddress=0x4718f5a0fc34cc1af16a1cdee98ffb20c31f5cd61d6ab07201858f4287c938d&buyTokenAddress=0x033068f6539f8e6e6b131e6b2b814e6c34a5224bc66947c47dab9dfee93b35fb&sellAmount=0x9bdb8b6f783b49a659&size=1,"[{""name"": ""0dAMM"", ""pool"": ""0xd7b9aeed671dfd92653c682fb4a06db88fed691c5c8c7c6e74c8ef5421159c"", ""share_of_parent"": 1.0}]",quote-STRK-sell-100.json
STRK,0x4718f5a0fc34cc1af16a1cdee98ffb20c31f5cd61d6ab07201858f4287c938d,False,sell,1000,0.07982786980953449,969560702,969.560702,2026-09-18T10:05:31.385465+00:00,https://starknet.api.avnu.fi/swap/v3/quotes?sellTokenAddress=0x4718f5a0fc34cc1af16a1cdee98ffb20c31f5cd61d6ab07201858f4287c938d&buyTokenAddress=0x033068f6539f8e6e6b131e6b2b814e6c34a5224bc66947c47dab9dfee93b35fb&sellAmount=0x61693725ab250e07f7f&size=1,"[{""name"": ""0dAMM"", ""pool"": ""0xd7b9aeed671dfd92653c682fb4a06db88fed691c5c8c7c6e74c8ef5421159c"", ""share_of_parent"": 1.0}]",quote-STRK-sell-1000.json
STRK,0x4718f5a0fc34cc1af16a1cdee98ffb20c31f5cd61d6ab07201858f4287c938d,False,sell,10000,0.08079711209104667,9695512971,9695.512971,2026-09-18T10:05:32.416147+00:00,https://starknet.api.avnu.fi/swap/v3/quotes?sellTokenAddress=0x4718f5a0fc34cc1af16a1cdee98ffb20c31f5cd61d6ab07201858f4287c938d&buyTokenAddress=0x033068f6539f8e6e6b131e6b2b814e6c34a5224bc66947c47dab9dfee93b35fb&sellAmount=0x3ce1c2778af728c4fafe&size=1,"[{""name"": ""0dAMM"", ""pool"": ""0xd7b9aeed671dfd92653c682fb4a06db88fed691c5c8c7c6e74c8ef5421159c"", ""share_of_parent"": 1.0}]",quote-STRK-sell-10000.json
STRK,0x4718f5a0fc34cc1af16a1cdee98ffb20c31f5cd61d6ab07201858f4287c938d,False,sell,100000,0.6151759695849468,96436603041,96436.603041,2026-09-18T10:05:33.006800+00:00,https://starknet.api.avnu.fi/swap/v3/quotes?sellTokenAddress=0x4718f5a0fc34cc1af16a1cdee98ffb20c31f5cd61d6ab07201858f4287c938d&buyTokenAddress=0x033068f6539f8e6e6b131e6b2b814e6c34a5224bc66947c47dab9dfee93b35fb&sellAmount=0x260d198ab6da797b1cded&size=1,"[{""name"": ""Ekubo"", ""pool"": ""0x4ffe087d21be7dc329d29721d169f5f6522a6fce624e8ac3aed285c3fb42f50"", ""share_of_parent"": 0.676296714}, {""name"": ""Ekubo"", ""pool"": ""0x144aeb3f417951bba73dd04b237f72d611d1b2e124fdf590528f57c704990ff"", ""share_of_parent"": 0.1968191072}, {""name"": ""Ekubo"", ""pool"": ""0x2e65ce680bf9243a7d3b0c40200c015f66be7602bfe8e24a0b4bbd2f4b0997"", ""share_of_parent"": 0.5869976412}, {""name"": ""0dAMM"", ""pool"": ""0x1bfb102cbf19897dc230d4f6032f5d660454706d52944ff74ab237ee18723ec"", ""share_of_parent"": 0.4130023588}, {""name"": ""Ekubo"", ""pool"": ""0x55b5f9772697ad743ec6729541afa517c349097d1cced3abf77fa2e7307d8b9"", ""share_of_parent"": 0.3124090258}, {""name"": ""Ekubo"", ""pool"": ""0x160f5d987caf56d8109427919172c1e45ef366ea1d7dcf105a3c5a5e794aea3"", ""share_of_parent"": 0.6130038829}, {""name"": ""0dAMM"", ""pool"": ""0x256462984b6063ffe3d674449892577ab3777ad0ac0b2109797800914dcf1c1"", ""share_of_parent"": 0.3869961171}, {""name"": ""Ekubo"", ""pool"": ""0x59592b427f28fea4683279a034e443c03125e1159ab0b14cc29a04ecf57a443"", ""share_of_parent"": 0.49077186700000003}, {""name"": ""Ekubo"", ""pool"": ""0x5dfce41b432a59570b82182d3f9f37abf7aee04a3faebc96ac367c4cb12d313"", ""share_of_parent"": 0.1427550935}, {""name"": ""0dAMM"", ""pool"": ""0xd7b9aeed671dfd92653c682fb4a06db88fed691c5c8c7c6e74c8ef5421159c"", ""share_of_parent"": 0.1809481924999999}]",quote-STRK-sell-100000.json
SUSN,0x2411565ef1a14decfbe83d2e987cced918cd752508a3d9c55deb67148d14d17,False,buy,10,0.0,8178468381371191296,,2026-09-18T10:02:43.186071+00:00,https://starknet.api.avnu.fi/swap/v3/quotes?sellTokenAddress=0x033068f6539f8e6e6b131e6b2b814e6c34a5224bc66947c47dab9dfee93b35fb&buyTokenAddress=0x2411565ef1a14decfbe83d2e987cced918cd752508a3d9c55deb67148d14d17&sellAmount=0x989680&size=1,"[{""name"": ""Ekubo"", ""pool"": ""0x15bff5ce8c5d2d30954ea159014c015815a8f1c0aae101b592951d13aabfd58"", ""share_of_parent"": 1.0}, {""name"": ""Ekubo"", ""pool"": ""0x51613084c4b840b4dd28b7396502d1a1840b40cc3868e97ab7ccbe14923531f"", ""share_of_parent"": 1.0}]",quote-SUSN-buy-10.json
SUSN,0x2411565ef1a14decfbe83d2e987cced918cd752508a3d9c55deb67148d14d17,False,buy,100,0.0003735105694735452,81784378339273654272,,2026-09-18T10:02:44.466928+00:00,https://starknet.api.avnu.fi/swap/v3/quotes?sellTokenAddress=0x033068f6539f8e6e6b131e6b2b814e6c34a5224bc66947c47dab9dfee93b35fb&buyTokenAddress=0x2411565ef1a14decfbe83d2e987cced918cd752508a3d9c55deb67148d14d17&sellAmount=0x5f5e100&size=1,"[{""name"": ""Ekubo"", ""pool"": ""0x15bff5ce8c5d2d30954ea159014c015815a8f1c0aae101b592951d13aabfd58"", ""share_of_parent"": 1.0}, {""name"": ""Ekubo"", ""pool"": ""0x51613084c4b840b4dd28b7396502d1a1840b40cc3868e97ab7ccbe14923531f"", ""share_of_parent"": 1.0}]",quote-SUSN-buy-100.json
SUSN,0x2411565ef1a14decfbe83d2e987cced918cd752508a3d9c55deb67148d14d17,False,buy,1000,0.004107122399665819,817813248166435094528,,2026-09-18T10:02:45.545967+00:00,https://starknet.api.avnu.fi/swap/v3/quotes?sellTokenAddress=0x033068f6539f8e6e6b131e6b2b814e6c34a5224bc66947c47dab9dfee93b35fb&buyTokenAddress=0x2411565ef1a14decfbe83d2e987cced918cd752508a3d9c55deb67148d14d17&sellAmount=0x3b9aca00&size=1,"[{""name"": ""Ekubo"", ""pool"": ""0x15bff5ce8c5d2d30954ea159014c015815a8f1c0aae101b592951d13aabfd58"", ""share_of_parent"": 1.0}, {""name"": ""Ekubo"", ""pool"": ""0x51613084c4b840b4dd28b7396502d1a1840b40cc3868e97ab7ccbe14923531f"", ""share_of_parent"": 1.0}]",quote-SUSN-buy-1000.json
SUSN,0x2411565ef1a14decfbe83d2e987cced918cd752508a3d9c55deb67148d14d17,False,buy,10000,0.0414279498915926,8175080209588257030144,,2026-09-18T10:02:46.720948+00:00,https://starknet.api.avnu.fi/swap/v3/quotes?sellTokenAddress=0x033068f6539f8e6e6b131e6b2b814e6c34a5224bc66947c47dab9dfee93b35fb&buyTokenAddress=0x2411565ef1a14decfbe83d2e987cced918cd752508a3d9c55deb67148d14d17&sellAmount=0x2540be400&size=1,"[{""name"": ""Ekubo"", ""pool"": ""0x15bff5ce8c5d2d30954ea159014c015815a8f1c0aae101b592951d13aabfd58"", ""share_of_parent"": 1.0}, {""name"": ""Ekubo"", ""pool"": ""0x51613084c4b840b4dd28b7396502d1a1840b40cc3868e97ab7ccbe14923531f"", ""share_of_parent"": 1.0}]",quote-SUSN-buy-10000.json
SUSN,0x2411565ef1a14decfbe83d2e987cced918cd752508a3d9c55deb67148d14d17,False,buy,100000,0.41310973422116204,81446823323775472238592,,2026-09-18T10:02:48.287902+00:00,https://starknet.api.avnu.fi/swap/v3/quotes?sellTokenAddress=0x033068f6539f8e6e6b131e6b2b814e6c34a5224bc66947c47dab9dfee93b35fb&buyTokenAddress=0x2411565ef1a14decfbe83d2e987cced918cd752508a3d9c55deb67148d14d17&sellAmount=0x174876e800&size=1,"[{""name"": ""Ekubo"", ""pool"": ""0x15bff5ce8c5d2d30954ea159014c015815a8f1c0aae101b592951d13aabfd58"", ""share_of_parent"": 1.0}, {""name"": ""Ekubo"", ""pool"": ""0x51613084c4b840b4dd28b7396502d1a1840b40cc3868e97ab7ccbe14923531f"", ""share_of_parent"": 1.0}]",quote-SUSN-buy-100000.json
SUSN,0x2411565ef1a14decfbe83d2e987cced918cd752508a3d9c55deb67148d14d17,False,sell,10,0.0,9975243,9.975243,2026-09-18T10:05:33.839217+00:00,https://starknet.api.avnu.fi/swap/v3/quotes?sellTokenAddress=0x2411565ef1a14decfbe83d2e987cced918cd752508a3d9c55deb67148d14d17&buyTokenAddress=0x033068f6539f8e6e6b131e6b2b814e6c34a5224bc66947c47dab9dfee93b35fb&sellAmount=0x717d85dd9558afaf&size=1,"[{""name"": ""Ekubo"", ""pool"": ""0x51613084c4b840b4dd28b7396502d1a1840b40cc3868e97ab7ccbe14923531f"", ""share_of_parent"": 1.0}, {""name"": ""Ekubo"", ""pool"": ""0x15bff5ce8c5d2d30954ea159014c015815a8f1c0aae101b592951d13aabfd58"", ""share_of_parent"": 1.0}]",quote-SUSN-sell-10.json
SUSN,0x2411565ef1a14decfbe83d2e987cced918cd752508a3d9c55deb67148d14d17,False,sell,100,0.000368913318704589,99752062,99.752062,2026-09-18T10:05:34.235486+00:00,https://starknet.api.avnu.fi/swap/v3/quotes?sellTokenAddress=0x2411565ef1a14decfbe83d2e987cced918cd752508a3d9c55deb67148d14d17&buyTokenAddress=0x033068f6539f8e6e6b131e6b2b814e6c34a5224bc66947c47dab9dfee93b35fb&sellAmount=0x46ee73aa7d576dcdd&size=1,"[{""name"": ""Ekubo"", ""pool"": ""0x51613084c4b840b4dd28b7396502d1a1840b40cc3868e97ab7ccbe14923531f"", ""share_of_parent"": 1.0}, {""name"": ""Ekubo"", ""pool"": ""0x15bff5ce8c5d2d30954ea159014c015815a8f1c0aae101b592951d13aabfd58"", ""share_of_parent"": 1.0}]",quote-SUSN-sell-100.json
SUSN,0x2411565ef1a14decfbe83d2e987cced918cd752508a3d9c55deb67148d14d17,False,sell,1000,0.004101554217772474,997483386,997.483386,2026-09-18T10:05:34.621473+00:00,https://starknet.api.avnu.fi/swap/v3/quotes?sellTokenAddress=0x2411565ef1a14decfbe83d2e987cced918cd752508a3d9c55deb67148d14d17&buyTokenAddress=0x033068f6539f8e6e6b131e6b2b814e6c34a5224bc66947c47dab9dfee93b35fb&sellAmount=0x2c55084a8e56a4a0a9&size=1,"[{""name"": ""Ekubo"", ""pool"": ""0x51613084c4b840b4dd28b7396502d1a1840b40cc3868e97ab7ccbe14923531f"", ""share_of_parent"": 1.0}, {""name"": ""Ekubo"", ""pool"": ""0x15bff5ce8c5d2d30954ea159014c015815a8f1c0aae101b592951d13aabfd58"", ""share_of_parent"": 1.0}]",quote-SUSN-sell-1000.json
SUSN,0x2411565ef1a14decfbe83d2e987cced918cd752508a3d9c55deb67148d14d17,False,sell,10000,0.0414137179415075,9971111881,9971.111881,2026-09-18T10:05:35.064402+00:00,https://starknet.api.avnu.fi/swap/v3/quotes?sellTokenAddress=0x2411565ef1a14decfbe83d2e987cced918cd752508a3d9c55deb67148d14d17&buyTokenAddress=0x033068f6539f8e6e6b131e6b2b814e6c34a5224bc66947c47dab9dfee93b35fb&sellAmount=0x1bb5252e98f626e469f&size=1,"[{""name"": ""Ekubo"", ""pool"": ""0x51613084c4b840b4dd28b7396502d1a1840b40cc3868e97ab7ccbe14923531f"", ""share_of_parent"": 1.0}, {""name"": ""Ekubo"", ""pool"": ""0x15bff5ce8c5d2d30954ea159014c015815a8f1c0aae101b592951d13aabfd58"", ""share_of_parent"": 1.0}]",quote-SUSN-sell-10000.json
SUSN,0x2411565ef1a14decfbe83d2e987cced918cd752508a3d9c55deb67148d14d17,False,sell,100000,0.4130100820601612,99340442407,99340.442407,2026-09-18T10:05:36.025126+00:00,https://starknet.api.avnu.fi/swap/v3/quotes?sellTokenAddress=0x2411565ef1a14decfbe83d2e987cced918cd752508a3d9c55deb67148d14d17&buyTokenAddress=0x033068f6539f8e6e6b131e6b2b814e6c34a5224bc66947c47dab9dfee93b35fb&sellAmount=0x1151373d1f99d84ec238&size=1,"[{""name"": ""Ekubo"", ""pool"": ""0x51613084c4b840b4dd28b7396502d1a1840b40cc3868e97ab7ccbe14923531f"", ""share_of_parent"": 1.0}, {""name"": ""Ekubo"", ""pool"": ""0x15bff5ce8c5d2d30954ea159014c015815a8f1c0aae101b592951d13aabfd58"", ""share_of_parent"": 1.0}]",quote-SUSN-sell-100000.json
USDT,0x68f5c6a61780768455de69077e07e89787839bf8166decfbf92b645209c0fb8,False,buy,10,0.0,10004234,,2026-09-18T09:59:51.847562+00:00,https://starknet.api.avnu.fi/swap/v3/quotes?sellTokenAddress=0x033068f6539f8e6e6b131e6b2b814e6c34a5224bc66947c47dab9dfee93b35fb&buyTokenAddress=0x068f5c6a61780768455de69077e07e89787839bf8166decfbf92b645209c0fb8&sellAmount=0x989680&size=1,"[{""name"": ""Ekubo"", ""pool"": ""0x7dfd50ffb20b9192a67fea997bb2ecc4a35346dd6bb82b37f274c004f53c0f1"", ""share_of_parent"": 1.0}]",quote-USDT-buy-10.json
USDT,0x68f5c6a61780768455de69077e07e89787839bf8166decfbf92b645209c0fb8,False,buy,100,0.0013394328841176417,100041000,,2026-09-18T09:59:53.194342+00:00,https://starknet.api.avnu.fi/swap/v3/quotes?sellTokenAddress=0x033068f6539f8e6e6b131e6b2b814e6c34a5224bc66947c47dab9dfee93b35fb&buyTokenAddress=0x068f5c6a61780768455de69077e07e89787839bf8166decfbf92b645209c0fb8&sellAmount=0x5f5e100&size=1,"[{""name"": ""Ekubo"", ""pool"": ""0x7dfd50ffb20b9192a67fea997bb2ecc4a35346dd6bb82b37f274c004f53c0f1"", ""share_of_parent"": 1.0}]",quote-USDT-buy-100.json
USDT,0x68f5c6a61780768455de69077e07e89787839bf8166decfbf92b645209c0fb8,False,buy,1000,0.014795435612557917,1000275383,,2026-09-18T09:59:54.587148+00:00,https://starknet.api.avnu.fi/swap/v3/quotes?sellTokenAddress=0x033068f6539f8e6e6b131e6b2b814e6c34a5224bc66947c47dab9dfee93b35fb&buyTokenAddress=0x068f5c6a61780768455de69077e07e89787839bf8166decfbf92b645209c0fb8&sellAmount=0x3b9aca00&size=1,"[{""name"": ""Ekubo"", ""pool"": ""0x7dfd50ffb20b9192a67fea997bb2ecc4a35346dd6bb82b37f274c004f53c0f1"", ""share_of_parent"": 1.0}]",quote-USDT-buy-1000.json
USDT,0x68f5c6a61780768455de69077e07e89787839bf8166decfbf92b645209c0fb8,False,buy,10000,0.0995606460224785,9994273720,,2026-09-18T09:59:56.478887+00:00,https://starknet.api.avnu.fi/swap/v3/quotes?sellTokenAddress=0x033068f6539f8e6e6b131e6b2b814e6c34a5224bc66947c47dab9dfee93b35fb&buyTokenAddress=0x068f5c6a61780768455de69077e07e89787839bf8166decfbf92b645209c0fb8&sellAmount=0x2540be400&size=1,"[{""name"": ""Ekubo"", ""pool"": ""0x3b8bb80f88207c0ed6a28b6f1152e97a8d8244b508497be52320ad1b63523d3"", ""share_of_parent"": 0.5862397602}, {""name"": ""Ekubo"", ""pool"": ""0x4519b483ae513d2c7d336bc8bdeacd7c4a3cd62116a5b108dfa115ebecf0845"", ""share_of_parent"": 0.0646671921}, {""name"": ""Ekubo"", ""pool"": ""0x736d775c4adf60980607b4b40604fd3d67d69bcfe95c9026534f876edefea05"", ""share_of_parent"": 0.0186462465}, {""name"": ""Ekubo"", ""pool"": ""0x2318a6517d95ea54b451a99142fd0a18d1dccf9edf08b9a6840c7157e0b7953"", ""share_of_parent"": 0.9166865614}, {""name"": ""Ekubo"", ""pool"": ""0x2e65ce680bf9243a7d3b0c40200c015f66be7602bfe8e24a0b4bbd2f4b0997"", ""share_of_parent"": 0.0021438561}, {""name"": ""Ekubo"", ""pool"": ""0x70e37dd1f443d2ae706724dc660fe9793f34dbf338107415ff4197e847338f9"", ""share_of_parent"": 1.0}, {""name"": ""Ekubo"", ""pool"": ""0x736d775c4adf60980607b4b40604fd3d67d69bcfe95c9026534f876edefea05"", ""share_of_parent"": 1.0}, {""name"": ""Ekubo"", ""pool"": ""0x10e713b3b787247e9db52188d114b27165426f773e10d1acc5285ff776fa9c7"", ""share_of_parent"": 0.0612627372}, {""name"": ""Ekubo"", ""pool"": ""0x5a174106c82f18b50f130e19608b332041057c34a5e9bfcd2a2ba8354b58e48"", ""share_of_parent"": 1.0}, {""name"": ""Ekubo"", ""pool"": ""0x4519b483ae513d2c7d336bc8bdeacd7c4a3cd62116a5b108dfa115ebecf0845"", ""share_of_parent"": 0.1486468721}, {""name"": ""Ekubo"", ""pool"": ""0x2318a6517d95ea54b451a99142fd0a18d1dccf9edf08b9a6840c7157e0b7953"", ""share_of_parent"": 0.8513531279000001}, {""name"": ""Ekubo"", ""pool"": ""0x7dfd50ffb20b9192a67fea997bb2ecc4a35346dd6bb82b37f274c004f53c0f1"", ""share_of_parent"": 0.3503536465}]",quote-USDT-buy-10000.json
USDT,0x68f5c6a61780768455de69077e07e89787839bf8166decfbf92b645209c0fb8,False,buy,100000,3.1883817201796782,96852608319,,2026-09-18T09:59:58.549193+00:00,https://starknet.api.avnu.fi/swap/v3/quotes?sellTokenAddress=0x033068f6539f8e6e6b131e6b2b814e6c34a5224bc66947c47dab9dfee93b35fb&buyTokenAddress=0x068f5c6a61780768455de69077e07e89787839bf8166decfbf92b645209c0fb8&sellAmount=0x174876e800&size=1,"[{""name"": ""Ekubo"", ""pool"": ""0x59592b427f28fea4683279a034e443c03125e1159ab0b14cc29a04ecf57a443"", ""share_of_parent"": 0.0614725274}, {""name"": ""Ekubo"", ""pool"": ""0x55b5f9772697ad743ec6729541afa517c349097d1cced3abf77fa2e7307d8b9"", ""share_of_parent"": 1.0}, {""name"": ""10kSwap"", ""pool"": ""0x5900cfa2b50d53b097cb305d54e249e31f24f881885aae5639b0cd6af4ed298"", ""share_of_parent"": 0.307433391}, {""name"": ""JediSwap"", ""pool"": ""0x45e7131d776dddc137e30bdd490b431c7144677e97bf9369f629ed8d3fb7dd6"", ""share_of_parent"": 0.2760598402}, {""name"": ""Ekubo"", ""pool"": ""0x7fe6f9d2b9f69632211a116ff0749f1277bc214622fc1e772dd280b24dc8473"", ""share_of_parent"": 0.4165067688}, {""name"": ""Ekubo"", ""pool"": ""0x160f5d987caf56d8109427919172c1e45ef366ea1d7dcf105a3c5a5e794aea3"", ""share_of_parent"": 0.4224015984}, {""name"": ""10kSwap"", ""pool"": ""0x23c72abdf49dffc85ae3ede714f2168ad384cc67d08524732acea90df325"", ""share_of_parent"": 0.1693902659}, {""name"": ""JediSwap"", ""pool"": ""0x5801bdad32f343035fb242e98d1e9371ae85bc1543962fedea16c59b35bd19b"", ""share_of_parent"": 0.0077805114}, {""name"": ""Ekubo"", ""pool"": ""0x4519b483ae513d2c7d336bc8bdeacd7c4a3cd62116a5b108dfa115ebecf0845"", ""share_of_parent"": 0.3084420946}, {""name"": ""Ekubo"", ""pool"": ""0x736d775c4adf60980607b4b40604fd3d67d69bcfe95c9026534f876edefea05"", ""share_of_parent"": 0.1850259796}, {""name"": ""Ekubo"", ""pool"": ""0x2318a6517d95ea54b451a99142fd0a18d1dccf9edf08b9a6840c7157e0b7953"", ""share_of_parent"": 0.4987514144}, {""name"": ""JediSwap"", ""pool"": ""0x4d0390b777b424e43839cd1e744799f3de6c176c7e32c1812a41dbd9c19db6a"", ""share_of_parent"": 0.1595284987}, {""name"": ""Ekubo"", ""pool"": ""0x4519b483ae513d2c7d336bc8bdeacd7c4a3cd62116a5b108dfa115ebecf0845"", ""share_of_parent"": 0.2010508531}, {""name"": ""Ekubo"", ""pool"": ""0x2318a6517d95ea54b451a99142fd0a18d1dccf9edf08b9a6840c7157e0b7953"", ""share_of_parent"": 0.7989491469}, {""name"": ""Ekubo"", ""pool"": ""0xc25669ed8b70551736c7833dc0fde2d93d7829df3c0969aaadc642a36d4c98"", ""share_of_parent"": 0.6314355177}, {""name"": ""10kSwap"", ""pool"": ""0x41a708cf109737a50baa6cbeb9adf0bf8d97112dc6cc80c7a458cbad35328b0"", ""share_of_parent"": 0.002433001}, {""name"": ""Ekubo"", ""pool"": ""0x4519b483ae513d2c7d336bc8bdeacd7c4a3cd62116a5b108dfa115ebecf0845"", ""share_of_parent"": 0.1879477614}, {""name"": ""Ekubo"", ""pool"": ""0x736d775c4adf60980607b4b40604fd3d67d69bcfe95c9026534f876edefea05"", ""share_of_parent"": 0.1503642779}, {""name"": ""Ekubo"", ""pool"": ""0x2318a6517d95ea54b451a99142fd0a18d1dccf9edf08b9a6840c7157e0b7953"", ""share_of_parent"": 0.583193488}, {""name"": ""StarkDefi"", ""pool"": ""0x7cecccbfa263721bb64c19892ccdc658ad08ea80e90fb8f78ff06446a62c3cc"", ""share_of_parent"": 0.07606147170000002}, {""name"": ""Ekubo"", ""pool"": ""0x305a929dfbafeb094fe63430e7f14f9b43a86b29831e3f21088e345ee145d91"", ""share_of_parent"": 0.03964571770000001}, {""name"": ""Ekubo"", ""pool"": ""0x4519b483ae513d2c7d336bc8bdeacd7c4a3cd62116a5b108dfa115ebecf0845"", ""share_of_parent"": 0.1623557712}, {""name"": ""Ekubo"", ""pool"": ""0x2318a6517d95ea54b451a99142fd0a18d1dccf9edf08b9a6840c7157e0b7953"", ""share_of_parent"": 0.8376442288}, {""name"": ""Ekubo"", ""pool"": ""0x3b8bb80f88207c0ed6a28b6f1152e97a8d8244b508497be52320ad1b63523d3"", ""share_of_parent"": 0.0586233766}, {""name"": ""Ekubo"", ""pool"": ""0x2318a6517d95ea54b451a99142fd0a18d1dccf9edf08b9a6840c7157e0b7953"", ""share_of_parent"": 1.0}, {""name"": ""Ekubo"", ""pool"": ""0x2e65ce680bf9243a7d3b0c40200c015f66be7602bfe8e24a0b4bbd2f4b0997"", ""share_of_parent"": 0.0341158841}, {""name"": ""Ekubo"", ""pool"": ""0x70e37dd1f443d2ae706724dc660fe9793f34dbf338107415ff4197e847338f9"", ""share_of_parent"": 0.9981873041}, {""name"": ""Ekubo"", ""pool"": ""0x4519b483ae513d2c7d336bc8bdeacd7c4a3cd62116a5b108dfa115ebecf0845"", ""share_of_parent"": 0.2990612204}, {""name"": ""Ekubo"", ""pool"": ""0x2318a6517d95ea54b451a99142fd0a18d1dccf9edf08b9a6840c7157e0b7953"", ""share_of_parent"": 0.7009387796000001}, {""name"": ""Ekubo"", ""pool"": ""0x777df52c2a1966773817eacf5d36481fb77679fa915c78bf7dc6dd3db2c105"", ""share_of_parent"": 0.0018126959000000083}, {""name"": ""10kSwap"", ""pool"": ""0x5900cfa2b50d53b097cb305d54e249e31f24f881885aae5639b0cd6af4ed298"", ""share_of_parent"": 1.0}, {""name"": ""0dAMM"", ""pool"": ""0x256462984b6063ffe3d674449892577ab3777ad0ac0b2109797800914dcf1c1"", ""share_of_parent"": 0.070045954}, {""name"": ""Ekubo"", ""pool"": ""0xc25669ed8b70551736c7833dc0fde2d93d7829df3c0969aaadc642a36d4c98"", ""share_of_parent"": 1.0}, {""name"": ""Ekubo"", ""pool"": ""0x4519b483ae513d2c7d336bc8bdeacd7c4a3cd62116a5b108dfa115ebecf0845"", ""share_of_parent"": 0.2054421079}, {""name"": ""Ekubo"", ""pool"": ""0x2318a6517d95ea54b451a99142fd0a18d1dccf9edf08b9a6840c7157e0b7953"", ""share_of_parent"": 0.7945578921}, {""name"": ""0dAMM"", ""pool"": ""0x1bfb102cbf19897dc230d4f6032f5d660454706d52944ff74ab237ee18723ec"", ""share_of_parent"": 0.0222197802}, {""name"": ""Ekubo"", ""pool"": ""0x70e37dd1f443d2ae706724dc660fe9793f34dbf338107415ff4197e847338f9"", ""share_of_parent"": 1.0}, {""name"": ""Ekubo"", ""pool"": ""0x2318a6517d95ea54b451a99142fd0a18d1dccf9edf08b9a6840c7157e0b7953"", ""share_of_parent"": 1.0}, {""name"": ""Ekubo"", ""pool"": ""0x10e713b3b787247e9db52188d114b27165426f773e10d1acc5285ff776fa9c7"", ""share_of_parent"": 0.0301078921}, {""name"": ""Ekubo"", ""pool"": ""0x5a174106c82f18b50f130e19608b332041057c34a5e9bfcd2a2ba8354b58e48"", ""share_of_parent"": 1.0}, {""name"": ""Ekubo"", ""pool"": ""0x2318a6517d95ea54b451a99142fd0a18d1dccf9edf08b9a6840c7157e0b7953"", ""share_of_parent"": 1.0}, {""name"": ""Ekubo"", ""pool"": ""0x7dfd50ffb20b9192a67fea997bb2ecc4a35346dd6bb82b37f274c004f53c0f1"", ""share_of_parent"": 0.3010129871999999}]",quote-USDT-buy-100000.json
USDT,0x68f5c6a61780768455de69077e07e89787839bf8166decfbf92b645209c0fb8,False,sell,10,0.0,10008898,10.008898,2026-09-18T10:05:37.736002+00:00,https://starknet.api.avnu.fi/swap/v3/quotes?sellTokenAddress=0x68f5c6a61780768455de69077e07e89787839bf8166decfbf92b645209c0fb8&buyTokenAddress=0x033068f6539f8e6e6b131e6b2b814e6c34a5224bc66947c47dab9dfee93b35fb&sellAmount=0x98b7bb&size=1,"[{""name"": ""Ekubo"", ""pool"": ""0x3cdda481a4b5caabb73742e77e45b70de395d4130c41a7d21ab88e85f00f2e0"", ""share_of_parent"": 1.0}, {""name"": ""0dAMM"", ""pool"": ""0x256462984b6063ffe3d674449892577ab3777ad0ac0b2109797800914dcf1c1"", ""share_of_parent"": 1.0}]",quote-USDT-sell-10.json
USDT,0x68f5c6a61780768455de69077e07e89787839bf8166decfbf92b645209c0fb8,False,sell,100,0.10650023608992365,99982385,99.982385,2026-09-18T10:05:38.313098+00:00,https://starknet.api.avnu.fi/swap/v3/quotes?sellTokenAddress=0x68f5c6a61780768455de69077e07e89787839bf8166decfbf92b645209c0fb8&buyTokenAddress=0x033068f6539f8e6e6b131e6b2b814e6c34a5224bc66947c47dab9dfee93b35fb&sellAmount=0x5f72d50&size=1,"[{""name"": ""Ekubo"", ""pool"": ""0x7dfd50ffb20b9192a67fea997bb2ecc4a35346dd6bb82b37f274c004f53c0f1"", ""share_of_parent"": 1.0}]",quote-USDT-sell-100.json
USDT,0x68f5c6a61780768455de69077e07e89787839bf8166decfbf92b645209c0fb8,False,sell,1000,0.11994397385206579,999689293,999.689293,2026-09-18T10:05:38.820043+00:00,https://starknet.api.avnu.fi/swap/v3/quotes?sellTokenAddress=0x68f5c6a61780768455de69077e07e89787839bf8166decfbf92b645209c0fb8&buyTokenAddress=0x033068f6539f8e6e6b131e6b2b814e6c34a5224bc66947c47dab9dfee93b35fb&sellAmount=0x3ba7c523&size=1,"[{""name"": ""Ekubo"", ""pool"": ""0x7dfd50ffb20b9192a67fea997bb2ecc4a35346dd6bb82b37f274c004f53c0f1"", ""share_of_parent"": 1.0}]",quote-USDT-sell-1000.json
USDT,0x68f5c6a61780768455de69077e07e89787839bf8166decfbf92b645209c0fb8,False,sell,10000,0.20647459890189568,9988232168,9988.232168,2026-09-18T10:05:39.559065+00:00,https://starknet.api.avnu.fi/swap/v3/quotes?sellTokenAddress=0x68f5c6a61780768455de69077e07e89787839bf8166decfbf92b645209c0fb8&buyTokenAddress=0x033068f6539f8e6e6b131e6b2b814e6c34a5224bc66947c47dab9dfee93b35fb&sellAmount=0x2548db35f&size=1,"[{""name"": ""Ekubo"", ""pool"": ""0x2318a6517d95ea54b451a99142fd0a18d1dccf9edf08b9a6840c7157e0b7953"", ""share_of_parent"": 0.557078921}, {""name"": ""Ekubo"", ""pool"": ""0x3b8bb80f88207c0ed6a28b6f1152e97a8d8244b508497be52320ad1b63523d3"", ""share_of_parent"": 1.0}, {""name"": ""Ekubo"", ""pool"": ""0x4519b483ae513d2c7d336bc8bdeacd7c4a3cd62116a5b108dfa115ebecf0845"", ""share_of_parent"": 0.1584735264}, {""name"": ""Ekubo"", ""pool"": ""0x3b8bb80f88207c0ed6a28b6f1152e97a8d8244b508497be52320ad1b63523d3"", ""share_of_parent"": 1.0}, {""name"": ""Ekubo"", ""pool"": ""0x2c86b7abe3dc5c832e59131fb422d5c57215c16d3e51f7adc96e21d31262a1d"", ""share_of_parent"": 0.1183716283}, {""name"": ""Ekubo"", ""pool"": ""0x3b8bb80f88207c0ed6a28b6f1152e97a8d8244b508497be52320ad1b63523d3"", ""share_of_parent"": 1.0}, {""name"": ""Ekubo"", ""pool"": ""0x7dfd50ffb20b9192a67fea997bb2ecc4a35346dd6bb82b37f274c004f53c0f1"", ""share_of_parent"": 0.16607592429999993}]",quote-USDT-sell-10000.json
USDT,0x68f5c6a61780768455de69077e07e89787839bf8166decfbf92b645209c0fb8,False,sell,100000,4.711353401743123,95373434436,95373.434436,2026-09-18T10:05:40.342128+00:00,https://starknet.api.avnu.fi/swap/v3/quotes?sellTokenAddress=0x68f5c6a61780768455de69077e07e89787839bf8166decfbf92b645209c0fb8&buyTokenAddress=0x033068f6539f8e6e6b131e6b2b814e6c34a5224bc66947c47dab9dfee93b35fb&sellAmount=0x174d8901b7&size=1,"[{""name"": ""10kSwap"", ""pool"": ""0x5900cfa2b50d53b097cb305d54e249e31f24f881885aae5639b0cd6af4ed298"", ""share_of_parent"": 0.0401058941}, {""name"": ""Ekubo"", ""pool"": ""0x55b5f9772697ad743ec6729541afa517c349097d1cced3abf77fa2e7307d8b9"", ""share_of_parent"": 0.1215059379}, {""name"": ""Ekubo"", ""pool"": ""0x59592b427f28fea4683279a034e443c03125e1159ab0b14cc29a04ecf57a443"", ""share_of_parent"": 1.0}, {""name"": ""Ekubo"", ""pool"": ""0xc25669ed8b70551736c7833dc0fde2d93d7829df3c0969aaadc642a36d4c98"", ""share_of_parent"": 0.1056412456}, {""name"": ""Ekubo"", ""pool"": ""0x3b8bb80f88207c0ed6a28b6f1152e97a8d8244b508497be52320ad1b63523d3"", ""share_of_parent"": 1.0}, {""name"": ""Ekubo"", ""pool"": ""0x160f5d987caf56d8109427919172c1e45ef366ea1d7dcf105a3c5a5e794aea3"", ""share_of_parent"": 0.7333276413}, {""name"": ""0dAMM"", ""pool"": ""0x256462984b6063ffe3d674449892577ab3777ad0ac0b2109797800914dcf1c1"", ""share_of_parent"": 0.03952517519999991}, {""name"": ""JediSwap"", ""pool"": ""0x45e7131d776dddc137e30bdd490b431c7144677e97bf9369f629ed8d3fb7dd6"", ""share_of_parent"": 0.0366213786}, {""name"": ""Ekubo"", ""pool"": ""0x55b5f9772697ad743ec6729541afa517c349097d1cced3abf77fa2e7307d8b9"", ""share_of_parent"": 0.0545900978}, {""name"": ""Ekubo"", ""pool"": ""0x59592b427f28fea4683279a034e443c03125e1159ab0b14cc29a04ecf57a443"", ""share_of_parent"": 1.0}, {""name"": ""Ekubo"", ""pool"": ""0xc25669ed8b70551736c7833dc0fde2d93d7829df3c0969aaadc642a36d4c98"", ""share_of_parent"": 0.1144600752}, {""name"": ""Ekubo"", ""pool"": ""0x3b8bb80f88207c0ed6a28b6f1152e97a8d8244b508497be52320ad1b63523d3"", ""share_of_parent"": 1.0}, {""name"": ""Ekubo"", ""pool"": ""0x160f5d987caf56d8109427919172c1e45ef366ea1d7dcf105a3c5a5e794aea3"", ""share_of_parent"": 0.830949827}, {""name"": ""Ekubo"", ""pool"": ""0x2318a6517d95ea54b451a99142fd0a18d1dccf9edf08b9a6840c7157e0b7953"", ""share_of_parent"": 0.0886213786}, {""name"": ""Ekubo"", ""pool"": ""0x3b8bb80f88207c0ed6a28b6f1152e97a8d8244b508497be52320ad1b63523d3"", ""share_of_parent"": 1.0}, {""name"": ""Ekubo"", ""pool"": ""0x4519b483ae513d2c7d336bc8bdeacd7c4a3cd62116a5b108dfa115ebecf0845"", ""share_of_parent"": 0.1778021978}, {""name"": ""Ekubo"", ""pool"": ""0x3b8bb80f88207c0ed6a28b6f1152e97a8d8244b508497be52320ad1b63523d3"", ""share_of_parent"": 1.0}, {""name"": ""JediSwap"", ""pool"": ""0x5801bdad32f343035fb242e98d1e9371ae85bc1543962fedea16c59b35bd19b"", ""share_of_parent"": 0.0189850149}, {""name"": ""Ekubo"", ""pool"": ""0x3b8bb80f88207c0ed6a28b6f1152e97a8d8244b508497be52320ad1b63523d3"", ""share_of_parent"": 1.0}, {""name"": ""10kSwap"", ""pool"": ""0x41a708cf109737a50baa6cbeb9adf0bf8d97112dc6cc80c7a458cbad35328b0"", ""share_of_parent"": 0.018025974}, {""name"": ""Ekubo"", ""pool"": ""0x3b8bb80f88207c0ed6a28b6f1152e97a8d8244b508497be52320ad1b63523d3"", ""share_of_parent"": 1.0}, {""name"": ""Ekubo"", ""pool"": ""0x736d775c4adf60980607b4b40604fd3d67d69bcfe95c9026534f876edefea05"", ""share_of_parent"": 0.1305894105}, {""name"": ""Ekubo"", ""pool"": ""0x3b8bb80f88207c0ed6a28b6f1152e97a8d8244b508497be52320ad1b63523d3"", ""share_of_parent"": 1.0}, {""name"": ""Ekubo"", ""pool"": ""0x7fe6f9d2b9f69632211a116ff0749f1277bc214622fc1e772dd280b24dc8473"", ""share_of_parent"": 0.0128811188}, {""name"": ""Ekubo"", ""pool"": ""0x160f5d987caf56d8109427919172c1e45ef366ea1d7dcf105a3c5a5e794aea3"", ""share_of_parent"": 1.0}, {""name"": ""Ekubo"", ""pool"": ""0x2c86b7abe3dc5c832e59131fb422d5c57215c16d3e51f7adc96e21d31262a1d"", ""share_of_parent"": 0.0232227772}, {""name"": ""Ekubo"", ""pool"": ""0x3b8bb80f88207c0ed6a28b6f1152e97a8d8244b508497be52320ad1b63523d3"", ""share_of_parent"": 1.0}, {""name"": ""StarkDefi"", ""pool"": ""0x7cecccbfa263721bb64c19892ccdc658ad08ea80e90fb8f78ff06446a62c3cc"", ""share_of_parent"": 0.0336363636}, {""name"": ""Ekubo"", ""pool"": ""0x3b8bb80f88207c0ed6a28b6f1152e97a8d8244b508497be52320ad1b63523d3"", ""share_of_parent"": 1.0}, {""name"": ""Ekubo"", ""pool"": ""0x6d99066cb9aa9191882422457ccb3861e6797b26cc2834b09c78b9ff04b2ac4"", ""share_of_parent"": 0.0381338661}, {""name"": ""Ekubo"", ""pool"": ""0x3b8bb80f88207c0ed6a28b6f1152e97a8d8244b508497be52320ad1b63523d3"", ""share_of_parent"": 1.0}, {""name"": ""Ekubo"", ""pool"": ""0x7dfd50ffb20b9192a67fea997bb2ecc4a35346dd6bb82b37f274c004f53c0f1"", ""share_of_parent"": 0.38137462580000003}]",quote-USDT-sell-100000.json
USN,0x1e6545cab7ba4ac866768ba5e1bd540893762286ed3fea7f9c02bfa147e135b,False,buy,10,0.0,10001959412247187456,,2026-09-18T09:59:54.590202+00:00,https://starknet.api.avnu.fi/swap/v3/quotes?sellTokenAddress=0x033068f6539f8e6e6b131e6b2b814e6c34a5224bc66947c47dab9dfee93b35fb&buyTokenAddress=0x1e6545cab7ba4ac866768ba5e1bd540893762286ed3fea7f9c02bfa147e135b&sellAmount=0x989680&size=1,"[{""name"": ""Ekubo"", ""pool"": ""0x15bff5ce8c5d2d30954ea159014c015815a8f1c0aae101b592951d13aabfd58"", ""share_of_parent"": 1.0}]",quote-USN-buy-10.json
USN,0x1e6545cab7ba4ac866768ba5e1bd540893762286ed3fea7f9c02bfa147e135b,False,buy,100,0.00010008153125129482,100019494021330518016,,2026-09-18T09:59:56.459287+00:00,https://starknet.api.avnu.fi/swap/v3/quotes?sellTokenAddress=0x033068f6539f8e6e6b131e6b2b814e6c34a5224bc66947c47dab9dfee93b35fb&buyTokenAddress=0x1e6545cab7ba4ac866768ba5e1bd540893762286ed3fea7f9c02bfa147e135b&sellAmount=0x5f5e100&size=1,"[{""name"": ""Ekubo"", ""pool"": ""0x15bff5ce8c5d2d30954ea159014c015815a8f1c0aae101b592951d13aabfd58"", ""share_of_parent"": 1.0}]",quote-USN-buy-100.json
USN,0x1e6545cab7ba4ac866768ba5e1bd540893762286ed3fea7f9c02bfa147e135b,False,buy,1000,0.0011019975611703536,1000184919089839603712,,2026-09-18T09:59:58.190107+00:00,https://starknet.api.avnu.fi/swap/v3/quotes?sellTokenAddress=0x033068f6539f8e6e6b131e6b2b814e6c34a5224bc66947c47dab9dfee93b35fb&buyTokenAddress=0x1e6545cab7ba4ac866768ba5e1bd540893762286ed3fea7f9c02bfa147e135b&sellAmount=0x3b9aca00&size=1,"[{""name"": ""Ekubo"", ""pool"": ""0x15bff5ce8c5d2d30954ea159014c015815a8f1c0aae101b592951d13aabfd58"", ""share_of_parent"": 1.0}]",quote-USN-buy-1000.json
USN,0x1e6545cab7ba4ac866768ba5e1bd540893762286ed3fea7f9c02bfa147e135b,False,buy,10000,0.011120092637018075,10000847185095027589120,,2026-09-18T09:59:59.690844+00:00,https://starknet.api.avnu.fi/swap/v3/quotes?sellTokenAddress=0x033068f6539f8e6e6b131e6b2b814e6c34a5224bc66947c47dab9dfee93b35fb&buyTokenAddress=0x1e6545cab7ba4ac866768ba5e1bd540893762286ed3fea7f9c02bfa147e135b&sellAmount=0x2540be400&size=1,"[{""name"": ""Ekubo"", ""pool"": ""0x15bff5ce8c5d2d30954ea159014c015815a8f1c0aae101b592951d13aabfd58"", ""share_of_parent"": 1.0}]",quote-USN-buy-10000.json
USN,0x1e6545cab7ba4ac866768ba5e1bd540893762286ed3fea7f9c02bfa147e135b,False,buy,100000,0.11119076337877676,99908381572238743175168,,2026-09-18T10:00:03.141030+00:00,https://starknet.api.avnu.fi/swap/v3/quotes?sellTokenAddress=0x033068f6539f8e6e6b131e6b2b814e6c34a5224bc66947c47dab9dfee93b35fb&buyTokenAddress=0x1e6545cab7ba4ac866768ba5e1bd540893762286ed3fea7f9c02bfa147e135b&sellAmount=0x174876e800&size=1,"[{""name"": ""Ekubo"", ""pool"": ""0x15bff5ce8c5d2d30954ea159014c015815a8f1c0aae101b592951d13aabfd58"", ""share_of_parent"": 1.0}]",quote-USN-buy-100000.json
USN,0x1e6545cab7ba4ac866768ba5e1bd540893762286ed3fea7f9c02bfa147e135b,False,sell,10,0.0,9992041,9.992041,2026-09-18T10:05:24.362158+00:00,https://starknet.api.avnu.fi/swap/v3/quotes?sellTokenAddress=0x1e6545cab7ba4ac866768ba5e1bd540893762286ed3fea7f9c02bfa147e135b&buyTokenAddress=0x033068f6539f8e6e6b131e6b2b814e6c34a5224bc66947c47dab9dfee93b35fb&sellAmount=0x8ac7230489e80000&size=1,"[{""name"": ""Ekubo"", ""pool"": ""0x15bff5ce8c5d2d30954ea159014c015815a8f1c0aae101b592951d13aabfd58"", ""share_of_parent"": 1.0}]",quote-USN-sell-10.json
USN,0x1e6545cab7ba4ac866768ba5e1bd540893762286ed3fea7f9c02bfa147e135b,False,sell,100,9.807806032879895e-05,99920312,99.920312,2026-09-18T10:05:24.877920+00:00,https://starknet.api.avnu.fi/swap/v3/quotes?sellTokenAddress=0x1e6545cab7ba4ac866768ba5e1bd540893762286ed3fea7f9c02bfa147e135b&buyTokenAddress=0x033068f6539f8e6e6b131e6b2b814e6c34a5224bc66947c47dab9dfee93b35fb&sellAmount=0x56bc75e2d63100000&size=1,"[{""name"": ""Ekubo"", ""pool"": ""0x15bff5ce8c5d2d30954ea159014c015815a8f1c0aae101b592951d13aabfd58"", ""share_of_parent"": 1.0}]",quote-USN-sell-100.json
USN,0x1e6545cab7ba4ac866768ba5e1bd540893762286ed3fea7f9c02bfa147e135b,False,sell,1000,0.0010997753111752218,999193111,999.193111,2026-09-18T10:05:25.246146+00:00,https://starknet.api.avnu.fi/swap/v3/quotes?sellTokenAddress=0x1e6545cab7ba4ac866768ba5e1bd540893762286ed3fea7f9c02bfa147e135b&buyTokenAddress=0x033068f6539f8e6e6b131e6b2b814e6c34a5224bc66947c47dab9dfee93b35fb&sellAmount=0x3635c9adc5dea00000&size=1,"[{""name"": ""Ekubo"", ""pool"": ""0x15bff5ce8c5d2d30954ea159014c015815a8f1c0aae101b592951d13aabfd58"", ""share_of_parent"": 1.0}]",quote-USN-sell-1000.json
USN,0x1e6545cab7ba4ac866768ba5e1bd540893762286ed3fea7f9c02bfa147e135b,False,sell,10000,0.011114816282276063,9990930403,9990.930403,2026-09-18T10:05:25.730337+00:00,https://starknet.api.avnu.fi/swap/v3/quotes?sellTokenAddress=0x1e6545cab7ba4ac866768ba5e1bd540893762286ed3fea7f9c02bfa147e135b&buyTokenAddress=0x033068f6539f8e6e6b131e6b2b814e6c34a5224bc66947c47dab9dfee93b35fb&sellAmount=0x21e19e0c9bab2400000&size=1,"[{""name"": ""Ekubo"", ""pool"": ""0x15bff5ce8c5d2d30954ea159014c015815a8f1c0aae101b592951d13aabfd58"", ""share_of_parent"": 1.0}]",quote-USN-sell-10000.json
USN,0x1e6545cab7ba4ac866768ba5e1bd540893762286ed3fea7f9c02bfa147e135b,False,sell,100000,0.11115589998079711,99809342569,99809.342569,2026-09-18T10:05:26.123676+00:00,https://starknet.api.avnu.fi/swap/v3/quotes?sellTokenAddress=0x1e6545cab7ba4ac866768ba5e1bd540893762286ed3fea7f9c02bfa147e135b&buyTokenAddress=0x033068f6539f8e6e6b131e6b2b814e6c34a5224bc66947c47dab9dfee93b35fb&sellAmount=0x152d02c7e14af6800000&size=1,"[{""name"": ""Ekubo"", ""pool"": ""0x15bff5ce8c5d2d30954ea159014c015815a8f1c0aae101b592951d13aabfd58"", ""share_of_parent"": 1.0}]",quote-USN-sell-100000.json
WBTC,0x3fe2b97c1fd336e750087d68b9b867997fd64a2661ff3ca5a7c771641e8e7ac,False,buy,10,0.0,12776,,2026-09-18T10:01:35.751434+00:00,https://starknet.api.avnu.fi/swap/v3/quotes?sellTokenAddress=0x033068f6539f8e6e6b131e6b2b814e6c34a5224bc66947c47dab9dfee93b35fb&buyTokenAddress=0x03fe2b97c1fd336e750087d68b9b867997fd64a2661ff3ca5a7c771641e8e7ac&sellAmount=0x989680&size=1,"[{""name"": ""0dAMM"", ""pool"": ""0x1bfb102cbf19897dc230d4f6032f5d660454706d52944ff74ab237ee18723ec"", ""share_of_parent"": 1.0}]",quote-WBTC-buy-10.json
WBTC,0x3fe2b97c1fd336e750087d68b9b867997fd64a2661ff3ca5a7c771641e8e7ac,False,buy,100,-0.003913587977466548,127765,,2026-09-18T10:01:37.152001+00:00,https://starknet.api.avnu.fi/swap/v3/quotes?sellTokenAddress=0x033068f6539f8e6e6b131e6b2b814e6c34a5224bc66947c47dab9dfee93b35fb&buyTokenAddress=0x03fe2b97c1fd336e750087d68b9b867997fd64a2661ff3ca5a7c771641e8e7ac&sellAmount=0x5f5e100&size=1,"[{""name"": ""0dAMM"", ""pool"": ""0x1bfb102cbf19897dc230d4f6032f5d660454706d52944ff74ab237ee18723ec"", ""share_of_parent"": 1.0}]",quote-WBTC-buy-100.json
WBTC,0x3fe2b97c1fd336e750087d68b9b867997fd64a2661ff3ca5a7c771641e8e7ac,False,buy,1000,0.018080776455853265,1277369,,2026-09-18T10:01:38.254706+00:00,https://starknet.api.avnu.fi/swap/v3/quotes?sellTokenAddress=0x033068f6539f8e6e6b131e6b2b814e6c34a5224bc66947c47dab9dfee93b35fb&buyTokenAddress=0x03fe2b97c1fd336e750087d68b9b867997fd64a2661ff3ca5a7c771641e8e7ac&sellAmount=0x3b9aca00&size=1,"[{""name"": ""0dAMM"", ""pool"": ""0x1bfb102cbf19897dc230d4f6032f5d660454706d52944ff74ab237ee18723ec"", ""share_of_parent"": 1.0}]",quote-WBTC-buy-1000.json
WBTC,0x3fe2b97c1fd336e750087d68b9b867997fd64a2661ff3ca5a7c771641e8e7ac,False,buy,10000,0.1340325610519777,12758876,,2026-09-18T10:01:39.618424+00:00,https://starknet.api.avnu.fi/swap/v3/quotes?sellTokenAddress=0x033068f6539f8e6e6b131e6b2b814e6c34a5224bc66947c47dab9dfee93b35fb&buyTokenAddress=0x03fe2b97c1fd336e750087d68b9b867997fd64a2661ff3ca5a7c771641e8e7ac&sellAmount=0x2540be400&size=1,"[{""name"": ""Ekubo"", ""pool"": ""0x59592b427f28fea4683279a034e443c03125e1159ab0b14cc29a04ecf57a443"", ""share_of_parent"": 0.3389490509}, {""name"": ""Ekubo"", ""pool"": ""0x144aeb3f417951bba73dd04b237f72d611d1b2e124fdf590528f57c704990ff"", ""share_of_parent"": 1.0}, {""name"": ""Ekubo"", ""pool"": ""0x160f5d987caf56d8109427919172c1e45ef366ea1d7dcf105a3c5a5e794aea3"", ""share_of_parent"": 0.1293246753}, {""name"": ""Ekubo"", ""pool"": ""0x55b5f9772697ad743ec6729541afa517c349097d1cced3abf77fa2e7307d8b9"", ""share_of_parent"": 1.0}, {""name"": ""Ekubo"", ""pool"": ""0x144aeb3f417951bba73dd04b237f72d611d1b2e124fdf590528f57c704990ff"", ""share_of_parent"": 1.0}, {""name"": ""Ekubo"", ""pool"": ""0x3b8bb80f88207c0ed6a28b6f1152e97a8d8244b508497be52320ad1b63523d3"", ""share_of_parent"": 0.0465634365}, {""name"": ""Ekubo"", ""pool"": ""0xc25669ed8b70551736c7833dc0fde2d93d7829df3c0969aaadc642a36d4c98"", ""share_of_parent"": 0.7595796493}, {""name"": ""Ekubo"", ""pool"": ""0x55b5f9772697ad743ec6729541afa517c349097d1cced3abf77fa2e7307d8b9"", ""share_of_parent"": 1.0}, {""name"": ""Ekubo"", ""pool"": ""0x144aeb3f417951bba73dd04b237f72d611d1b2e124fdf590528f57c704990ff"", ""share_of_parent"": 1.0}, {""name"": ""Ekubo"", ""pool"": ""0x70e37dd1f443d2ae706724dc660fe9793f34dbf338107415ff4197e847338f9"", ""share_of_parent"": 0.2404203507}, {""name"": ""0dAMM"", ""pool"": ""0xd7b9aeed671dfd92653c682fb4a06db88fed691c5c8c7c6e74c8ef5421159c"", ""share_of_parent"": 0.0449630369}, {""name"": ""Ekubo"", ""pool"": ""0x4ffe087d21be7dc329d29721d169f5f6522a6fce624e8ac3aed285c3fb42f50"", ""share_of_parent"": 0.8828289161}, {""name"": ""Ekubo"", ""pool"": ""0x144aeb3f417951bba73dd04b237f72d611d1b2e124fdf590528f57c704990ff"", ""share_of_parent"": 1.0}, {""name"": ""Ekubo"", ""pool"": ""0x70c7729dcb5b2eab110331619cdc5c7ab894ff0b604b2dd3204df40517202a5"", ""share_of_parent"": 0.11717108390000001}, {""name"": ""Ekubo"", ""pool"": ""0x2e65ce680bf9243a7d3b0c40200c015f66be7602bfe8e24a0b4bbd2f4b0997"", ""share_of_parent"": 0.1399520479}, {""name"": ""0dAMM"", ""pool"": ""0x1bfb102cbf19897dc230d4f6032f5d660454706d52944ff74ab237ee18723ec"", ""share_of_parent"": 0.3002477525}]",quote-WBTC-buy-10000.json
WBTC,0x3fe2b97c1fd336e750087d68b9b867997fd64a2661ff3ca5a7c771641e8e7ac,False,buy,100000,0.5121015967438969,127105739,,2026-09-18T10:01:41.420375+00:00,https://starknet.api.avnu.fi/swap/v3/quotes?sellTokenAddress=0x033068f6539f8e6e6b131e6b2b814e6c34a5224bc66947c47dab9dfee93b35fb&buyTokenAddress=0x03fe2b97c1fd336e750087d68b9b867997fd64a2661ff3ca5a7c771641e8e7ac&sellAmount=0x174876e800&size=1,"[{""name"": ""Ekubo"", ""pool"": ""0x59592b427f28fea4683279a034e443c03125e1159ab0b14cc29a04ecf57a443"", ""share_of_parent"": 0.3622597402}, {""name"": ""Ekubo"", ""pool"": ""0x144aeb3f417951bba73dd04b237f72d611d1b2e124fdf590528f57c704990ff"", ""share_of_parent"": 1.0}, {""name"": ""Ekubo"", ""pool"": ""0x160f5d987caf56d8109427919172c1e45ef366ea1d7dcf105a3c5a5e794aea3"", ""share_of_parent"": 0.1502877122}, {""name"": ""Ekubo"", ""pool"": ""0x55b5f9772697ad743ec6729541afa517c349097d1cced3abf77fa2e7307d8b9"", ""share_of_parent"": 0.8921608556}, {""name"": ""Ekubo"", ""pool"": ""0x144aeb3f417951bba73dd04b237f72d611d1b2e124fdf590528f57c704990ff"", ""share_of_parent"": 1.0}, {""name"": ""JediSwap"", ""pool"": ""0x260e98362e0949fefff8b4de85367c035e44f734c9f8069b6ce2075ae86b45c"", ""share_of_parent"": 0.0033844461}, {""name"": ""Nostra"", ""pool"": ""0x1583919ffd78e87fa28fdf6b6a805fe3ddf52f754a63721dcd4c258211129a6"", ""share_of_parent"": 0.10445469830000002}, {""name"": ""Ekubo"", ""pool"": ""0x5dfce41b432a59570b82182d3f9f37abf7aee04a3faebc96ac367c4cb12d313"", ""share_of_parent"": 0.0885634365}, {""name"": ""Ekubo"", ""pool"": ""0x4ffe087d21be7dc329d29721d169f5f6522a6fce624e8ac3aed285c3fb42f50"", ""share_of_parent"": 0.9815383559}, {""name"": ""Ekubo"", ""pool"": ""0x144aeb3f417951bba73dd04b237f72d611d1b2e124fdf590528f57c704990ff"", ""share_of_parent"": 1.0}, {""name"": ""Ekubo"", ""pool"": ""0x70c7729dcb5b2eab110331619cdc5c7ab894ff0b604b2dd3204df40517202a5"", ""share_of_parent"": 0.018461644100000008}, {""name"": ""Ekubo"", ""pool"": ""0x3b8bb80f88207c0ed6a28b6f1152e97a8d8244b508497be52320ad1b63523d3"", ""share_of_parent"": 0.0358101898}, {""name"": ""Ekubo"", ""pool"": ""0xc25669ed8b70551736c7833dc0fde2d93d7829df3c0969aaadc642a36d4c98"", ""share_of_parent"": 0.7921118001}, {""name"": ""Ekubo"", ""pool"": ""0x55b5f9772697ad743ec6729541afa517c349097d1cced3abf77fa2e7307d8b9"", ""share_of_parent"": 1.0}, {""name"": ""Ekubo"", ""pool"": ""0x144aeb3f417951bba73dd04b237f72d611d1b2e124fdf590528f57c704990ff"", ""share_of_parent"": 1.0}, {""name"": ""Ekubo"", ""pool"": ""0x70e37dd1f443d2ae706724dc660fe9793f34dbf338107415ff4197e847338f9"", ""share_of_parent"": 0.20788819990000001}, {""name"": ""Ekubo"", ""pool"": ""0x7dfd50ffb20b9192a67fea997bb2ecc4a35346dd6bb82b37f274c004f53c0f1"", ""share_of_parent"": 0.0046313686}, {""name"": ""10kSwap"", ""pool"": ""0x5900cfa2b50d53b097cb305d54e249e31f24f881885aae5639b0cd6af4ed298"", ""share_of_parent"": 0.0811095614}, {""name"": ""Ekubo"", ""pool"": ""0x55b5f9772697ad743ec6729541afa517c349097d1cced3abf77fa2e7307d8b9"", ""share_of_parent"": 1.0}, {""name"": ""Ekubo"", ""pool"": ""0x144aeb3f417951bba73dd04b237f72d611d1b2e124fdf590528f57c704990ff"", ""share_of_parent"": 1.0}, {""name"": ""JediSwap"", ""pool"": ""0x45e7131d776dddc137e30bdd490b431c7144677e97bf9369f629ed8d3fb7dd6"", ""share_of_parent"": 0.1346053458}, {""name"": ""Ekubo"", ""pool"": ""0x55b5f9772697ad743ec6729541afa517c349097d1cced3abf77fa2e7307d8b9"", ""share_of_parent"": 1.0}, {""name"": ""Ekubo"", ""pool"": ""0x144aeb3f417951bba73dd04b237f72d611d1b2e124fdf590528f57c704990ff"", ""share_of_parent"": 1.0}, {""name"": ""Ekubo"", ""pool"": ""0x4519b483ae513d2c7d336bc8bdeacd7c4a3cd62116a5b108dfa115ebecf0845"", ""share_of_parent"": 0.7842850928}, {""name"": ""10kSwap"", ""pool"": ""0x23c72abdf49dffc85ae3ede714f2168ad384cc67d08524732acea90df325"", ""share_of_parent"": 0.5583297857}, {""name"": ""Nostra"", ""pool"": ""0x1583919ffd78e87fa28fdf6b6a805fe3ddf52f754a63721dcd4c258211129a6"", ""share_of_parent"": 1.0}, {""name"": ""JediSwap"", ""pool"": ""0x4d0390b777b424e43839cd1e744799f3de6c176c7e32c1812a41dbd9c19db6a"", ""share_of_parent"": 0.44167021430000003}, {""name"": ""Nostra"", ""pool"": ""0x1583919ffd78e87fa28fdf6b6a805fe3ddf52f754a63721dcd4c258211129a6"", ""share_of_parent"": 1.0}, {""name"": ""0dAMM"", ""pool"": ""0xd7b9aeed671dfd92653c682fb4a06db88fed691c5c8c7c6e74c8ef5421159c"", ""share_of_parent"": 0.124077922}, {""name"": ""Ekubo"", ""pool"": ""0x4ffe087d21be7dc329d29721d169f5f6522a6fce624e8ac3aed285c3fb42f50"", ""share_of_parent"": 1.0}, {""name"": ""Ekubo"", ""pool"": ""0x144aeb3f417951bba73dd04b237f72d611d1b2e124fdf590528f57c704990ff"", ""share_of_parent"": 1.0}, {""name"": ""Ekubo"", ""pool"": ""0x2e65ce680bf9243a7d3b0c40200c015f66be7602bfe8e24a0b4bbd2f4b0997"", ""share_of_parent"": 0.1079000999}, {""name"": ""0dAMM"", ""pool"": ""0x1bfb102cbf19897dc230d4f6032f5d660454706d52944ff74ab237ee18723ec"", ""share_of_parent"": 0.12646953080000004}]",quote-WBTC-buy-100000.json
WBTC,0x3fe2b97c1fd336e750087d68b9b867997fd64a2661ff3ca5a7c771641e8e7ac,False,sell,10,0.0,10017015,10.017015,2026-09-18T10:05:34.519705+00:00,https://starknet.api.avnu.fi/swap/v3/quotes?sellTokenAddress=0x3fe2b97c1fd336e750087d68b9b867997fd64a2661ff3ca5a7c771641e8e7ac&buyTokenAddress=0x033068f6539f8e6e6b131e6b2b814e6c34a5224bc66947c47dab9dfee93b35fb&sellAmount=0x320b&size=1,"[{""name"": ""0dAMM"", ""pool"": ""0x1bfb102cbf19897dc230d4f6032f5d660454706d52944ff74ab237ee18723ec"", ""share_of_parent"": 1.0}]",quote-WBTC-sell-10.json
WBTC,0x3fe2b97c1fd336e750087d68b9b867997fd64a2661ff3ca5a7c771641e8e7ac,False,sell,100,-0.001077167200014273,100171229,100.171229,2026-09-18T10:05:35.015863+00:00,https://starknet.api.avnu.fi/swap/v3/quotes?sellTokenAddress=0x3fe2b97c1fd336e750087d68b9b867997fd64a2661ff3ca5a7c771641e8e7ac&buyTokenAddress=0x033068f6539f8e6e6b131e6b2b814e6c34a5224bc66947c47dab9dfee93b35fb&sellAmount=0x1f474&size=1,"[{""name"": ""0dAMM"", ""pool"": ""0x1bfb102cbf19897dc230d4f6032f5d660454706d52944ff74ab237ee18723ec"", ""share_of_parent"": 1.0}]",quote-WBTC-sell-100.json
WBTC,0x3fe2b97c1fd336e750087d68b9b867997fd64a2661ff3ca5a7c771641e8e7ac,False,sell,1000,0.001717178221261051,1001684299,1001.684299,2026-09-18T10:05:35.961717+00:00,https://starknet.api.avnu.fi/swap/v3/quotes?sellTokenAddress=0x3fe2b97c1fd336e750087d68b9b867997fd64a2661ff3ca5a7c771641e8e7ac&buyTokenAddress=0x033068f6539f8e6e6b131e6b2b814e6c34a5224bc66947c47dab9dfee93b35fb&sellAmount=0x138c89&size=1,"[{""name"": ""Ekubo"", ""pool"": ""0x144aeb3f417951bba73dd04b237f72d611d1b2e124fdf590528f57c704990ff"", ""share_of_parent"": 1.0}, {""name"": ""Ekubo"", ""pool"": ""0x55b5f9772697ad743ec6729541afa517c349097d1cced3abf77fa2e7307d8b9"", ""share_of_parent"": 0.6120919052}, {""name"": ""0dAMM"", ""pool"": ""0x256462984b6063ffe3d674449892577ab3777ad0ac0b2109797800914dcf1c1"", ""share_of_parent"": 1.0}, {""name"": ""Ekubo"", ""pool"": ""0x4ffe087d21be7dc329d29721d169f5f6522a6fce624e8ac3aed285c3fb42f50"", ""share_of_parent"": 0.3879080948}, {""name"": ""0dAMM"", ""pool"": ""0xd7b9aeed671dfd92653c682fb4a06db88fed691c5c8c7c6e74c8ef5421159c"", ""share_of_parent"": 1.0}]",quote-WBTC-sell-1000.json
WBTC,0x3fe2b97c1fd336e750087d68b9b867997fd64a2661ff3ca5a7c771641e8e7ac,False,sell,10000,0.1251066610162832,10004483047,10004.483047,2026-09-18T10:05:36.787471+00:00,https://starknet.api.avnu.fi/swap/v3/quotes?sellTokenAddress=0x3fe2b97c1fd336e750087d68b9b867997fd64a2661ff3ca5a7c771641e8e7ac&buyTokenAddress=0x033068f6539f8e6e6b131e6b2b814e6c34a5224bc66947c47dab9dfee93b35fb&sellAmount=0xc37d5e&size=1,"[{""name"": ""Ekubo"", ""pool"": ""0x144aeb3f417951bba73dd04b237f72d611d1b2e124fdf590528f57c704990ff"", ""share_of_parent"": 0.2404869858}, {""name"": ""Ekubo"", ""pool"": ""0x55b5f9772697ad743ec6729541afa517c349097d1cced3abf77fa2e7307d8b9"", ""share_of_parent"": 0.3245968735}, {""name"": ""Ekubo"", ""pool"": ""0x160f5d987caf56d8109427919172c1e45ef366ea1d7dcf105a3c5a5e794aea3"", ""share_of_parent"": 1.0}, {""name"": ""Ekubo"", ""pool"": ""0x4ffe087d21be7dc329d29721d169f5f6522a6fce624e8ac3aed285c3fb42f50"", ""share_of_parent"": 0.151232067}, {""name"": ""0dAMM"", ""pool"": ""0xd7b9aeed671dfd92653c682fb4a06db88fed691c5c8c7c6e74c8ef5421159c"", ""share_of_parent"": 1.0}, {""name"": ""Ekubo"", ""pool"": ""0x59592b427f28fea4683279a034e443c03125e1159ab0b14cc29a04ecf57a443"", ""share_of_parent"": 0.5241710595}, {""name"": ""Ekubo"", ""pool"": ""0x52699044a42c3514ac16a2f451db35258d2ca9834b70516fd0a2ced8839e69c"", ""share_of_parent"": 0.3532808345}, {""name"": ""Ekubo"", ""pool"": ""0x7f19f85f9d2e250c58f12c165fff027d57afa00950bab1e21a01fcad694610"", ""share_of_parent"": 1.0}, {""name"": ""Ekubo"", ""pool"": ""0x55b5f9772697ad743ec6729541afa517c349097d1cced3abf77fa2e7307d8b9"", ""share_of_parent"": 0.4962968584}, {""name"": ""0dAMM"", ""pool"": ""0x256462984b6063ffe3d674449892577ab3777ad0ac0b2109797800914dcf1c1"", ""share_of_parent"": 1.0}, {""name"": ""Ekubo"", ""pool"": ""0x4ffe087d21be7dc329d29721d169f5f6522a6fce624e8ac3aed285c3fb42f50"", ""share_of_parent"": 0.1341300822}, {""name"": ""0dAMM"", ""pool"": ""0xd7b9aeed671dfd92653c682fb4a06db88fed691c5c8c7c6e74c8ef5421159c"", ""share_of_parent"": 1.0}, {""name"": ""Ekubo"", ""pool"": ""0x59592b427f28fea4683279a034e443c03125e1159ab0b14cc29a04ecf57a443"", ""share_of_parent"": 0.3695730594}, {""name"": ""Ekubo"", ""pool"": ""0x70c7729dcb5b2eab110331619cdc5c7ab894ff0b604b2dd3204df40517202a5"", ""share_of_parent"": 0.0080810072}, {""name"": ""0dAMM"", ""pool"": ""0xd7b9aeed671dfd92653c682fb4a06db88fed691c5c8c7c6e74c8ef5421159c"", ""share_of_parent"": 1.0}, {""name"": ""Ekubo"", ""pool"": ""0x70e37dd1f443d2ae706724dc660fe9793f34dbf338107415ff4197e847338f9"", ""share_of_parent"": 0.0104153551}, {""name"": ""Ekubo"", ""pool"": ""0x3b8bb80f88207c0ed6a28b6f1152e97a8d8244b508497be52320ad1b63523d3"", ""share_of_parent"": 1.0}, {""name"": ""Ekubo"", ""pool"": ""0x2e65ce680bf9243a7d3b0c40200c015f66be7602bfe8e24a0b4bbd2f4b0997"", ""share_of_parent"": 0.1127050843}, {""name"": ""0dAMM"", ""pool"": ""0x1bfb102cbf19897dc230d4f6032f5d660454706d52944ff74ab237ee18723ec"", ""share_of_parent"": 0.2750307330999999}]",quote-WBTC-sell-10000.json
WBTC,0x3fe2b97c1fd336e750087d68b9b867997fd64a2661ff3ca5a7c771641e8e7ac,False,sell,100000,0.6580706098573308,99510959683,99510.959683,2026-09-18T10:05:37.595786+00:00,https://starknet.api.avnu.fi/swap/v3/quotes?sellTokenAddress=0x3fe2b97c1fd336e750087d68b9b867997fd64a2661ff3ca5a7c771641e8e7ac&buyTokenAddress=0x033068f6539f8e6e6b131e6b2b814e6c34a5224bc66947c47dab9dfee93b35fb&sellAmount=0x7a2e5b5&size=1,"[{""name"": ""Ekubo"", ""pool"": ""0x144aeb3f417951bba73dd04b237f72d611d1b2e124fdf590528f57c704990ff"", ""share_of_parent"": 0.6787149533}, {""name"": ""Ekubo"", ""pool"": ""0x55b5f9772697ad743ec6729541afa517c349097d1cced3abf77fa2e7307d8b9"", ""share_of_parent"": 0.2364292804}, {""name"": ""10kSwap"", ""pool"": ""0x23c72abdf49dffc85ae3ede714f2168ad384cc67d08524732acea90df325"", ""share_of_parent"": 0.0006816952}, {""name"": ""Ekubo"", ""pool"": ""0x3b8bb80f88207c0ed6a28b6f1152e97a8d8244b508497be52320ad1b63523d3"", ""share_of_parent"": 1.0}, {""name"": ""Ekubo"", ""pool"": ""0xc25669ed8b70551736c7833dc0fde2d93d7829df3c0969aaadc642a36d4c98"", ""share_of_parent"": 0.1620854293}, {""name"": ""Ekubo"", ""pool"": ""0x3b8bb80f88207c0ed6a28b6f1152e97a8d8244b508497be52320ad1b63523d3"", ""share_of_parent"": 1.0}, {""name"": ""10kSwap"", ""pool"": ""0x5900cfa2b50d53b097cb305d54e249e31f24f881885aae5639b0cd6af4ed298"", ""share_of_parent"": 0.0006811434}, {""name"": ""Ekubo"", ""pool"": ""0x7dfd50ffb20b9192a67fea997bb2ecc4a35346dd6bb82b37f274c004f53c0f1"", ""share_of_parent"": 1.0}, {""name"": ""Ekubo"", ""pool"": ""0x160f5d987caf56d8109427919172c1e45ef366ea1d7dcf105a3c5a5e794aea3"", ""share_of_parent"": 0.8365517321}, {""name"": ""Ekubo"", ""pool"": ""0x4ffe087d21be7dc329d29721d169f5f6522a6fce624e8ac3aed285c3fb42f50"", ""share_of_parent"": 0.0193310967}, {""name"": ""Ekubo"", ""pool"": ""0x5dfce41b432a59570b82182d3f9f37abf7aee04a3faebc96ac367c4cb12d313"", ""share_of_parent"": 0.0083369218}, {""name"": ""0dAMM"", ""pool"": ""0xd7b9aeed671dfd92653c682fb4a06db88fed691c5c8c7c6e74c8ef5421159c"", ""share_of_parent"": 0.9916630782}, {""name"": ""Ekubo"", ""pool"": ""0x59592b427f28fea4683279a034e443c03125e1159ab0b14cc29a04ecf57a443"", ""share_of_parent"": 0.7442396229}, {""name"": ""Ekubo"", ""pool"": ""0x52699044a42c3514ac16a2f451db35258d2ca9834b70516fd0a2ced8839e69c"", ""share_of_parent"": 0.1070328539}, {""name"": ""Ekubo"", ""pool"": ""0x7f19f85f9d2e250c58f12c165fff027d57afa00950bab1e21a01fcad694610"", ""share_of_parent"": 1.0}, {""name"": ""Ekubo"", ""pool"": ""0x55b5f9772697ad743ec6729541afa517c349097d1cced3abf77fa2e7307d8b9"", ""share_of_parent"": 0.7977439019}, {""name"": ""0dAMM"", ""pool"": ""0x256462984b6063ffe3d674449892577ab3777ad0ac0b2109797800914dcf1c1"", ""share_of_parent"": 1.0}, {""name"": ""Ekubo"", ""pool"": ""0x4ffe087d21be7dc329d29721d169f5f6522a6fce624e8ac3aed285c3fb42f50"", ""share_of_parent"": 0.2022560981}, {""name"": ""Ekubo"", ""pool"": ""0x5dfce41b432a59570b82182d3f9f37abf7aee04a3faebc96ac367c4cb12d313"", ""share_of_parent"": 0.0050599798}, {""name"": ""0dAMM"", ""pool"": ""0xd7b9aeed671dfd92653c682fb4a06db88fed691c5c8c7c6e74c8ef5421159c"", ""share_of_parent"": 0.9949400202}, {""name"": ""Nostra"", ""pool"": ""0x1583919ffd78e87fa28fdf6b6a805fe3ddf52f754a63721dcd4c258211129a6"", ""share_of_parent"": 0.0299147566}, {""name"": ""Ekubo"", ""pool"": ""0x160f5d987caf56d8109427919172c1e45ef366ea1d7dcf105a3c5a5e794aea3"", ""share_of_parent"": 1.0}, {""name"": ""Ekubo"", ""pool"": ""0x70e37dd1f443d2ae706724dc660fe9793f34dbf338107415ff4197e847338f9"", ""share_of_parent"": 0.0110605328}, {""name"": ""Ekubo"", ""pool"": ""0x3b8bb80f88207c0ed6a28b6f1152e97a8d8244b508497be52320ad1b63523d3"", ""share_of_parent"": 1.0}, {""name"": ""Ekubo"", ""pool"": ""0x777df52c2a1966773817eacf5d36481fb77679fa915c78bf7dc6dd3db2c105"", ""share_of_parent"": 0.0013096446}, {""name"": ""10kSwap"", ""pool"": ""0x23c72abdf49dffc85ae3ede714f2168ad384cc67d08524732acea90df325"", ""share_of_parent"": 0.3338472119}, {""name"": ""Ekubo"", ""pool"": ""0x4519b483ae513d2c7d336bc8bdeacd7c4a3cd62116a5b108dfa115ebecf0845"", ""share_of_parent"": 0.2501769621}, {""name"": ""Ekubo"", ""pool"": ""0x7dfd50ffb20b9192a67fea997bb2ecc4a35346dd6bb82b37f274c004f53c0f1"", ""share_of_parent"": 1.0}, {""name"": ""Ekubo"", ""pool"": ""0x736d775c4adf60980607b4b40604fd3d67d69bcfe95c9026534f876edefea05"", ""share_of_parent"": 0.2500589299}, {""name"": ""Ekubo"", ""pool"": ""0x7dfd50ffb20b9192a67fea997bb2ecc4a35346dd6bb82b37f274c004f53c0f1"", ""share_of_parent"": 1.0}, {""name"": ""Ekubo"", ""pool"": ""0x2318a6517d95ea54b451a99142fd0a18d1dccf9edf08b9a6840c7157e0b7953"", ""share_of_parent"": 0.2499409896}, {""name"": ""Ekubo"", ""pool"": ""0x7dfd50ffb20b9192a67fea997bb2ecc4a35346dd6bb82b37f274c004f53c0f1"", ""share_of_parent"": 1.0}, {""name"": ""Ekubo"", ""pool"": ""0x3b8bb80f88207c0ed6a28b6f1152e97a8d8244b508497be52320ad1b63523d3"", ""share_of_parent"": 0.2498231183999999}, {""name"": ""JediSwap"", ""pool"": ""0x4d0390b777b424e43839cd1e744799f3de6c176c7e32c1812a41dbd9c19db6a"", ""share_of_parent"": 0.3333329375}, {""name"": ""Ekubo"", ""pool"": ""0x4519b483ae513d2c7d336bc8bdeacd7c4a3cd62116a5b108dfa115ebecf0845"", ""share_of_parent"": 0.2501789542}, {""name"": ""Ekubo"", ""pool"": ""0x7dfd50ffb20b9192a67fea997bb2ecc4a35346dd6bb82b37f274c004f53c0f1"", ""share_of_parent"": 1.0}, {""name"": ""Ekubo"", ""pool"": ""0x736d775c4adf60980607b4b40604fd3d67d69bcfe95c9026534f876edefea05"", ""share_of_parent"": 0.2500595823}, {""name"": ""Ekubo"", ""pool"": ""0x7dfd50ffb20b9192a67fea997bb2ecc4a35346dd6bb82b37f274c004f53c0f1"", ""share_of_parent"": 1.0}, {""name"": ""Ekubo"", ""pool"": ""0x2318a6517d95ea54b451a99142fd0a18d1dccf9edf08b9a6840c7157e0b7953"", ""share_of_parent"": 0.2499403255}, {""name"": ""Ekubo"", ""pool"": ""0x7dfd50ffb20b9192a67fea997bb2ecc4a35346dd6bb82b37f274c004f53c0f1"", ""share_of_parent"": 1.0}, {""name"": ""Ekubo"", ""pool"": ""0x3b8bb80f88207c0ed6a28b6f1152e97a8d8244b508497be52320ad1b63523d3"", ""share_of_parent"": 0.24982113799999991}, {""name"": ""Ekubo"", ""pool"": ""0x55b5f9772697ad743ec6729541afa517c349097d1cced3abf77fa2e7307d8b9"", ""share_of_parent"": 0.2496629249}, {""name"": ""Ekubo"", ""pool"": ""0x4ffe087d21be7dc329d29721d169f5f6522a6fce624e8ac3aed285c3fb42f50"", ""share_of_parent"": 0.666793322}, {""name"": ""Ekubo"", ""pool"": ""0x5dfce41b432a59570b82182d3f9f37abf7aee04a3faebc96ac367c4cb12d313"", ""share_of_parent"": 0.5001163557}, {""name"": ""0dAMM"", ""pool"": ""0xd7b9aeed671dfd92653c682fb4a06db88fed691c5c8c7c6e74c8ef5421159c"", ""share_of_parent"": 0.4998836443}, {""name"": ""Ekubo"", ""pool"": ""0x59592b427f28fea4683279a034e443c03125e1159ab0b14cc29a04ecf57a443"", ""share_of_parent"": 0.33320667800000003}, {""name"": ""Ekubo"", ""pool"": ""0x160f5d987caf56d8109427919172c1e45ef366ea1d7dcf105a3c5a5e794aea3"", ""share_of_parent"": 0.08315692570000002}, {""name"": ""Ekubo"", ""pool"": ""0x2e65ce680bf9243a7d3b0c40200c015f66be7602bfe8e24a0b4bbd2f4b0997"", ""share_of_parent"": 0.1199597069}, {""name"": ""0dAMM"", ""pool"": ""0x1bfb102cbf19897dc230d4f6032f5d660454706d52944ff74ab237ee18723ec"", ""share_of_parent"": 0.052007551900000025}]",quote-WBTC-sell-100000.json
WSTETH,0x42b8f0484674ca266ac5d08e4ac6a3fe65bd3129795def2dca5c34ecc5f96d2,False,buy,10,0.0,3252692289430470,,2026-09-18T10:02:22.519286+00:00,https://starknet.api.avnu.fi/swap/v3/quotes?sellTokenAddress=0x033068f6539f8e6e6b131e6b2b814e6c34a5224bc66947c47dab9dfee93b35fb&buyTokenAddress=0x042b8f0484674ca266ac5d08e4ac6a3fe65bd3129795def2dca5c34ecc5f96d2&sellAmount=0x989680&size=1,"[{""name"": ""0dAMM"", ""pool"": ""0x256462984b6063ffe3d674449892577ab3777ad0ac0b2109797800914dcf1c1"", ""share_of_parent"": 1.0}, {""name"": ""Ekubo"", ""pool"": ""0x48cb9792a48688aeb5fc2eaa9eba447fb56455b9cc8b0740782f90eda00b6b5"", ""share_of_parent"": 1.0}]",quote-WSTETH-buy-10.json
WSTETH,0x42b8f0484674ca266ac5d08e4ac6a3fe65bd3129795def2dca5c34ecc5f96d2,False,buy,100,0.344805571854756,32414768251812236,,2026-09-18T10:02:24.171385+00:00,https://starknet.api.avnu.fi/swap/v3/quotes?sellTokenAddress=0x033068f6539f8e6e6b131e6b2b814e6c34a5224bc66947c47dab9dfee93b35fb&buyTokenAddress=0x042b8f0484674ca266ac5d08e4ac6a3fe65bd3129795def2dca5c34ecc5f96d2&sellAmount=0x5f5e100&size=1,"[{""name"": ""Ekubo"", ""pool"": ""0x3b8bb80f88207c0ed6a28b6f1152e97a8d8244b508497be52320ad1b63523d3"", ""share_of_parent"": 0.1031561124}, {""name"": ""Ekubo"", ""pool"": ""0xc25669ed8b70551736c7833dc0fde2d93d7829df3c0969aaadc642a36d4c98"", ""share_of_parent"": 1.0}, {""name"": ""Ekubo"", ""pool"": ""0x2febe698de0209ae36da66c6ab96bd11ed723331b6c8f50e66539a11c221626"", ""share_of_parent"": 1.0}, {""name"": ""Ekubo(Oracle)"", ""pool"": ""0x11c6618b5abc3c0a95cbc7f33c9c52ae0598862a6b7a2f3d64e90e833d8b854"", ""share_of_parent"": 0.1747542074}, {""name"": ""Ekubo(Oracle)"", ""pool"": ""0x776b7139d086fd1923ae44af105af160490f3c1c950cd31d650351c9afd7ec"", ""share_of_parent"": 1.0}, {""name"": ""0dAMM"", ""pool"": ""0x256462984b6063ffe3d674449892577ab3777ad0ac0b2109797800914dcf1c1"", ""share_of_parent"": 0.685445181}, {""name"": ""Ekubo"", ""pool"": ""0x73ca5520717ab0f580bd794b4c4cde8bb8a2ecd17c77c62af01082c2c9f668e"", ""share_of_parent"": 0.0472530644}, {""name"": ""Ekubo"", ""pool"": ""0x48cb9792a48688aeb5fc2eaa9eba447fb56455b9cc8b0740782f90eda00b6b5"", ""share_of_parent"": 0.5564645448}, {""name"": ""JediSwap"", ""pool"": ""0x70cda8400d7b1ee9e21f7194d320b9ad9c7a2b27e0d15a5a9967b9fefe10c76"", ""share_of_parent"": 0.3962823908}, {""name"": ""0dAMM"", ""pool"": ""0x1bfb102cbf19897dc230d4f6032f5d660454706d52944ff74ab237ee18723ec"", ""share_of_parent"": 0.036644499200000014}, {""name"": ""Ekubo"", ""pool"": ""0x777df52c2a1966773817eacf5d36481fb77679fa915c78bf7dc6dd3db2c105"", ""share_of_parent"": 1.0}, {""name"": ""Ekubo"", ""pool"": ""0x2febe698de0209ae36da66c6ab96bd11ed723331b6c8f50e66539a11c221626"", ""share_of_parent"": 1.0}]",quote-WSTETH-buy-100.json
WSTETH,0x42b8f0484674ca266ac5d08e4ac6a3fe65bd3129795def2dca5c34ecc5f96d2,False,buy,1000,2.341358172553065,317653511268388608,,2026-09-18T10:02:25.884298+00:00,https://starknet.api.avnu.fi/swap/v3/quotes?sellTokenAddress=0x033068f6539f8e6e6b131e6b2b814e6c34a5224bc66947c47dab9dfee93b35fb&buyTokenAddress=0x042b8f0484674ca266ac5d08e4ac6a3fe65bd3129795def2dca5c34ecc5f96d2&sellAmount=0x3b9aca00&size=1,"[{""name"": ""Ekubo"", ""pool"": ""0x160f5d987caf56d8109427919172c1e45ef366ea1d7dcf105a3c5a5e794aea3"", ""share_of_parent"": 0.1091788211}, {""name"": ""Ekubo"", ""pool"": ""0x48cb9792a48688aeb5fc2eaa9eba447fb56455b9cc8b0740782f90eda00b6b5"", ""share_of_parent"": 0.3768245282}, {""name"": ""JediSwap"", ""pool"": ""0x70cda8400d7b1ee9e21f7194d320b9ad9c7a2b27e0d15a5a9967b9fefe10c76"", ""share_of_parent"": 0.4622815896}, {""name"": ""JediSwapCL"", ""pool"": ""0x3c6d7570b38ae69cae141677508aa988834263d880618c420884791e6e60443"", ""share_of_parent"": 0.0434260554}, {""name"": ""StarkDefi"", ""pool"": ""0x522e1112acb96754a5300b52094c2fda7a0b597d0f02bf0e3fc83050c015ab6"", ""share_of_parent"": 0.11746782680000002}, {""name"": ""Ekubo"", ""pool"": ""0x3b8bb80f88207c0ed6a28b6f1152e97a8d8244b508497be52320ad1b63523d3"", ""share_of_parent"": 0.2818101898}, {""name"": ""Ekubo"", ""pool"": ""0xc25669ed8b70551736c7833dc0fde2d93d7829df3c0969aaadc642a36d4c98"", ""share_of_parent"": 1.0}, {""name"": ""Ekubo"", ""pool"": ""0x2febe698de0209ae36da66c6ab96bd11ed723331b6c8f50e66539a11c221626"", ""share_of_parent"": 1.0}, {""name"": ""Ekubo"", ""pool"": ""0x7dfd50ffb20b9192a67fea997bb2ecc4a35346dd6bb82b37f274c004f53c0f1"", ""share_of_parent"": 0.0142417582}, {""name"": ""Ekubo"", ""pool"": ""0x7fe6f9d2b9f69632211a116ff0749f1277bc214622fc1e772dd280b24dc8473"", ""share_of_parent"": 1.0}, {""name"": ""Ekubo"", ""pool"": ""0x2febe698de0209ae36da66c6ab96bd11ed723331b6c8f50e66539a11c221626"", ""share_of_parent"": 1.0}, {""name"": ""Ekubo(Oracle)"", ""pool"": ""0x11c6618b5abc3c0a95cbc7f33c9c52ae0598862a6b7a2f3d64e90e833d8b854"", ""share_of_parent"": 0.0443776223}, {""name"": ""Ekubo(Oracle)"", ""pool"": ""0x776b7139d086fd1923ae44af105af160490f3c1c950cd31d650351c9afd7ec"", ""share_of_parent"": 1.0}, {""name"": ""0dAMM"", ""pool"": ""0x256462984b6063ffe3d674449892577ab3777ad0ac0b2109797800914dcf1c1"", ""share_of_parent"": 0.4759960039}, {""name"": ""Ekubo"", ""pool"": ""0x73ca5520717ab0f580bd794b4c4cde8bb8a2ecd17c77c62af01082c2c9f668e"", ""share_of_parent"": 0.121627489}, {""name"": ""Ekubo"", ""pool"": ""0x48cb9792a48688aeb5fc2eaa9eba447fb56455b9cc8b0740782f90eda00b6b5"", ""share_of_parent"": 0.3942480364}, {""name"": ""JediSwap"", ""pool"": ""0x70cda8400d7b1ee9e21f7194d320b9ad9c7a2b27e0d15a5a9967b9fefe10c76"", ""share_of_parent"": 0.3531671264}, {""name"": ""JediSwapCL"", ""pool"": ""0x3c6d7570b38ae69cae141677508aa988834263d880618c420884791e6e60443"", ""share_of_parent"": 0.0414214446}, {""name"": ""StarkDefi"", ""pool"": ""0x522e1112acb96754a5300b52094c2fda7a0b597d0f02bf0e3fc83050c015ab6"", ""share_of_parent"": 0.08953590359999992}, {""name"": ""0dAMM"", ""pool"": ""0x1bfb102cbf19897dc230d4f6032f5d660454706d52944ff74ab237ee18723ec"", ""share_of_parent"": 0.0286713286}, {""name"": ""Ekubo"", ""pool"": ""0x777df52c2a1966773817eacf5d36481fb77679fa915c78bf7dc6dd3db2c105"", ""share_of_parent"": 0.6468308476}, {""name"": ""Ekubo"", ""pool"": ""0x2febe698de0209ae36da66c6ab96bd11ed723331b6c8f50e66539a11c221626"", ""share_of_parent"": 1.0}, {""name"": ""Ekubo(Oracle)"", ""pool"": ""0x73e881469d199cda961217110f4a67af4692eaeffd578e1896f7d73f9ed467d"", ""share_of_parent"": 0.3531691524}, {""name"": ""Ekubo(Oracle)"", ""pool"": ""0x776b7139d086fd1923ae44af105af160490f3c1c950cd31d650351c9afd7ec"", ""share_of_parent"": 1.0}, {""name"": ""Ekubo"", ""pool"": ""0x10e713b3b787247e9db52188d114b27165426f773e10d1acc5285ff776fa9c7"", ""share_of_parent"": 0.04572427610000003}, {""name"": ""Ekubo"", ""pool"": ""0x6a85e26af6dcb83839e8dd96411333928362322976b37fc1fc5f9201accee84"", ""share_of_parent"": 0.8011386687}, {""name"": ""Ekubo"", ""pool"": ""0x48cb9792a48688aeb5fc2eaa9eba447fb56455b9cc8b0740782f90eda00b6b5"", ""share_of_parent"": 0.3791306186}, {""name"": ""Ekubo"", ""pool"": ""0x2febe698de0209ae36da66c6ab96bd11ed723331b6c8f50e66539a11c221626"", ""share_of_parent"": 0.6208693814}, {""name"": ""Ekubo(Oracle)"", ""pool"": ""0x1c7aff32196862f6044c325be36dffbbdd04427e8a28f249a224de4543281c5"", ""share_of_parent"": 0.1988613313}, {""name"": ""Ekubo(Oracle)"", ""pool"": ""0x776b7139d086fd1923ae44af105af160490f3c1c950cd31d650351c9afd7ec"", ""share_of_parent"": 1.0}]",quote-WSTETH-buy-1000.json
WSTETH,0x42b8f0484674ca266ac5d08e4ac6a3fe65bd3129795def2dca5c34ecc5f96d2,False,buy,10000,32.125821710872074,2207738163724754176,,2026-09-18T10:02:27.848276+00:00,https://starknet.api.avnu.fi/swap/v3/quotes?sellTokenAddress=0x033068f6539f8e6e6b131e6b2b814e6c34a5224bc66947c47dab9dfee93b35fb&buyTokenAddress=0x042b8f0484674ca266ac5d08e4ac6a3fe65bd3129795def2dca5c34ecc5f96d2&sellAmount=0x2540be400&size=1,"[{""name"": ""Ekubo"", ""pool"": ""0x59592b427f28fea4683279a034e443c03125e1159ab0b14cc29a04ecf57a443"", ""share_of_parent"": 0.111030969}, {""name"": ""Ekubo"", ""pool"": ""0x55b5f9772697ad743ec6729541afa517c349097d1cced3abf77fa2e7307d8b9"", ""share_of_parent"": 1.0}, {""name"": ""Ekubo"", ""pool"": ""0x48cb9792a48688aeb5fc2eaa9eba447fb56455b9cc8b0740782f90eda00b6b5"", ""share_of_parent"": 0.1001684333}, {""name"": ""JediSwap"", ""pool"": ""0x70cda8400d7b1ee9e21f7194d320b9ad9c7a2b27e0d15a5a9967b9fefe10c76"", ""share_of_parent"": 0.8998315667}, {""name"": ""Ekubo"", ""pool"": ""0x160f5d987caf56d8109427919172c1e45ef366ea1d7dcf105a3c5a5e794aea3"", ""share_of_parent"": 0.369036963}, {""name"": ""Ekubo"", ""pool"": ""0x73ca5520717ab0f580bd794b4c4cde8bb8a2ecd17c77c62af01082c2c9f668e"", ""share_of_parent"": 0.0462974797}, {""name"": ""Ekubo"", ""pool"": ""0x48cb9792a48688aeb5fc2eaa9eba447fb56455b9cc8b0740782f90eda00b6b5"", ""share_of_parent"": 0.1286861741}, {""name"": ""JediSwap"", ""pool"": ""0x70cda8400d7b1ee9e21f7194d320b9ad9c7a2b27e0d15a5a9967b9fefe10c76"", ""share_of_parent"": 0.5681798212}, {""name"": ""JediSwapCL"", ""pool"": ""0x3c6d7570b38ae69cae141677508aa988834263d880618c420884791e6e60443"", ""share_of_parent"": 0.0718402468}, {""name"": ""StarkDefi"", ""pool"": ""0x522e1112acb96754a5300b52094c2fda7a0b597d0f02bf0e3fc83050c015ab6"", ""share_of_parent"": 0.1849962782}, {""name"": ""Ekubo"", ""pool"": ""0x3b8bb80f88207c0ed6a28b6f1152e97a8d8244b508497be52320ad1b63523d3"", ""share_of_parent"": 0.0835724275}, {""name"": ""Ekubo"", ""pool"": ""0xc25669ed8b70551736c7833dc0fde2d93d7829df3c0969aaadc642a36d4c98"", ""share_of_parent"": 0.8706848857}, {""name"": ""JediSwap"", ""pool"": ""0x70cda8400d7b1ee9e21f7194d320b9ad9c7a2b27e0d15a5a9967b9fefe10c76"", ""share_of_parent"": 0.3873297859}, {""name"": ""StarkDefi"", ""pool"": ""0x522e1112acb96754a5300b52094c2fda7a0b597d0f02bf0e3fc83050c015ab6"", ""share_of_parent"": 0.123267544}, {""name"": ""Ekubo"", ""pool"": ""0x2febe698de0209ae36da66c6ab96bd11ed723331b6c8f50e66539a11c221626"", ""share_of_parent"": 0.4894026701}, {""name"": ""JediSwap"", ""pool"": ""0x74855288dbb974584593acf7bd738572cce3d8f90a7076722d0a624a97d2620"", ""share_of_parent"": 0.1293151143}, {""name"": ""0dAMM"", ""pool"": ""0xd7b9aeed671dfd92653c682fb4a06db88fed691c5c8c7c6e74c8ef5421159c"", ""share_of_parent"": 0.0175724275}, {""name"": ""Ekubo(Oracle)"", ""pool"": ""0xbc670cdb0ba806fd70697ca13b592c000e34fbfb92cc0a3a25eda97bb4f647"", ""share_of_parent"": 1.0}, {""name"": ""Ekubo(Oracle)"", ""pool"": ""0x776b7139d086fd1923ae44af105af160490f3c1c950cd31d650351c9afd7ec"", ""share_of_parent"": 1.0}, {""name"": ""Ekubo(Oracle)"", ""pool"": ""0x11c6618b5abc3c0a95cbc7f33c9c52ae0598862a6b7a2f3d64e90e833d8b854"", ""share_of_parent"": 0.0608551448}, {""name"": ""Ekubo(Oracle)"", ""pool"": ""0x776b7139d086fd1923ae44af105af160490f3c1c950cd31d650351c9afd7ec"", ""share_of_parent"": 1.0}, {""name"": ""0dAMM"", ""pool"": ""0x256462984b6063ffe3d674449892577ab3777ad0ac0b2109797800914dcf1c1"", ""share_of_parent"": 0.2828771228}, {""name"": ""Ekubo"", ""pool"": ""0x73ca5520717ab0f580bd794b4c4cde8bb8a2ecd17c77c62af01082c2c9f668e"", ""share_of_parent"": 0.0492061129}, {""name"": ""Ekubo"", ""pool"": ""0x48cb9792a48688aeb5fc2eaa9eba447fb56455b9cc8b0740782f90eda00b6b5"", ""share_of_parent"": 0.1813683258}, {""name"": ""JediSwap"", ""pool"": ""0x70cda8400d7b1ee9e21f7194d320b9ad9c7a2b27e0d15a5a9967b9fefe10c76"", ""share_of_parent"": 0.5565861212}, {""name"": ""JediSwapCL"", ""pool"": ""0x3c6d7570b38ae69cae141677508aa988834263d880618c420884791e6e60443"", ""share_of_parent"": 0.0578157622}, {""name"": ""StarkDefi"", ""pool"": ""0x522e1112acb96754a5300b52094c2fda7a0b597d0f02bf0e3fc83050c015ab6"", ""share_of_parent"": 0.15502367790000002}, {""name"": ""0dAMM"", ""pool"": ""0x1bfb102cbf19897dc230d4f6032f5d660454706d52944ff74ab237ee18723ec"", ""share_of_parent"": 0.0325934065}, {""name"": ""Ekubo"", ""pool"": ""0x777df52c2a1966773817eacf5d36481fb77679fa915c78bf7dc6dd3db2c105"", ""share_of_parent"": 0.1079582821}, {""name"": ""JediSwap"", ""pool"": ""0x70cda8400d7b1ee9e21f7194d320b9ad9c7a2b27e0d15a5a9967b9fefe10c76"", ""share_of_parent"": 1.0}, {""name"": ""Ekubo(Oracle)"", ""pool"": ""0x73e881469d199cda961217110f4a67af4692eaeffd578e1896f7d73f9ed467d"", ""share_of_parent"": 0.4446878854}, {""name"": ""Ekubo(Oracle)"", ""pool"": ""0x776b7139d086fd1923ae44af105af160490f3c1c950cd31d650351c9afd7ec"", ""share_of_parent"": 1.0}, {""name"": ""JediSwap"", ""pool"": ""0x16220c67cdff746f2afd4178524a2dc9e49ff15567694277fa2302130576678"", ""share_of_parent"": 0.4473538325}, {""name"": ""Ekubo"", ""pool"": ""0x10e713b3b787247e9db52188d114b27165426f773e10d1acc5285ff776fa9c7"", ""share_of_parent"": 0.011022977}, {""name"": ""Ekubo(Oracle)"", ""pool"": ""0x1c7aff32196862f6044c325be36dffbbdd04427e8a28f249a224de4543281c5"", ""share_of_parent"": 1.0}, {""name"": ""Ekubo(Oracle)"", ""pool"": ""0x776b7139d086fd1923ae44af105af160490f3c1c950cd31d650351c9afd7ec"", ""share_of_parent"": 1.0}, {""name"": ""Ekubo"", ""pool"": ""0x4edf688b34e7a4e58f6e52dbc8f24847f2df6089f2d747980b85ad4be05bdc9"", ""share_of_parent"": 0.019096903}, {""name"": ""Ekubo(Oracle)"", ""pool"": ""0x776b7139d086fd1923ae44af105af160490f3c1c950cd31d650351c9afd7ec"", ""share_of_parent"": 1.0}, {""name"": ""Ekubo"", ""pool"": ""0x618f6819c4c3193ea18936f3202bf3cb4904c475a13e05767fde821ff70a05c"", ""share_of_parent"": 0.01234165890000005}, {""name"": ""Ekubo(Oracle)"", ""pool"": ""0x34587fa18416ed8c53f99e2aeb772077739066a92703943f91e1480fd5d3ea7"", ""share_of_parent"": 1.0}, {""name"": ""Ekubo(Oracle)"", ""pool"": ""0x776b7139d086fd1923ae44af105af160490f3c1c950cd31d650351c9afd7ec"", ""share_of_parent"": 1.0}]",quote-WSTETH-buy-10000.json
WSTETH,0x42b8f0484674ca266ac5d08e4ac6a3fe65bd3129795def2dca5c34ecc5f96d2,False,buy,100000,85.04455856043539,4864544905550073856,,2026-09-18T10:02:29.319444+00:00,https://starknet.api.avnu.fi/swap/v3/quotes?sellTokenAddress=0x033068f6539f8e6e6b131e6b2b814e6c34a5224bc66947c47dab9dfee93b35fb&buyTokenAddress=0x042b8f0484674ca266ac5d08e4ac6a3fe65bd3129795def2dca5c34ecc5f96d2&sellAmount=0x174876e800&size=1,"[{""name"": ""Ekubo"", ""pool"": ""0x59592b427f28fea4683279a034e443c03125e1159ab0b14cc29a04ecf57a443"", ""share_of_parent"": 0.2658581418}, {""name"": ""Ekubo"", ""pool"": ""0x55b5f9772697ad743ec6729541afa517c349097d1cced3abf77fa2e7307d8b9"", ""share_of_parent"": 1.0}, {""name"": ""Ekubo"", ""pool"": ""0x73ca5520717ab0f580bd794b4c4cde8bb8a2ecd17c77c62af01082c2c9f668e"", ""share_of_parent"": 0.0756034523}, {""name"": ""Ekubo"", ""pool"": ""0x48cb9792a48688aeb5fc2eaa9eba447fb56455b9cc8b0740782f90eda00b6b5"", ""share_of_parent"": 0.0800237541}, {""name"": ""JediSwap"", ""pool"": ""0x70cda8400d7b1ee9e21f7194d320b9ad9c7a2b27e0d15a5a9967b9fefe10c76"", ""share_of_parent"": 0.6321227174}, {""name"": ""JediSwapCL"", ""pool"": ""0x3c6d7570b38ae69cae141677508aa988834263d880618c420884791e6e60443"", ""share_of_parent"": 0.0384830032}, {""name"": ""StarkDefi"", ""pool"": ""0x522e1112acb96754a5300b52094c2fda7a0b597d0f02bf0e3fc83050c015ab6"", ""share_of_parent"": 0.1737670729999999}, {""name"": ""Ekubo"", ""pool"": ""0x160f5d987caf56d8109427919172c1e45ef366ea1d7dcf105a3c5a5e794aea3"", ""share_of_parent"": 0.3567132867}, {""name"": ""Ekubo"", ""pool"": ""0x48cb9792a48688aeb5fc2eaa9eba447fb56455b9cc8b0740782f90eda00b6b5"", ""share_of_parent"": 0.0974651671}, {""name"": ""JediSwap"", ""pool"": ""0x70cda8400d7b1ee9e21f7194d320b9ad9c7a2b27e0d15a5a9967b9fefe10c76"", ""share_of_parent"": 0.5956837037}, {""name"": ""JediSwapCL"", ""pool"": ""0x3c6d7570b38ae69cae141677508aa988834263d880618c420884791e6e60443"", ""share_of_parent"": 0.0635689508}, {""name"": ""StarkDefi"", ""pool"": ""0x522e1112acb96754a5300b52094c2fda7a0b597d0f02bf0e3fc83050c015ab6"", ""share_of_parent"": 0.24328217840000002}, {""name"": ""Ekubo"", ""pool"": ""0x3b8bb80f88207c0ed6a28b6f1152e97a8d8244b508497be52320ad1b63523d3"", ""share_of_parent"": 0.0408151848}, {""name"": ""Ekubo"", ""pool"": ""0xc25669ed8b70551736c7833dc0fde2d93d7829df3c0969aaadc642a36d4c98"", ""share_of_parent"": 1.0}, {""name"": ""JediSwap"", ""pool"": ""0x70cda8400d7b1ee9e21f7194d320b9ad9c7a2b27e0d15a5a9967b9fefe10c76"", ""share_of_parent"": 1.0}, {""name"": ""Ekubo"", ""pool"": ""0x2e65ce680bf9243a7d3b0c40200c015f66be7602bfe8e24a0b4bbd2f4b0997"", ""share_of_parent"": 0.049048951}, {""name"": ""JediSwap"", ""pool"": ""0x260e98362e0949fefff8b4de85367c035e44f734c9f8069b6ce2075ae86b45c"", ""share_of_parent"": 0.0157578255}, {""name"": ""JediSwap"", ""pool"": ""0x70cda8400d7b1ee9e21f7194d320b9ad9c7a2b27e0d15a5a9967b9fefe10c76"", ""share_of_parent"": 1.0}, {""name"": ""Nostra"", ""pool"": ""0x1583919ffd78e87fa28fdf6b6a805fe3ddf52f754a63721dcd4c258211129a6"", ""share_of_parent"": 0.5787697802}, {""name"": ""JediSwap"", ""pool"": ""0x70cda8400d7b1ee9e21f7194d320b9ad9c7a2b27e0d15a5a9967b9fefe10c76"", ""share_of_parent"": 1.0}, {""name"": ""Ekubo"", ""pool"": ""0x777df52c2a1966773817eacf5d36481fb77679fa915c78bf7dc6dd3db2c105"", ""share_of_parent"": 0.0607022225}, {""name"": ""JediSwap"", ""pool"": ""0x70cda8400d7b1ee9e21f7194d320b9ad9c7a2b27e0d15a5a9967b9fefe10c76"", ""share_of_parent"": 1.0}, {""name"": ""Ekubo(Oracle)"", ""pool"": ""0x73e881469d199cda961217110f4a67af4692eaeffd578e1896f7d73f9ed467d"", ""share_of_parent"": 0.3447701717999999}, {""name"": ""Ekubo(Oracle)"", ""pool"": ""0x776b7139d086fd1923ae44af105af160490f3c1c950cd31d650351c9afd7ec"", ""share_of_parent"": 1.0}, {""name"": ""Ekubo"", ""pool"": ""0x7dfd50ffb20b9192a67fea997bb2ecc4a35346dd6bb82b37f274c004f53c0f1"", ""share_of_parent"": 0.0227072927}, {""name"": ""10kSwap"", ""pool"": ""0x5900cfa2b50d53b097cb305d54e249e31f24f881885aae5639b0cd6af4ed298"", ""share_of_parent"": 0.1191733375}, {""name"": ""JediSwap"", ""pool"": ""0x70cda8400d7b1ee9e21f7194d320b9ad9c7a2b27e0d15a5a9967b9fefe10c76"", ""share_of_parent"": 1.0}, {""name"": ""JediSwap"", ""pool"": ""0x45e7131d776dddc137e30bdd490b431c7144677e97bf9369f629ed8d3fb7dd6"", ""share_of_parent"": 0.1194277109}, {""name"": ""JediSwap"", ""pool"": ""0x70cda8400d7b1ee9e21f7194d320b9ad9c7a2b27e0d15a5a9967b9fefe10c76"", ""share_of_parent"": 1.0}, {""name"": ""Ekubo"", ""pool"": ""0x2318a6517d95ea54b451a99142fd0a18d1dccf9edf08b9a6840c7157e0b7953"", ""share_of_parent"": 0.5208978396}, {""name"": ""JediSwap"", ""pool"": ""0x74855288dbb974584593acf7bd738572cce3d8f90a7076722d0a624a97d2620"", ""share_of_parent"": 1.0}, {""name"": ""JediSwap"", ""pool"": ""0x33863afb8968fc40bc588a7c839faea1d47bb43d034b8ba19f0b8acb7191522"", ""share_of_parent"": 0.24050111200000002}, {""name"": ""0dAMM"", ""pool"": ""0xd7b9aeed671dfd92653c682fb4a06db88fed691c5c8c7c6e74c8ef5421159c"", ""share_of_parent"": 0.0207892107}, {""name"": ""Ekubo(Oracle)"", ""pool"": ""0xbc670cdb0ba806fd70697ca13b592c000e34fbfb92cc0a3a25eda97bb4f647"", ""share_of_parent"": 1.0}, {""name"": ""Ekubo(Oracle)"", ""pool"": ""0x776b7139d086fd1923ae44af105af160490f3c1c950cd31d650351c9afd7ec"", ""share_of_parent"": 1.0}, {""name"": ""Ekubo(Oracle)"", ""pool"": ""0x11c6618b5abc3c0a95cbc7f33c9c52ae0598862a6b7a2f3d64e90e833d8b854"", ""share_of_parent"": 0.0717662337}, {""name"": ""Ekubo(Oracle)"", ""pool"": ""0x776b7139d086fd1923ae44af105af160490f3c1c950cd31d650351c9afd7ec"", ""share_of_parent"": 1.0}, {""name"": ""0dAMM"", ""pool"": ""0x256462984b6063ffe3d674449892577ab3777ad0ac0b2109797800914dcf1c1"", ""share_of_parent"": 0.0829190809}, {""name"": ""JediSwap"", ""pool"": ""0x70cda8400d7b1ee9e21f7194d320b9ad9c7a2b27e0d15a5a9967b9fefe10c76"", ""share_of_parent"": 0.8539467473}, {""name"": ""JediSwapCL"", ""pool"": ""0x3c6d7570b38ae69cae141677508aa988834263d880618c420884791e6e60443"", ""share_of_parent"": 0.1460532527}, {""name"": ""0dAMM"", ""pool"": ""0x1bfb102cbf19897dc230d4f6032f5d660454706d52944ff74ab237ee18723ec"", ""share_of_parent"": 0.0324335664}, {""name"": ""Nostra"", ""pool"": ""0x1583919ffd78e87fa28fdf6b6a805fe3ddf52f754a63721dcd4c258211129a6"", ""share_of_parent"": 0.5788246863}, {""name"": ""JediSwap"", ""pool"": ""0x70cda8400d7b1ee9e21f7194d320b9ad9c7a2b27e0d15a5a9967b9fefe10c76"", ""share_of_parent"": 1.0}, {""name"": ""JediSwap"", ""pool"": ""0x16220c67cdff746f2afd4178524a2dc9e49ff15567694277fa2302130576678"", ""share_of_parent"": 0.4211753137}, {""name"": ""Ekubo"", ""pool"": ""0x10e713b3b787247e9db52188d114b27165426f773e10d1acc5285ff776fa9c7"", ""share_of_parent"": 0.0127552447}, {""name"": ""Ekubo(Oracle)"", ""pool"": ""0x1c7aff32196862f6044c325be36dffbbdd04427e8a28f249a224de4543281c5"", ""share_of_parent"": 1.0}, {""name"": ""Ekubo(Oracle)"", ""pool"": ""0x776b7139d086fd1923ae44af105af160490f3c1c950cd31d650351c9afd7ec"", ""share_of_parent"": 1.0}, {""name"": ""Ekubo(Twamm)"", ""pool"": ""0xac07e0ceccf6dc4a8fb5c26932864c249f7c92cb73452cb3791a5a6dd4b48"", ""share_of_parent"": 0.0035664335}, {""name"": ""Ekubo(Twamm)"", ""pool"": ""0x16563f514deca96a31588035bc8692c55116699721a56dc7ec514ec6e1156c0"", ""share_of_parent"": 1.0}, {""name"": ""Ekubo"", ""pool"": ""0x2febe698de0209ae36da66c6ab96bd11ed723331b6c8f50e66539a11c221626"", ""share_of_parent"": 1.0}, {""name"": ""Ekubo"", ""pool"": ""0x4edf688b34e7a4e58f6e52dbc8f24847f2df6089f2d747980b85ad4be05bdc9"", ""share_of_parent"": 0.0081318681}, {""name"": ""Ekubo(Oracle)"", ""pool"": ""0x776b7139d086fd1923ae44af105af160490f3c1c950cd31d650351c9afd7ec"", ""share_of_parent"": 1.0}, {""name"": ""Ekubo"", ""pool"": ""0x618f6819c4c3193ea18936f3202bf3cb4904c475a13e05767fde821ff70a05c"", ""share_of_parent"": 0.0144955044}, {""name"": ""Ekubo(Oracle)"", ""pool"": ""0x34587fa18416ed8c53f99e2aeb772077739066a92703943f91e1480fd5d3ea7"", ""share_of_parent"": 1.0}, {""name"": ""Ekubo(Oracle)"", ""pool"": ""0x776b7139d086fd1923ae44af105af160490f3c1c950cd31d650351c9afd7ec"", ""share_of_parent"": 1.0}, {""name"": ""Ekubo"", ""pool"": ""0x19483a997cbce4833d047eebb913ff2c7f46ac47002bdd48ff8615f6116938b"", ""share_of_parent"": 0.018000000599999937}, {""name"": ""Ekubo(Oracle)"", ""pool"": ""0x1ffb67abd2e7533c95f9460fcc8a97e7b18f5ccc8e63fbee3490f61d3d7c892"", ""share_of_parent"": 1.0}, {""name"": ""Ekubo"", ""pool"": ""0x2febe698de0209ae36da66c6ab96bd11ed723331b6c8f50e66539a11c221626"", ""share_of_parent"": 1.0}]",quote-WSTETH-buy-100000.json
WSTETH,0x42b8f0484674ca266ac5d08e4ac6a3fe65bd3129795def2dca5c34ecc5f96d2,False,sell,10,0.0,9865472,9.865472,2026-09-18T10:05:39.398630+00:00,https://starknet.api.avnu.fi/swap/v3/quotes?sellTokenAddress=0x42b8f0484674ca266ac5d08e4ac6a3fe65bd3129795def2dca5c34ecc5f96d2&buyTokenAddress=0x033068f6539f8e6e6b131e6b2b814e6c34a5224bc66947c47dab9dfee93b35fb&sellAmount=0xb69135d0218c0&size=1,"[{""name"": ""Nostra"", ""pool"": ""0x577521a1f005bd663d0fa7f37f0dbac4d7f55b98791d280b158346d9551ff2b"", ""share_of_parent"": 1.0}, {""name"": ""0dAMM"", ""pool"": ""0x256462984b6063ffe3d674449892577ab3777ad0ac0b2109797800914dcf1c1"", ""share_of_parent"": 1.0}]",quote-WSTETH-sell-10.json
WSTETH,0x42b8f0484674ca266ac5d08e4ac6a3fe65bd3129795def2dca5c34ecc5f96d2,False,sell,100,0.3960895130004971,98263959,98.263959,2026-09-18T10:05:39.941057+00:00,https://starknet.api.avnu.fi/swap/v3/quotes?sellTokenAddress=0x42b8f0484674ca266ac5d08e4ac6a3fe65bd3129795def2dca5c34ecc5f96d2&buyTokenAddress=0x033068f6539f8e6e6b131e6b2b814e6c34a5224bc66947c47dab9dfee93b35fb&sellAmount=0x721ac1a214f783&size=1,"[{""name"": ""Ekubo"", ""pool"": ""0x48cb9792a48688aeb5fc2eaa9eba447fb56455b9cc8b0740782f90eda00b6b5"", ""share_of_parent"": 0.2203564043}, {""name"": ""0dAMM"", ""pool"": ""0x256462984b6063ffe3d674449892577ab3777ad0ac0b2109797800914dcf1c1"", ""share_of_parent"": 1.0}, {""name"": ""Ekubo"", ""pool"": ""0x73ca5520717ab0f580bd794b4c4cde8bb8a2ecd17c77c62af01082c2c9f668e"", ""share_of_parent"": 0.5358287328}, {""name"": ""Ekubo"", ""pool"": ""0x160f5d987caf56d8109427919172c1e45ef366ea1d7dcf105a3c5a5e794aea3"", ""share_of_parent"": 1.0}, {""name"": ""Ekubo"", ""pool"": ""0x2febe698de0209ae36da66c6ab96bd11ed723331b6c8f50e66539a11c221626"", ""share_of_parent"": 0.2438148629}, {""name"": ""Ekubo"", ""pool"": ""0x160f5d987caf56d8109427919172c1e45ef366ea1d7dcf105a3c5a5e794aea3"", ""share_of_parent"": 1.0}]",quote-WSTETH-sell-100.json
WSTETH,0x42b8f0484674ca266ac5d08e4ac6a3fe65bd3129795def2dca5c34ecc5f96d2,False,sell,1000,1.087571887082539,975817790,975.81779,2026-09-18T10:05:40.560222+00:00,https://starknet.api.avnu.fi/swap/v3/quotes?sellTokenAddress=0x42b8f0484674ca266ac5d08e4ac6a3fe65bd3129795def2dca5c34ecc5f96d2&buyTokenAddress=0x033068f6539f8e6e6b131e6b2b814e6c34a5224bc66947c47dab9dfee93b35fb&sellAmount=0x4750b9054d1ab25&size=1,"[{""name"": ""JediSwap"", ""pool"": ""0x70cda8400d7b1ee9e21f7194d320b9ad9c7a2b27e0d15a5a9967b9fefe10c76"", ""share_of_parent"": 0.0613886113}, {""name"": ""Ekubo"", ""pool"": ""0x160f5d987caf56d8109427919172c1e45ef366ea1d7dcf105a3c5a5e794aea3"", ""share_of_parent"": 1.0}, {""name"": ""Ekubo(Oracle)"", ""pool"": ""0x776b7139d086fd1923ae44af105af160490f3c1c950cd31d650351c9afd7ec"", ""share_of_parent"": 0.0153746253}, {""name"": ""Ekubo(Oracle)"", ""pool"": ""0x1ffb67abd2e7533c95f9460fcc8a97e7b18f5ccc8e63fbee3490f61d3d7c892"", ""share_of_parent"": 1.0}, {""name"": ""Ekubo"", ""pool"": ""0x160f5d987caf56d8109427919172c1e45ef366ea1d7dcf105a3c5a5e794aea3"", ""share_of_parent"": 1.0}, {""name"": ""StarkDefi"", ""pool"": ""0x522e1112acb96754a5300b52094c2fda7a0b597d0f02bf0e3fc83050c015ab6"", ""share_of_parent"": 0.0153646353}, {""name"": ""Ekubo"", ""pool"": ""0x55b5f9772697ad743ec6729541afa517c349097d1cced3abf77fa2e7307d8b9"", ""share_of_parent"": 1.0}, {""name"": ""Ekubo"", ""pool"": ""0x4ffe087d21be7dc329d29721d169f5f6522a6fce624e8ac3aed285c3fb42f50"", ""share_of_parent"": 1.0}, {""name"": ""0dAMM"", ""pool"": ""0xd7b9aeed671dfd92653c682fb4a06db88fed691c5c8c7c6e74c8ef5421159c"", ""share_of_parent"": 1.0}, {""name"": ""Ekubo"", ""pool"": ""0x48cb9792a48688aeb5fc2eaa9eba447fb56455b9cc8b0740782f90eda00b6b5"", ""share_of_parent"": 0.1367732267}, {""name"": ""Ekubo"", ""pool"": ""0x55b5f9772697ad743ec6729541afa517c349097d1cced3abf77fa2e7307d8b9"", ""share_of_parent"": 0.0114683282}, {""name"": ""Ekubo"", ""pool"": ""0x4ffe087d21be7dc329d29721d169f5f6522a6fce624e8ac3aed285c3fb42f50"", ""share_of_parent"": 1.0}, {""name"": ""0dAMM"", ""pool"": ""0xd7b9aeed671dfd92653c682fb4a06db88fed691c5c8c7c6e74c8ef5421159c"", ""share_of_parent"": 1.0}, {""name"": ""Ekubo"", ""pool"": ""0x160f5d987caf56d8109427919172c1e45ef366ea1d7dcf105a3c5a5e794aea3"", ""share_of_parent"": 0.9885316718}, {""name"": ""Nostra"", ""pool"": ""0x577521a1f005bd663d0fa7f37f0dbac4d7f55b98791d280b158346d9551ff2b"", ""share_of_parent"": 0.0313346653}, {""name"": ""Ekubo"", ""pool"": ""0x160f5d987caf56d8109427919172c1e45ef366ea1d7dcf105a3c5a5e794aea3"", ""share_of_parent"": 0.9368762157}, {""name"": ""0dAMM"", ""pool"": ""0x256462984b6063ffe3d674449892577ab3777ad0ac0b2109797800914dcf1c1"", ""share_of_parent"": 0.06312378430000001}, {""name"": ""JediSwapCL"", ""pool"": ""0x3c6d7570b38ae69cae141677508aa988834263d880618c420884791e6e60443"", ""share_of_parent"": 0.0066633366}, {""name"": ""Ekubo"", ""pool"": ""0x160f5d987caf56d8109427919172c1e45ef366ea1d7dcf105a3c5a5e794aea3"", ""share_of_parent"": 1.0}, {""name"": ""Ekubo"", ""pool"": ""0x73ca5520717ab0f580bd794b4c4cde8bb8a2ecd17c77c62af01082c2c9f668e"", ""share_of_parent"": 0.6095284715}, {""name"": ""Ekubo"", ""pool"": ""0x55b5f9772697ad743ec6729541afa517c349097d1cced3abf77fa2e7307d8b9"", ""share_of_parent"": 0.0290553253}, {""name"": ""Ekubo"", ""pool"": ""0x4ffe087d21be7dc329d29721d169f5f6522a6fce624e8ac3aed285c3fb42f50"", ""share_of_parent"": 1.0}, {""name"": ""0dAMM"", ""pool"": ""0xd7b9aeed671dfd92653c682fb4a06db88fed691c5c8c7c6e74c8ef5421159c"", ""share_of_parent"": 1.0}, {""name"": ""Ekubo"", ""pool"": ""0x160f5d987caf56d8109427919172c1e45ef366ea1d7dcf105a3c5a5e794aea3"", ""share_of_parent"": 0.9709446747}, {""name"": ""Ekubo"", ""pool"": ""0x2febe698de0209ae36da66c6ab96bd11ed723331b6c8f50e66539a11c221626"", ""share_of_parent"": 0.12357242799999993}, {""name"": ""Ekubo"", ""pool"": ""0x160f5d987caf56d8109427919172c1e45ef366ea1d7dcf105a3c5a5e794aea3"", ""share_of_parent"": 1.0}]",quote-WSTETH-sell-1000.json
WSTETH,0x42b8f0484674ca266ac5d08e4ac6a3fe65bd3129795def2dca5c34ecc5f96d2,False,sell,10000,2.389700766471181,9629716740,9629.71674,2026-09-18T10:05:41.617578+00:00,https://starknet.api.avnu.fi/swap/v3/quotes?sellTokenAddress=0x42b8f0484674ca266ac5d08e4ac6a3fe65bd3129795def2dca5c34ecc5f96d2&buyTokenAddress=0x033068f6539f8e6e6b131e6b2b814e6c34a5224bc66947c47dab9dfee93b35fb&sellAmount=0x2c9273a35030af72&size=1,"[{""name"": ""JediSwap"", ""pool"": ""0x70cda8400d7b1ee9e21f7194d320b9ad9c7a2b27e0d15a5a9967b9fefe10c76"", ""share_of_parent"": 0.0061041494}, {""name"": ""Ekubo"", ""pool"": ""0x160f5d987caf56d8109427919172c1e45ef366ea1d7dcf105a3c5a5e794aea3"", ""share_of_parent"": 1.0}, {""name"": ""Ekubo"", ""pool"": ""0x48cb9792a48688aeb5fc2eaa9eba447fb56455b9cc8b0740782f90eda00b6b5"", ""share_of_parent"": 0.0194707508}, {""name"": ""Ekubo"", ""pool"": ""0x160f5d987caf56d8109427919172c1e45ef366ea1d7dcf105a3c5a5e794aea3"", ""share_of_parent"": 1.0}, {""name"": ""JediSwapCL"", ""pool"": ""0x3c6d7570b38ae69cae141677508aa988834263d880618c420884791e6e60443"", ""share_of_parent"": 0.0035563482}, {""name"": ""Ekubo"", ""pool"": ""0x160f5d987caf56d8109427919172c1e45ef366ea1d7dcf105a3c5a5e794aea3"", ""share_of_parent"": 1.0}, {""name"": ""Ekubo"", ""pool"": ""0x73ca5520717ab0f580bd794b4c4cde8bb8a2ecd17c77c62af01082c2c9f668e"", ""share_of_parent"": 0.9552335066}, {""name"": ""Ekubo"", ""pool"": ""0x55b5f9772697ad743ec6729541afa517c349097d1cced3abf77fa2e7307d8b9"", ""share_of_parent"": 0.0161778238}, {""name"": ""Ekubo"", ""pool"": ""0x59592b427f28fea4683279a034e443c03125e1159ab0b14cc29a04ecf57a443"", ""share_of_parent"": 1.0}, {""name"": ""Ekubo"", ""pool"": ""0xc25669ed8b70551736c7833dc0fde2d93d7829df3c0969aaadc642a36d4c98"", ""share_of_parent"": 0.029433955}, {""name"": ""Ekubo"", ""pool"": ""0x3b8bb80f88207c0ed6a28b6f1152e97a8d8244b508497be52320ad1b63523d3"", ""share_of_parent"": 1.0}, {""name"": ""Ekubo"", ""pool"": ""0x160f5d987caf56d8109427919172c1e45ef366ea1d7dcf105a3c5a5e794aea3"", ""share_of_parent"": 0.6723153877}, {""name"": ""0dAMM"", ""pool"": ""0x256462984b6063ffe3d674449892577ab3777ad0ac0b2109797800914dcf1c1"", ""share_of_parent"": 0.2820728335}, {""name"": ""Ekubo"", ""pool"": ""0x2febe698de0209ae36da66c6ab96bd11ed723331b6c8f50e66539a11c221626"", ""share_of_parent"": 0.015635245000000016}, {""name"": ""Ekubo"", ""pool"": ""0x160f5d987caf56d8109427919172c1e45ef366ea1d7dcf105a3c5a5e794aea3"", ""share_of_parent"": 1.0}]",quote-WSTETH-sell-10000.json
WSTETH,0x42b8f0484674ca266ac5d08e4ac6a3fe65bd3129795def2dca5c34ecc5f96d2,False,sell,100000,3.118043262400416,95578623150,95578.62315,2026-09-18T10:05:42.980805+00:00,https://starknet.api.avnu.fi/swap/v3/quotes?sellTokenAddress=0x42b8f0484674ca266ac5d08e4ac6a3fe65bd3129795def2dca5c34ecc5f96d2&buyTokenAddress=0x033068f6539f8e6e6b131e6b2b814e6c34a5224bc66947c47dab9dfee93b35fb&sellAmount=0x1bdb8846121e6da76&size=1,"[{""name"": ""Ekubo"", ""pool"": ""0x48cb9792a48688aeb5fc2eaa9eba447fb56455b9cc8b0740782f90eda00b6b5"", ""share_of_parent"": 0.0023579327}, {""name"": ""10kSwap"", ""pool"": ""0x23c72abdf49dffc85ae3ede714f2168ad384cc67d08524732acea90df325"", ""share_of_parent"": 0.1050143258}, {""name"": ""Ekubo"", ""pool"": ""0x3b8bb80f88207c0ed6a28b6f1152e97a8d8244b508497be52320ad1b63523d3"", ""share_of_parent"": 1.0}, {""name"": ""JediSwap"", ""pool"": ""0x4d0390b777b424e43839cd1e744799f3de6c176c7e32c1812a41dbd9c19db6a"", ""share_of_parent"": 0.1045694922}, {""name"": ""Ekubo"", ""pool"": ""0x3b8bb80f88207c0ed6a28b6f1152e97a8d8244b508497be52320ad1b63523d3"", ""share_of_parent"": 1.0}, {""name"": ""Ekubo"", ""pool"": ""0x55b5f9772697ad743ec6729541afa517c349097d1cced3abf77fa2e7307d8b9"", ""share_of_parent"": 0.2083711037}, {""name"": ""Ekubo"", ""pool"": ""0x144aeb3f417951bba73dd04b237f72d611d1b2e124fdf590528f57c704990ff"", ""share_of_parent"": 0.5005564101}, {""name"": ""Ekubo"", ""pool"": ""0x2e65ce680bf9243a7d3b0c40200c015f66be7602bfe8e24a0b4bbd2f4b0997"", ""share_of_parent"": 1.0}, {""name"": ""Ekubo"", ""pool"": ""0x59592b427f28fea4683279a034e443c03125e1159ab0b14cc29a04ecf57a443"", ""share_of_parent"": 0.4994435899}, {""name"": ""Ekubo"", ""pool"": ""0xc25669ed8b70551736c7833dc0fde2d93d7829df3c0969aaadc642a36d4c98"", ""share_of_parent"": 0.310861011}, {""name"": ""Ekubo"", ""pool"": ""0x4519b483ae513d2c7d336bc8bdeacd7c4a3cd62116a5b108dfa115ebecf0845"", ""share_of_parent"": 0.3340623573}, {""name"": ""Ekubo"", ""pool"": ""0x7dfd50ffb20b9192a67fea997bb2ecc4a35346dd6bb82b37f274c004f53c0f1"", ""share_of_parent"": 1.0}, {""name"": ""Ekubo"", ""pool"": ""0x736d775c4adf60980607b4b40604fd3d67d69bcfe95c9026534f876edefea05"", ""share_of_parent"": 0.3333201742}, {""name"": ""Ekubo"", ""pool"": ""0x7dfd50ffb20b9192a67fea997bb2ecc4a35346dd6bb82b37f274c004f53c0f1"", ""share_of_parent"": 1.0}, {""name"": ""Ekubo"", ""pool"": ""0x3b8bb80f88207c0ed6a28b6f1152e97a8d8244b508497be52320ad1b63523d3"", ""share_of_parent"": 0.3326174685}, {""name"": ""Ekubo"", ""pool"": ""0x160f5d987caf56d8109427919172c1e45ef366ea1d7dcf105a3c5a5e794aea3"", ""share_of_parent"": 0.2711840672999999}, {""name"": ""Ekubo"", ""pool"": ""0x73ca5520717ab0f580bd794b4c4cde8bb8a2ecd17c77c62af01082c2c9f668e"", ""share_of_parent"": 0.9976420673}, {""name"": ""10kSwap"", ""pool"": ""0x23c72abdf49dffc85ae3ede714f2168ad384cc67d08524732acea90df325"", ""share_of_parent"": 0.0080301617}, {""name"": ""JediSwap"", ""pool"": ""0x5801bdad32f343035fb242e98d1e9371ae85bc1543962fedea16c59b35bd19b"", ""share_of_parent"": 0.0313165589}, {""name"": ""Ekubo"", ""pool"": ""0x7dfd50ffb20b9192a67fea997bb2ecc4a35346dd6bb82b37f274c004f53c0f1"", ""share_of_parent"": 1.0}, {""name"": ""10kSwap"", ""pool"": ""0x41a708cf109737a50baa6cbeb9adf0bf8d97112dc6cc80c7a458cbad35328b0"", ""share_of_parent"": 0.031255188}, {""name"": ""Ekubo"", ""pool"": ""0x7dfd50ffb20b9192a67fea997bb2ecc4a35346dd6bb82b37f274c004f53c0f1"", ""share_of_parent"": 1.0}, {""name"": ""Ekubo"", ""pool"": ""0x4519b483ae513d2c7d336bc8bdeacd7c4a3cd62116a5b108dfa115ebecf0845"", ""share_of_parent"": 0.031218866}, {""name"": ""Ekubo"", ""pool"": ""0x7dfd50ffb20b9192a67fea997bb2ecc4a35346dd6bb82b37f274c004f53c0f1"", ""share_of_parent"": 1.0}, {""name"": ""Ekubo"", ""pool"": ""0x736d775c4adf60980607b4b40604fd3d67d69bcfe95c9026534f876edefea05"", ""share_of_parent"": 0.0311835786}, {""name"": ""Ekubo"", ""pool"": ""0x7dfd50ffb20b9192a67fea997bb2ecc4a35346dd6bb82b37f274c004f53c0f1"", ""share_of_parent"": 1.0}, {""name"": ""Ekubo"", ""pool"": ""0x3b8bb80f88207c0ed6a28b6f1152e97a8d8244b508497be52320ad1b63523d3"", ""share_of_parent"": 0.8750258085}, {""name"": ""JediSwap"", ""pool"": ""0x4d0390b777b424e43839cd1e744799f3de6c176c7e32c1812a41dbd9c19db6a"", ""share_of_parent"": 0.0145682984}, {""name"": ""JediSwap"", ""pool"": ""0x5801bdad32f343035fb242e98d1e9371ae85bc1543962fedea16c59b35bd19b"", ""share_of_parent"": 0.0170054718}, {""name"": ""Ekubo"", ""pool"": ""0x7dfd50ffb20b9192a67fea997bb2ecc4a35346dd6bb82b37f274c004f53c0f1"", ""share_of_parent"": 1.0}, {""name"": ""10kSwap"", ""pool"": ""0x41a708cf109737a50baa6cbeb9adf0bf8d97112dc6cc80c7a458cbad35328b0"", ""share_of_parent"": 0.0169942984}, {""name"": ""Ekubo"", ""pool"": ""0x7dfd50ffb20b9192a67fea997bb2ecc4a35346dd6bb82b37f274c004f53c0f1"", ""share_of_parent"": 1.0}, {""name"": ""Ekubo"", ""pool"": ""0x4519b483ae513d2c7d336bc8bdeacd7c4a3cd62116a5b108dfa115ebecf0845"", ""share_of_parent"": 0.0169831359}, {""name"": ""Ekubo"", ""pool"": ""0x7dfd50ffb20b9192a67fea997bb2ecc4a35346dd6bb82b37f274c004f53c0f1"", ""share_of_parent"": 1.0}, {""name"": ""Ekubo"", ""pool"": ""0x736d775c4adf60980607b4b40604fd3d67d69bcfe95c9026534f876edefea05"", ""share_of_parent"": 0.0169719842}, {""name"": ""Ekubo"", ""pool"": ""0x7dfd50ffb20b9192a67fea997bb2ecc4a35346dd6bb82b37f274c004f53c0f1"", ""share_of_parent"": 1.0}, {""name"": ""Ekubo"", ""pool"": ""0x3b8bb80f88207c0ed6a28b6f1152e97a8d8244b508497be52320ad1b63523d3"", ""share_of_parent"": 0.9320451097}, {""name"": ""Ekubo"", ""pool"": ""0x55b5f9772697ad743ec6729541afa517c349097d1cced3abf77fa2e7307d8b9"", ""share_of_parent"": 0.2969511267}, {""name"": ""Ekubo"", ""pool"": ""0x144aeb3f417951bba73dd04b237f72d611d1b2e124fdf590528f57c704990ff"", ""share_of_parent"": 0.2754397279}, {""name"": ""Ekubo"", ""pool"": ""0x2e65ce680bf9243a7d3b0c40200c015f66be7602bfe8e24a0b4bbd2f4b0997"", ""share_of_parent"": 0.365493958}, {""name"": ""0dAMM"", ""pool"": ""0x1bfb102cbf19897dc230d4f6032f5d660454706d52944ff74ab237ee18723ec"", ""share_of_parent"": 0.634506042}, {""name"": ""Ekubo"", ""pool"": ""0x4ffe087d21be7dc329d29721d169f5f6522a6fce624e8ac3aed285c3fb42f50"", ""share_of_parent"": 0.061897199}, {""name"": ""Ekubo"", ""pool"": ""0x5dfce41b432a59570b82182d3f9f37abf7aee04a3faebc96ac367c4cb12d313"", ""share_of_parent"": 0.0134133898}, {""name"": ""0dAMM"", ""pool"": ""0xd7b9aeed671dfd92653c682fb4a06db88fed691c5c8c7c6e74c8ef5421159c"", ""share_of_parent"": 0.9865866102}, {""name"": ""Ekubo"", ""pool"": ""0x59592b427f28fea4683279a034e443c03125e1159ab0b14cc29a04ecf57a443"", ""share_of_parent"": 0.6626630731}, {""name"": ""Ekubo"", ""pool"": ""0xc25669ed8b70551736c7833dc0fde2d93d7829df3c0969aaadc642a36d4c98"", ""share_of_parent"": 0.0812409089}, {""name"": ""JediSwap"", ""pool"": ""0x5801bdad32f343035fb242e98d1e9371ae85bc1543962fedea16c59b35bd19b"", ""share_of_parent"": 0.0030408332}, {""name"": ""Ekubo"", ""pool"": ""0x7dfd50ffb20b9192a67fea997bb2ecc4a35346dd6bb82b37f274c004f53c0f1"", ""share_of_parent"": 1.0}, {""name"": ""10kSwap"", ""pool"": ""0x41a708cf109737a50baa6cbeb9adf0bf8d97112dc6cc80c7a458cbad35328b0"", ""share_of_parent"": 0.0030407146}, {""name"": ""Ekubo"", ""pool"": ""0x7dfd50ffb20b9192a67fea997bb2ecc4a35346dd6bb82b37f274c004f53c0f1"", ""share_of_parent"": 1.0}, {""name"": ""Ekubo"", ""pool"": ""0x4519b483ae513d2c7d336bc8bdeacd7c4a3cd62116a5b108dfa115ebecf0845"", ""share_of_parent"": 0.003040596}, {""name"": ""Ekubo"", ""pool"": ""0x7dfd50ffb20b9192a67fea997bb2ecc4a35346dd6bb82b37f274c004f53c0f1"", ""share_of_parent"": 1.0}, {""name"": ""Ekubo"", ""pool"": ""0x736d775c4adf60980607b4b40604fd3d67d69bcfe95c9026534f876edefea05"", ""share_of_parent"": 0.0030404775}, {""name"": ""Ekubo"", ""pool"": ""0x7dfd50ffb20b9192a67fea997bb2ecc4a35346dd6bb82b37f274c004f53c0f1"", ""share_of_parent"": 1.0}, {""name"": ""Ekubo"", ""pool"": ""0x3b8bb80f88207c0ed6a28b6f1152e97a8d8244b508497be52320ad1b63523d3"", ""share_of_parent"": 0.9878373787}, {""name"": ""Ekubo"", ""pool"": ""0x160f5d987caf56d8109427919172c1e45ef366ea1d7dcf105a3c5a5e794aea3"", ""share_of_parent"": 0.5102962243}, {""name"": ""0dAMM"", ""pool"": ""0x256462984b6063ffe3d674449892577ab3777ad0ac0b2109797800914dcf1c1"", ""share_of_parent"": 0.08891328000000003}]",quote-WSTETH-sell-100000.json
WSTETH_CURRENT,0x57912720381af14b0e5c87aa4718ed5e527eab60b3801ebf702ab09139e38b,False,buy,10,0.0,3203893781738904,,2026-09-18T10:02:49.297837+00:00,https://starknet.api.avnu.fi/swap/v3/quotes?sellTokenAddress=0x033068f6539f8e6e6b131e6b2b814e6c34a5224bc66947c47dab9dfee93b35fb&buyTokenAddress=0x57912720381af14b0e5c87aa4718ed5e527eab60b3801ebf702ab09139e38b&sellAmount=0x989680&size=1,"[{""name"": ""Ekubo"", ""pool"": ""0x3b8bb80f88207c0ed6a28b6f1152e97a8d8244b508497be52320ad1b63523d3"", ""share_of_parent"": 1.0}, {""name"": ""Ekubo"", ""pool"": ""0x4519b483ae513d2c7d336bc8bdeacd7c4a3cd62116a5b108dfa115ebecf0845"", ""share_of_parent"": 1.0}, {""name"": ""Ekubo"", ""pool"": ""0x3cdda481a4b5caabb73742e77e45b70de395d4130c41a7d21ab88e85f00f2e0"", ""share_of_parent"": 1.0}, {""name"": ""Ekubo"", ""pool"": ""0x334a8325867eb4e77bd66deef0d6872731f5ebeb06b40e570afe3ca9689bb00"", ""share_of_parent"": 1.0}]",quote-WSTETH_CURRENT-buy-10.json
WSTETH_CURRENT,0x57912720381af14b0e5c87aa4718ed5e527eab60b3801ebf702ab09139e38b,False,buy,100,0.027746324900179697,32030048189607660,,2026-09-18T10:02:50.923949+00:00,https://starknet.api.avnu.fi/swap/v3/quotes?sellTokenAddress=0x033068f6539f8e6e6b131e6b2b814e6c34a5224bc66947c47dab9dfee93b35fb&buyTokenAddress=0x57912720381af14b0e5c87aa4718ed5e527eab60b3801ebf702ab09139e38b&sellAmount=0x5f5e100&size=1,"[{""name"": ""Ekubo"", ""pool"": ""0x3b8bb80f88207c0ed6a28b6f1152e97a8d8244b508497be52320ad1b63523d3"", ""share_of_parent"": 1.0}, {""name"": ""Ekubo"", ""pool"": ""0xc25669ed8b70551736c7833dc0fde2d93d7829df3c0969aaadc642a36d4c98"", ""share_of_parent"": 1.0}, {""name"": ""Ekubo"", ""pool"": ""0x334a8325867eb4e77bd66deef0d6872731f5ebeb06b40e570afe3ca9689bb00"", ""share_of_parent"": 1.0}]",quote-WSTETH_CURRENT-buy-100.json
WSTETH_CURRENT,0x57912720381af14b0e5c87aa4718ed5e527eab60b3801ebf702ab09139e38b,False,buy,1000,0.042713945651040586,320252527229025536,,2026-09-18T10:02:52.813856+00:00,https://starknet.api.avnu.fi/swap/v3/quotes?sellTokenAddress=0x033068f6539f8e6e6b131e6b2b814e6c34a5224bc66947c47dab9dfee93b35fb&buyTokenAddress=0x57912720381af14b0e5c87aa4718ed5e527eab60b3801ebf702ab09139e38b&sellAmount=0x3b9aca00&size=1,"[{""name"": ""Ekubo"", ""pool"": ""0x160f5d987caf56d8109427919172c1e45ef366ea1d7dcf105a3c5a5e794aea3"", ""share_of_parent"": 0.6231428571}, {""name"": ""Ekubo"", ""pool"": ""0x334a8325867eb4e77bd66deef0d6872731f5ebeb06b40e570afe3ca9689bb00"", ""share_of_parent"": 1.0}, {""name"": ""Ekubo"", ""pool"": ""0x3b8bb80f88207c0ed6a28b6f1152e97a8d8244b508497be52320ad1b63523d3"", ""share_of_parent"": 0.19804995}, {""name"": ""Ekubo"", ""pool"": ""0xc25669ed8b70551736c7833dc0fde2d93d7829df3c0969aaadc642a36d4c98"", ""share_of_parent"": 1.0}, {""name"": ""Ekubo"", ""pool"": ""0x334a8325867eb4e77bd66deef0d6872731f5ebeb06b40e570afe3ca9689bb00"", ""share_of_parent"": 1.0}, {""name"": ""0dAMM"", ""pool"": ""0x256462984b6063ffe3d674449892577ab3777ad0ac0b2109797800914dcf1c1"", ""share_of_parent"": 0.1788071929}, {""name"": ""Ekubo"", ""pool"": ""0x334a8325867eb4e77bd66deef0d6872731f5ebeb06b40e570afe3ca9689bb00"", ""share_of_parent"": 1.0}]",quote-WSTETH_CURRENT-buy-1000.json
WSTETH_CURRENT,0x57912720381af14b0e5c87aa4718ed5e527eab60b3801ebf702ab09139e38b,False,buy,10000,0.10536482072204256,3200518004799650304,,2026-09-18T10:02:53.967556+00:00,https://starknet.api.avnu.fi/swap/v3/quotes?sellTokenAddress=0x033068f6539f8e6e6b131e6b2b814e6c34a5224bc66947c47dab9dfee93b35fb&buyTokenAddress=0x57912720381af14b0e5c87aa4718ed5e527eab60b3801ebf702ab09139e38b&sellAmount=0x2540be400&size=1,"[{""name"": ""Ekubo"", ""pool"": ""0x59592b427f28fea4683279a034e443c03125e1159ab0b14cc29a04ecf57a443"", ""share_of_parent"": 0.1386993006}, {""name"": ""Ekubo"", ""pool"": ""0x144aeb3f417951bba73dd04b237f72d611d1b2e124fdf590528f57c704990ff"", ""share_of_parent"": 0.0156751682}, {""name"": ""Ekubo"", ""pool"": ""0x777df52c2a1966773817eacf5d36481fb77679fa915c78bf7dc6dd3db2c105"", ""share_of_parent"": 1.0}, {""name"": ""Ekubo"", ""pool"": ""0x334a8325867eb4e77bd66deef0d6872731f5ebeb06b40e570afe3ca9689bb00"", ""share_of_parent"": 1.0}, {""name"": ""Ekubo"", ""pool"": ""0x55b5f9772697ad743ec6729541afa517c349097d1cced3abf77fa2e7307d8b9"", ""share_of_parent"": 0.9843248318}, {""name"": ""Ekubo"", ""pool"": ""0x334a8325867eb4e77bd66deef0d6872731f5ebeb06b40e570afe3ca9689bb00"", ""share_of_parent"": 1.0}, {""name"": ""Ekubo"", ""pool"": ""0x160f5d987caf56d8109427919172c1e45ef366ea1d7dcf105a3c5a5e794aea3"", ""share_of_parent"": 0.4664695304}, {""name"": ""Ekubo"", ""pool"": ""0x334a8325867eb4e77bd66deef0d6872731f5ebeb06b40e570afe3ca9689bb00"", ""share_of_parent"": 1.0}, {""name"": ""Ekubo"", ""pool"": ""0x3b8bb80f88207c0ed6a28b6f1152e97a8d8244b508497be52320ad1b63523d3"", ""share_of_parent"": 0.0895284715}, {""name"": ""Ekubo"", ""pool"": ""0xc25669ed8b70551736c7833dc0fde2d93d7829df3c0969aaadc642a36d4c98"", ""share_of_parent"": 1.0}, {""name"": ""Ekubo"", ""pool"": ""0x334a8325867eb4e77bd66deef0d6872731f5ebeb06b40e570afe3ca9689bb00"", ""share_of_parent"": 1.0}, {""name"": ""Ekubo"", ""pool"": ""0x2e65ce680bf9243a7d3b0c40200c015f66be7602bfe8e24a0b4bbd2f4b0997"", ""share_of_parent"": 0.0323896103}, {""name"": ""Ekubo"", ""pool"": ""0x144aeb3f417951bba73dd04b237f72d611d1b2e124fdf590528f57c704990ff"", ""share_of_parent"": 1.0}, {""name"": ""Ekubo"", ""pool"": ""0x55b5f9772697ad743ec6729541afa517c349097d1cced3abf77fa2e7307d8b9"", ""share_of_parent"": 1.0}, {""name"": ""Ekubo"", ""pool"": ""0x334a8325867eb4e77bd66deef0d6872731f5ebeb06b40e570afe3ca9689bb00"", ""share_of_parent"": 1.0}, {""name"": ""0dAMM"", ""pool"": ""0xd7b9aeed671dfd92653c682fb4a06db88fed691c5c8c7c6e74c8ef5421159c"", ""share_of_parent"": 0.0254905094}, {""name"": ""Ekubo"", ""pool"": ""0x4ffe087d21be7dc329d29721d169f5f6522a6fce624e8ac3aed285c3fb42f50"", ""share_of_parent"": 1.0}, {""name"": ""Ekubo"", ""pool"": ""0x55b5f9772697ad743ec6729541afa517c349097d1cced3abf77fa2e7307d8b9"", ""share_of_parent"": 1.0}, {""name"": ""Ekubo"", ""pool"": ""0x334a8325867eb4e77bd66deef0d6872731f5ebeb06b40e570afe3ca9689bb00"", ""share_of_parent"": 1.0}, {""name"": ""0dAMM"", ""pool"": ""0x256462984b6063ffe3d674449892577ab3777ad0ac0b2109797800914dcf1c1"", ""share_of_parent"": 0.24742257780000004}, {""name"": ""Ekubo"", ""pool"": ""0x334a8325867eb4e77bd66deef0d6872731f5ebeb06b40e570afe3ca9689bb00"", ""share_of_parent"": 1.0}]",quote-WSTETH_CURRENT-buy-10000.json
WSTETH_CURRENT,0x57912720381af14b0e5c87aa4718ed5e527eab60b3801ebf702ab09139e38b,False,buy,100000,0.7738214683500666,31791013638326755328,,2026-09-18T10:02:55.359668+00:00,https://starknet.api.avnu.fi/swap/v3/quotes?sellTokenAddress=0x033068f6539f8e6e6b131e6b2b814e6c34a5224bc66947c47dab9dfee93b35fb&buyTokenAddress=0x57912720381af14b0e5c87aa4718ed5e527eab60b3801ebf702ab09139e38b&sellAmount=0x174876e800&size=1,"[{""name"": ""Ekubo"", ""pool"": ""0x59592b427f28fea4683279a034e443c03125e1159ab0b14cc29a04ecf57a443"", ""share_of_parent"": 0.273098901}, {""name"": ""Ekubo"", ""pool"": ""0x144aeb3f417951bba73dd04b237f72d611d1b2e124fdf590528f57c704990ff"", ""share_of_parent"": 0.0099326217}, {""name"": ""Ekubo"", ""pool"": ""0x777df52c2a1966773817eacf5d36481fb77679fa915c78bf7dc6dd3db2c105"", ""share_of_parent"": 1.0}, {""name"": ""Ekubo"", ""pool"": ""0x334a8325867eb4e77bd66deef0d6872731f5ebeb06b40e570afe3ca9689bb00"", ""share_of_parent"": 1.0}, {""name"": ""Ekubo"", ""pool"": ""0x55b5f9772697ad743ec6729541afa517c349097d1cced3abf77fa2e7307d8b9"", ""share_of_parent"": 0.9900673783}, {""name"": ""Ekubo"", ""pool"": ""0x334a8325867eb4e77bd66deef0d6872731f5ebeb06b40e570afe3ca9689bb00"", ""share_of_parent"": 1.0}, {""name"": ""Ekubo"", ""pool"": ""0x160f5d987caf56d8109427919172c1e45ef366ea1d7dcf105a3c5a5e794aea3"", ""share_of_parent"": 0.3934845154}, {""name"": ""Ekubo"", ""pool"": ""0x334a8325867eb4e77bd66deef0d6872731f5ebeb06b40e570afe3ca9689bb00"", ""share_of_parent"": 1.0}, {""name"": ""Ekubo"", ""pool"": ""0x3b8bb80f88207c0ed6a28b6f1152e97a8d8244b508497be52320ad1b63523d3"", ""share_of_parent"": 0.0408151848}, {""name"": ""Ekubo"", ""pool"": ""0xc25669ed8b70551736c7833dc0fde2d93d7829df3c0969aaadc642a36d4c98"", ""share_of_parent"": 1.0}, {""name"": ""Ekubo"", ""pool"": ""0x334a8325867eb4e77bd66deef0d6872731f5ebeb06b40e570afe3ca9689bb00"", ""share_of_parent"": 1.0}, {""name"": ""Ekubo"", ""pool"": ""0x2e65ce680bf9243a7d3b0c40200c015f66be7602bfe8e24a0b4bbd2f4b0997"", ""share_of_parent"": 0.0768911088}, {""name"": ""Ekubo"", ""pool"": ""0x144aeb3f417951bba73dd04b237f72d611d1b2e124fdf590528f57c704990ff"", ""share_of_parent"": 0.418234809}, {""name"": ""Ekubo"", ""pool"": ""0x55b5f9772697ad743ec6729541afa517c349097d1cced3abf77fa2e7307d8b9"", ""share_of_parent"": 1.0}, {""name"": ""Ekubo"", ""pool"": ""0x334a8325867eb4e77bd66deef0d6872731f5ebeb06b40e570afe3ca9689bb00"", ""share_of_parent"": 1.0}, {""name"": ""JediSwap"", ""pool"": ""0x260e98362e0949fefff8b4de85367c035e44f734c9f8069b6ce2075ae86b45c"", ""share_of_parent"": 0.0090475292}, {""name"": ""Ekubo"", ""pool"": ""0x334a8325867eb4e77bd66deef0d6872731f5ebeb06b40e570afe3ca9689bb00"", ""share_of_parent"": 1.0}, {""name"": ""10kSwap"", ""pool"": ""0x2a6e0ecda844736c4803a385fb1372eff458c365d2325c7d4e08032c7a908f3"", ""share_of_parent"": 0.0114125853}, {""name"": ""Ekubo"", ""pool"": ""0x334a8325867eb4e77bd66deef0d6872731f5ebeb06b40e570afe3ca9689bb00"", ""share_of_parent"": 1.0}, {""name"": ""Nostra"", ""pool"": ""0x1583919ffd78e87fa28fdf6b6a805fe3ddf52f754a63721dcd4c258211129a6"", ""share_of_parent"": 0.5613050765}, {""name"": ""Ekubo"", ""pool"": ""0x334a8325867eb4e77bd66deef0d6872731f5ebeb06b40e570afe3ca9689bb00"", ""share_of_parent"": 1.0}, {""name"": ""Ekubo"", ""pool"": ""0x7dfd50ffb20b9192a67fea997bb2ecc4a35346dd6bb82b37f274c004f53c0f1"", ""share_of_parent"": 0.0745614385}, {""name"": ""10kSwap"", ""pool"": ""0x5900cfa2b50d53b097cb305d54e249e31f24f881885aae5639b0cd6af4ed298"", ""share_of_parent"": 0.037394808}, {""name"": ""Ekubo"", ""pool"": ""0x334a8325867eb4e77bd66deef0d6872731f5ebeb06b40e570afe3ca9689bb00"", ""share_of_parent"": 1.0}, {""name"": ""JediSwap"", ""pool"": ""0x45e7131d776dddc137e30bdd490b431c7144677e97bf9369f629ed8d3fb7dd6"", ""share_of_parent"": 0.0374185154}, {""name"": ""Ekubo"", ""pool"": ""0x334a8325867eb4e77bd66deef0d6872731f5ebeb06b40e570afe3ca9689bb00"", ""share_of_parent"": 1.0}, {""name"": ""Ekubo"", ""pool"": ""0x2318a6517d95ea54b451a99142fd0a18d1dccf9edf08b9a6840c7157e0b7953"", ""share_of_parent"": 0.7130103174}, {""name"": ""10kSwap"", ""pool"": ""0x23c72abdf49dffc85ae3ede714f2168ad384cc67d08524732acea90df325"", ""share_of_parent"": 0.2724049172}, {""name"": ""Ekubo"", ""pool"": ""0x334a8325867eb4e77bd66deef0d6872731f5ebeb06b40e570afe3ca9689bb00"", ""share_of_parent"": 1.0}, {""name"": ""Ekubo"", ""pool"": ""0xc25669ed8b70551736c7833dc0fde2d93d7829df3c0969aaadc642a36d4c98"", ""share_of_parent"": 0.7275950828}, {""name"": ""Ekubo"", ""pool"": ""0x334a8325867eb4e77bd66deef0d6872731f5ebeb06b40e570afe3ca9689bb00"", ""share_of_parent"": 1.0}, {""name"": ""Ekubo"", ""pool"": ""0x4519b483ae513d2c7d336bc8bdeacd7c4a3cd62116a5b108dfa115ebecf0845"", ""share_of_parent"": 0.21217635920000003}, {""name"": ""JediSwap"", ""pool"": ""0x4d0390b777b424e43839cd1e744799f3de6c176c7e32c1812a41dbd9c19db6a"", ""share_of_parent"": 0.8351421883}, {""name"": ""Ekubo"", ""pool"": ""0x334a8325867eb4e77bd66deef0d6872731f5ebeb06b40e570afe3ca9689bb00"", ""share_of_parent"": 1.0}, {""name"": ""Ekubo"", ""pool"": ""0x305a929dfbafeb094fe63430e7f14f9b43a86b29831e3f21088e345ee145d91"", ""share_of_parent"": 0.1648578117}, {""name"": ""Ekubo"", ""pool"": ""0x334a8325867eb4e77bd66deef0d6872731f5ebeb06b40e570afe3ca9689bb00"", ""share_of_parent"": 1.0}, {""name"": ""0dAMM"", ""pool"": ""0xd7b9aeed671dfd92653c682fb4a06db88fed691c5c8c7c6e74c8ef5421159c"", ""share_of_parent"": 0.0194785214}, {""name"": ""Ekubo"", ""pool"": ""0x4ffe087d21be7dc329d29721d169f5f6522a6fce624e8ac3aed285c3fb42f50"", ""share_of_parent"": 1.0}, {""name"": ""Ekubo"", ""pool"": ""0x55b5f9772697ad743ec6729541afa517c349097d1cced3abf77fa2e7307d8b9"", ""share_of_parent"": 1.0}, {""name"": ""Ekubo"", ""pool"": ""0x334a8325867eb4e77bd66deef0d6872731f5ebeb06b40e570afe3ca9689bb00"", ""share_of_parent"": 1.0}, {""name"": ""0dAMM"", ""pool"": ""0x256462984b6063ffe3d674449892577ab3777ad0ac0b2109797800914dcf1c1"", ""share_of_parent"": 0.12167033010000015}, {""name"": ""Ekubo"", ""pool"": ""0x334a8325867eb4e77bd66deef0d6872731f5ebeb06b40e570afe3ca9689bb00"", ""share_of_parent"": 1.0}]",quote-WSTETH_CURRENT-buy-100000.json
WSTETH_CURRENT,0x57912720381af14b0e5c87aa4718ed5e527eab60b3801ebf702ab09139e38b,False,sell,10,0.0,10021126,10.021126,2026-09-18T10:05:40.863167+00:00,https://starknet.api.avnu.fi/swap/v3/quotes?sellTokenAddress=0x57912720381af14b0e5c87aa4718ed5e527eab60b3801ebf702ab09139e38b&buyTokenAddress=0x033068f6539f8e6e6b131e6b2b814e6c34a5224bc66947c47dab9dfee93b35fb&sellAmount=0xb69135d0218c0&size=1,"[{""name"": ""Ekubo"", ""pool"": ""0x334a8325867eb4e77bd66deef0d6872731f5ebeb06b40e570afe3ca9689bb00"", ""share_of_parent"": 1.0}, {""name"": ""0dAMM"", ""pool"": ""0x256462984b6063ffe3d674449892577ab3777ad0ac0b2109797800914dcf1c1"", ""share_of_parent"": 1.0}]",quote-WSTETH_CURRENT-sell-10.json
WSTETH_CURRENT,0x57912720381af14b0e5c87aa4718ed5e527eab60b3801ebf702ab09139e38b,False,sell,100,0.0029447788601810743,100208309,100.208309,2026-09-18T10:05:41.519084+00:00,https://starknet.api.avnu.fi/swap/v3/quotes?sellTokenAddress=0x57912720381af14b0e5c87aa4718ed5e527eab60b3801ebf702ab09139e38b&buyTokenAddress=0x033068f6539f8e6e6b131e6b2b814e6c34a5224bc66947c47dab9dfee93b35fb&sellAmount=0x721ac1a214f783&size=1,"[{""name"": ""Ekubo"", ""pool"": ""0x334a8325867eb4e77bd66deef0d6872731f5ebeb06b40e570afe3ca9689bb00"", ""share_of_parent"": 1.0}, {""name"": ""0dAMM"", ""pool"": ""0x256462984b6063ffe3d674449892577ab3777ad0ac0b2109797800914dcf1c1"", ""share_of_parent"": 1.0}]",quote-WSTETH_CURRENT-sell-100.json
WSTETH_CURRENT,0x57912720381af14b0e5c87aa4718ed5e527eab60b3801ebf702ab09139e38b,False,sell,1000,0.032406238580373614,1001787853,1001.787853,2026-09-18T10:05:42.465009+00:00,https://starknet.api.avnu.fi/swap/v3/quotes?sellTokenAddress=0x57912720381af14b0e5c87aa4718ed5e527eab60b3801ebf702ab09139e38b&buyTokenAddress=0x033068f6539f8e6e6b131e6b2b814e6c34a5224bc66947c47dab9dfee93b35fb&sellAmount=0x4750b9054d1ab25&size=1,"[{""name"": ""Ekubo"", ""pool"": ""0x334a8325867eb4e77bd66deef0d6872731f5ebeb06b40e570afe3ca9689bb00"", ""share_of_parent"": 1.0}, {""name"": ""0dAMM"", ""pool"": ""0x256462984b6063ffe3d674449892577ab3777ad0ac0b2109797800914dcf1c1"", ""share_of_parent"": 1.0}]",quote-WSTETH_CURRENT-sell-1000.json
WSTETH_CURRENT,0x57912720381af14b0e5c87aa4718ed5e527eab60b3801ebf702ab09139e38b,False,sell,10000,0.13208332077653262,10007889764,10007.889764,2026-09-18T10:05:42.998036+00:00,https://starknet.api.avnu.fi/swap/v3/quotes?sellTokenAddress=0x57912720381af14b0e5c87aa4718ed5e527eab60b3801ebf702ab09139e38b&buyTokenAddress=0x033068f6539f8e6e6b131e6b2b814e6c34a5224bc66947c47dab9dfee93b35fb&sellAmount=0x2c9273a35030af72&size=1,"[{""name"": ""Ekubo"", ""pool"": ""0x334a8325867eb4e77bd66deef0d6872731f5ebeb06b40e570afe3ca9689bb00"", ""share_of_parent"": 1.0}, {""name"": ""Ekubo"", ""pool"": ""0x55b5f9772697ad743ec6729541afa517c349097d1cced3abf77fa2e7307d8b9"", ""share_of_parent"": 0.047259369}, {""name"": ""Ekubo"", ""pool"": ""0x59592b427f28fea4683279a034e443c03125e1159ab0b14cc29a04ecf57a443"", ""share_of_parent"": 1.0}, {""name"": ""Ekubo"", ""pool"": ""0xc25669ed8b70551736c7833dc0fde2d93d7829df3c0969aaadc642a36d4c98"", ""share_of_parent"": 0.0523434817}, {""name"": ""Ekubo"", ""pool"": ""0x3b8bb80f88207c0ed6a28b6f1152e97a8d8244b508497be52320ad1b63523d3"", ""share_of_parent"": 1.0}, {""name"": ""Ekubo"", ""pool"": ""0x160f5d987caf56d8109427919172c1e45ef366ea1d7dcf105a3c5a5e794aea3"", ""share_of_parent"": 0.5489479851}, {""name"": ""0dAMM"", ""pool"": ""0x256462984b6063ffe3d674449892577ab3777ad0ac0b2109797800914dcf1c1"", ""share_of_parent"": 0.3514491642}]",quote-WSTETH_CURRENT-sell-10000.json
WSTETH_CURRENT,0x57912720381af14b0e5c87aa4718ed5e527eab60b3801ebf702ab09139e38b,False,sell,100000,0.7945801419920295,99415001228,99415.001228,2026-09-18T10:05:43.544432+00:00,https://starknet.api.avnu.fi/swap/v3/quotes?sellTokenAddress=0x57912720381af14b0e5c87aa4718ed5e527eab60b3801ebf702ab09139e38b&buyTokenAddress=0x033068f6539f8e6e6b131e6b2b814e6c34a5224bc66947c47dab9dfee93b35fb&sellAmount=0x1bdb8846121e6da76&size=1,"[{""name"": ""Ekubo"", ""pool"": ""0x334a8325867eb4e77bd66deef0d6872731f5ebeb06b40e570afe3ca9689bb00"", ""share_of_parent"": 1.0}, {""name"": ""10kSwap"", ""pool"": ""0x23c72abdf49dffc85ae3ede714f2168ad384cc67d08524732acea90df325"", ""share_of_parent"": 0.0117067375}, {""name"": ""Ekubo"", ""pool"": ""0x3b8bb80f88207c0ed6a28b6f1152e97a8d8244b508497be52320ad1b63523d3"", ""share_of_parent"": 1.0}, {""name"": ""JediSwap"", ""pool"": ""0x4d0390b777b424e43839cd1e744799f3de6c176c7e32c1812a41dbd9c19db6a"", ""share_of_parent"": 0.012933759}, {""name"": ""Ekubo"", ""pool"": ""0x3b8bb80f88207c0ed6a28b6f1152e97a8d8244b508497be52320ad1b63523d3"", ""share_of_parent"": 1.0}, {""name"": ""Ekubo"", ""pool"": ""0x55b5f9772697ad743ec6729541afa517c349097d1cced3abf77fa2e7307d8b9"", ""share_of_parent"": 0.2709540077}, {""name"": ""Ekubo"", ""pool"": ""0x144aeb3f417951bba73dd04b237f72d611d1b2e124fdf590528f57c704990ff"", ""share_of_parent"": 0.3088676566}, {""name"": ""Ekubo"", ""pool"": ""0x2e65ce680bf9243a7d3b0c40200c015f66be7602bfe8e24a0b4bbd2f4b0997"", ""share_of_parent"": 0.5537553989}, {""name"": ""0dAMM"", ""pool"": ""0x1bfb102cbf19897dc230d4f6032f5d660454706d52944ff74ab237ee18723ec"", ""share_of_parent"": 0.4462446011}, {""name"": ""Ekubo"", ""pool"": ""0x4ffe087d21be7dc329d29721d169f5f6522a6fce624e8ac3aed285c3fb42f50"", ""share_of_parent"": 0.0418626383}, {""name"": ""0dAMM"", ""pool"": ""0xd7b9aeed671dfd92653c682fb4a06db88fed691c5c8c7c6e74c8ef5421159c"", ""share_of_parent"": 1.0}, {""name"": ""Ekubo"", ""pool"": ""0x59592b427f28fea4683279a034e443c03125e1159ab0b14cc29a04ecf57a443"", ""share_of_parent"": 0.6492697051}, {""name"": ""Ekubo"", ""pool"": ""0xc25669ed8b70551736c7833dc0fde2d93d7829df3c0969aaadc642a36d4c98"", ""share_of_parent"": 0.0875817786}, {""name"": ""Ekubo"", ""pool"": ""0x3b8bb80f88207c0ed6a28b6f1152e97a8d8244b508497be52320ad1b63523d3"", ""share_of_parent"": 1.0}, {""name"": ""Ekubo"", ""pool"": ""0x160f5d987caf56d8109427919172c1e45ef366ea1d7dcf105a3c5a5e794aea3"", ""share_of_parent"": 0.5337806087}, {""name"": ""0dAMM"", ""pool"": ""0x256462984b6063ffe3d674449892577ab3777ad0ac0b2109797800914dcf1c1"", ""share_of_parent"": 0.08304310850000002}]",quote-WSTETH_CURRENT-sell-100000.json
XSTRK,0x28d709c875c0ceac3dce7065bec5328186dc89fe254527084d1689910954b0a,False,buy,10,0.0,251453033519571697664,,2026-09-18T10:01:35.886641+00:00,https://starknet.api.avnu.fi/swap/v3/quotes?sellTokenAddress=0x033068f6539f8e6e6b131e6b2b814e6c34a5224bc66947c47dab9dfee93b35fb&buyTokenAddress=0x028d709c875C0CEAc3dCE7065beC5328186Dc89FE254527084D1689910954B0a&sellAmount=0x989680&size=1,"[{""name"": ""Ekubo"", ""pool"": ""0x160f5d987caf56d8109427919172c1e45ef366ea1d7dcf105a3c5a5e794aea3"", ""share_of_parent"": 1.0}, {""name"": ""Nostra"", ""pool"": ""0x1a2de9f2895ac4e6cb80c11ecc07ce8062a4ae883f64cb2b1dc6724b85e897d"", ""share_of_parent"": 1.0}, {""name"": ""Ekubo"", ""pool"": ""0x59cdbb680d07ea5e46718e02325cb6b41dce4889ed1b523f6780f26c280ee83"", ""share_of_parent"": 1.0}]",quote-XSTRK-buy-10.json
XSTRK,0x28d709c875c0ceac3dce7065bec5328186dc89fe254527084d1689910954b0a,False,buy,100,0.05439724752110964,2513162499905287094272,,2026-09-18T10:01:37.131346+00:00,https://starknet.api.avnu.fi/swap/v3/quotes?sellTokenAddress=0x033068f6539f8e6e6b131e6b2b814e6c34a5224bc66947c47dab9dfee93b35fb&buyTokenAddress=0x028d709c875C0CEAc3dCE7065beC5328186Dc89FE254527084D1689910954B0a&sellAmount=0x5f5e100&size=1,"[{""name"": ""Ekubo"", ""pool"": ""0x3b8bb80f88207c0ed6a28b6f1152e97a8d8244b508497be52320ad1b63523d3"", ""share_of_parent"": 1.0}, {""name"": ""Ekubo"", ""pool"": ""0xc25669ed8b70551736c7833dc0fde2d93d7829df3c0969aaadc642a36d4c98"", ""share_of_parent"": 1.0}, {""name"": ""Nostra"", ""pool"": ""0x1a2de9f2895ac4e6cb80c11ecc07ce8062a4ae883f64cb2b1dc6724b85e897d"", ""share_of_parent"": 1.0}, {""name"": ""Ekubo"", ""pool"": ""0x59cdbb680d07ea5e46718e02325cb6b41dce4889ed1b523f6780f26c280ee83"", ""share_of_parent"": 1.0}]",quote-XSTRK-buy-100.json
XSTRK,0x28d709c875c0ceac3dce7065bec5328186dc89fe254527084d1689910954b0a,False,buy,1000,0.26712825109318494,25078133142881008877568,,2026-09-18T10:01:38.199678+00:00,https://starknet.api.avnu.fi/swap/v3/quotes?sellTokenAddress=0x033068f6539f8e6e6b131e6b2b814e6c34a5224bc66947c47dab9dfee93b35fb&buyTokenAddress=0x028d709c875C0CEAc3dCE7065beC5328186Dc89FE254527084D1689910954B0a&sellAmount=0x3b9aca00&size=1,"[{""name"": ""Ekubo"", ""pool"": ""0x160f5d987caf56d8109427919172c1e45ef366ea1d7dcf105a3c5a5e794aea3"", ""share_of_parent"": 0.2436114853}, {""name"": ""Nostra"", ""pool"": ""0x1a2de9f2895ac4e6cb80c11ecc07ce8062a4ae883f64cb2b1dc6724b85e897d"", ""share_of_parent"": 1.0}, {""name"": ""Ekubo"", ""pool"": ""0x59cdbb680d07ea5e46718e02325cb6b41dce4889ed1b523f6780f26c280ee83"", ""share_of_parent"": 1.0}, {""name"": ""Ekubo"", ""pool"": ""0x5dfce41b432a59570b82182d3f9f37abf7aee04a3faebc96ac367c4cb12d313"", ""share_of_parent"": 0.3280954643}, {""name"": ""Ekubo"", ""pool"": ""0x59cdbb680d07ea5e46718e02325cb6b41dce4889ed1b523f6780f26c280ee83"", ""share_of_parent"": 1.0}, {""name"": ""0dAMM"", ""pool"": ""0xd7b9aeed671dfd92653c682fb4a06db88fed691c5c8c7c6e74c8ef5421159c"", ""share_of_parent"": 0.4282930504}, {""name"": ""Ekubo"", ""pool"": ""0x59cdbb680d07ea5e46718e02325cb6b41dce4889ed1b523f6780f26c280ee83"", ""share_of_parent"": 1.0}]",quote-XSTRK-buy-1000.json
XSTRK,0x28d709c875c0ceac3dce7065bec5328186dc89fe254527084d1689910954b0a,False,buy,10000,0.3303974507255836,250622239107050876436480,,2026-09-18T10:01:39.642681+00:00,https://starknet.api.avnu.fi/swap/v3/quotes?sellTokenAddress=0x033068f6539f8e6e6b131e6b2b814e6c34a5224bc66947c47dab9dfee93b35fb&buyTokenAddress=0x028d709c875C0CEAc3dCE7065beC5328186Dc89FE254527084D1689910954B0a&sellAmount=0x2540be400&size=1,"[{""name"": ""Ekubo"", ""pool"": ""0x59592b427f28fea4683279a034e443c03125e1159ab0b14cc29a04ecf57a443"", ""share_of_parent"": 0.0360089714}, {""name"": ""Ekubo"", ""pool"": ""0x4ffe087d21be7dc329d29721d169f5f6522a6fce624e8ac3aed285c3fb42f50"", ""share_of_parent"": 1.0}, {""name"": ""Ekubo"", ""pool"": ""0x59cdbb680d07ea5e46718e02325cb6b41dce4889ed1b523f6780f26c280ee83"", ""share_of_parent"": 1.0}, {""name"": ""Ekubo"", ""pool"": ""0x160f5d987caf56d8109427919172c1e45ef366ea1d7dcf105a3c5a5e794aea3"", ""share_of_parent"": 0.0314004987}, {""name"": ""Nostra"", ""pool"": ""0x1a2de9f2895ac4e6cb80c11ecc07ce8062a4ae883f64cb2b1dc6724b85e897d"", ""share_of_parent"": 1.0}, {""name"": ""Ekubo"", ""pool"": ""0x59cdbb680d07ea5e46718e02325cb6b41dce4889ed1b523f6780f26c280ee83"", ""share_of_parent"": 1.0}, {""name"": ""Ekubo"", ""pool"": ""0x5dfce41b432a59570b82182d3f9f37abf7aee04a3faebc96ac367c4cb12d313"", ""share_of_parent"": 0.1687007328}, {""name"": ""Ekubo"", ""pool"": ""0x59cdbb680d07ea5e46718e02325cb6b41dce4889ed1b523f6780f26c280ee83"", ""share_of_parent"": 1.0}, {""name"": ""Ekubo"", ""pool"": ""0x2e65ce680bf9243a7d3b0c40200c015f66be7602bfe8e24a0b4bbd2f4b0997"", ""share_of_parent"": 0.004678677}, {""name"": ""Ekubo"", ""pool"": ""0x70c7729dcb5b2eab110331619cdc5c7ab894ff0b604b2dd3204df40517202a5"", ""share_of_parent"": 1.0}, {""name"": ""Ekubo"", ""pool"": ""0x59cdbb680d07ea5e46718e02325cb6b41dce4889ed1b523f6780f26c280ee83"", ""share_of_parent"": 1.0}, {""name"": ""0dAMM"", ""pool"": ""0xd7b9aeed671dfd92653c682fb4a06db88fed691c5c8c7c6e74c8ef5421159c"", ""share_of_parent"": 0.7592111201}, {""name"": ""Ekubo"", ""pool"": ""0x59cdbb680d07ea5e46718e02325cb6b41dce4889ed1b523f6780f26c280ee83"", ""share_of_parent"": 1.0}]",quote-XSTRK-buy-10000.json
XSTRK,0x28d709c875c0ceac3dce7065bec5328186dc89fe254527084d1689910954b0a,False,buy,100000,2.6686907504551827,2447425296722959397814272,,2026-09-18T10:01:41.252962+00:00,https://starknet.api.avnu.fi/swap/v3/quotes?sellTokenAddress=0x033068f6539f8e6e6b131e6b2b814e6c34a5224bc66947c47dab9dfee93b35fb&buyTokenAddress=0x028d709c875C0CEAc3dCE7065beC5328186Dc89FE254527084D1689910954B0a&sellAmount=0x174876e800&size=1,"[{""name"": ""Ekubo"", ""pool"": ""0x59592b427f28fea4683279a034e443c03125e1159ab0b14cc29a04ecf57a443"", ""share_of_parent"": 0.0376483516}, {""name"": ""Ekubo"", ""pool"": ""0x4ffe087d21be7dc329d29721d169f5f6522a6fce624e8ac3aed285c3fb42f50"", ""share_of_parent"": 1.0}, {""name"": ""Endur"", ""pool"": ""0x28d709c875c0ceac3dce7065bec5328186dc89fe254527084d1689910954b0a"", ""share_of_parent"": 0.5646123715}, {""name"": ""Ekubo"", ""pool"": ""0x59cdbb680d07ea5e46718e02325cb6b41dce4889ed1b523f6780f26c280ee83"", ""share_of_parent"": 0.4353876285}, {""name"": ""Ekubo"", ""pool"": ""0x160f5d987caf56d8109427919172c1e45ef366ea1d7dcf105a3c5a5e794aea3"", ""share_of_parent"": 0.0619740259}, {""name"": ""10kSwap"", ""pool"": ""0x4ad445ffb6294d1394b3f6a5610642d37c702eaaa47346b680c6af2f102192e"", ""share_of_parent"": 0.0161336705}, {""name"": ""Endur"", ""pool"": ""0x28d709c875c0ceac3dce7065bec5328186dc89fe254527084d1689910954b0a"", ""share_of_parent"": 1.0}, {""name"": ""Ekubo"", ""pool"": ""0x2d91a3f0b1e68b0d5e6f27fb649dcaef141c4efdedb9305764fe22382fc03f0"", ""share_of_parent"": 0.5191299668}, {""name"": ""Endur"", ""pool"": ""0x28d709c875c0ceac3dce7065bec5328186dc89fe254527084d1689910954b0a"", ""share_of_parent"": 1.0}, {""name"": ""JediSwap"", ""pool"": ""0x2ed66297d146ecd91595c3174da61c1397e8b7fcecf25d423b1ba6717b0ece9"", ""share_of_parent"": 0.0151513497}, {""name"": ""Endur"", ""pool"": ""0x28d709c875c0ceac3dce7065bec5328186dc89fe254527084d1689910954b0a"", ""share_of_parent"": 1.0}, {""name"": ""StarkDefi"", ""pool"": ""0x6cbc110394329a1beb059b1da3a36e3042280f4c8cab1a1d10618e4822649ce"", ""share_of_parent"": 0.014764117}, {""name"": ""Endur"", ""pool"": ""0x28d709c875c0ceac3dce7065bec5328186dc89fe254527084d1689910954b0a"", ""share_of_parent"": 1.0}, {""name"": ""Nostra"", ""pool"": ""0x1a2de9f2895ac4e6cb80c11ecc07ce8062a4ae883f64cb2b1dc6724b85e897d"", ""share_of_parent"": 0.434820896}, {""name"": ""Endur"", ""pool"": ""0x28d709c875c0ceac3dce7065bec5328186dc89fe254527084d1689910954b0a"", ""share_of_parent"": 0.722971365}, {""name"": ""Ekubo"", ""pool"": ""0x59cdbb680d07ea5e46718e02325cb6b41dce4889ed1b523f6780f26c280ee83"", ""share_of_parent"": 0.277028635}, {""name"": ""Ekubo"", ""pool"": ""0x5dfce41b432a59570b82182d3f9f37abf7aee04a3faebc96ac367c4cb12d313"", ""share_of_parent"": 0.7284475524}, {""name"": ""Endur"", ""pool"": ""0x28d709c875c0ceac3dce7065bec5328186dc89fe254527084d1689910954b0a"", ""share_of_parent"": 0.8919562377}, {""name"": ""Ekubo"", ""pool"": ""0x59cdbb680d07ea5e46718e02325cb6b41dce4889ed1b523f6780f26c280ee83"", ""share_of_parent"": 0.10804376230000001}, {""name"": ""Ekubo"", ""pool"": ""0x2e65ce680bf9243a7d3b0c40200c015f66be7602bfe8e24a0b4bbd2f4b0997"", ""share_of_parent"": 0.0078401598}, {""name"": ""Ekubo"", ""pool"": ""0x70c7729dcb5b2eab110331619cdc5c7ab894ff0b604b2dd3204df40517202a5"", ""share_of_parent"": 1.0}, {""name"": ""Endur"", ""pool"": ""0x28d709c875c0ceac3dce7065bec5328186dc89fe254527084d1689910954b0a"", ""share_of_parent"": 0.7681900904}, {""name"": ""Ekubo"", ""pool"": ""0x59cdbb680d07ea5e46718e02325cb6b41dce4889ed1b523f6780f26c280ee83"", ""share_of_parent"": 0.2318099096}, {""name"": ""0dAMM"", ""pool"": ""0xd7b9aeed671dfd92653c682fb4a06db88fed691c5c8c7c6e74c8ef5421159c"", ""share_of_parent"": 0.124077922}, {""name"": ""Ekubo"", ""pool"": ""0x59cdbb680d07ea5e46718e02325cb6b41dce4889ed1b523f6780f26c280ee83"", ""share_of_parent"": 1.0}, {""name"": ""Ekubo(Oracle)"", ""pool"": ""0x11c6618b5abc3c0a95cbc7f33c9c52ae0598862a6b7a2f3d64e90e833d8b854"", ""share_of_parent"": 0.001064935}, {""name"": ""Ekubo(Oracle)"", ""pool"": ""0xbc670cdb0ba806fd70697ca13b592c000e34fbfb92cc0a3a25eda97bb4f647"", ""share_of_parent"": 1.0}, {""name"": ""Endur"", ""pool"": ""0x28d709c875c0ceac3dce7065bec5328186dc89fe254527084d1689910954b0a"", ""share_of_parent"": 1.0}, {""name"": ""0dAMM"", ""pool"": ""0x256462984b6063ffe3d674449892577ab3777ad0ac0b2109797800914dcf1c1"", ""share_of_parent"": 0.0259440559}, {""name"": ""Ekubo"", ""pool"": ""0x2d91a3f0b1e68b0d5e6f27fb649dcaef141c4efdedb9305764fe22382fc03f0"", ""share_of_parent"": 0.6970683544}, {""name"": ""Endur"", ""pool"": ""0x28d709c875c0ceac3dce7065bec5328186dc89fe254527084d1689910954b0a"", ""share_of_parent"": 1.0}, {""name"": ""Nostra"", ""pool"": ""0x1a2de9f2895ac4e6cb80c11ecc07ce8062a4ae883f64cb2b1dc6724b85e897d"", ""share_of_parent"": 0.3029316456}, {""name"": ""Endur"", ""pool"": ""0x28d709c875c0ceac3dce7065bec5328186dc89fe254527084d1689910954b0a"", ""share_of_parent"": 0.7788325047}, {""name"": ""Ekubo"", ""pool"": ""0x59cdbb680d07ea5e46718e02325cb6b41dce4889ed1b523f6780f26c280ee83"", ""share_of_parent"": 0.22116749530000002}, {""name"": ""0dAMM"", ""pool"": ""0x1bfb102cbf19897dc230d4f6032f5d660454706d52944ff74ab237ee18723ec"", ""share_of_parent"": 0.013002997399999923}, {""name"": ""Ekubo"", ""pool"": ""0x70c7729dcb5b2eab110331619cdc5c7ab894ff0b604b2dd3204df40517202a5"", ""share_of_parent"": 1.0}, {""name"": ""Endur"", ""pool"": ""0x28d709c875c0ceac3dce7065bec5328186dc89fe254527084d1689910954b0a"", ""share_of_parent"": 1.0}]",quote-XSTRK-buy-100000.json
XSTRK,0x28d709c875c0ceac3dce7065bec5328186dc89fe254527084d1689910954b0a,False,sell,10,0.0,9645980,9.64598,2026-09-18T10:05:24.367567+00:00,https://starknet.api.avnu.fi/swap/v3/quotes?sellTokenAddress=0x28d709c875c0ceac3dce7065bec5328186dc89fe254527084d1689910954b0a&buyTokenAddress=0x033068f6539f8e6e6b131e6b2b814e6c34a5224bc66947c47dab9dfee93b35fb&sellAmount=0xd248caf46d9c99676&size=1,"[{""name"": ""Ekubo"", ""pool"": ""0x59cdbb680d07ea5e46718e02325cb6b41dce4889ed1b523f6780f26c280ee83"", ""share_of_parent"": 1.0}, {""name"": ""10kSwap"", ""pool"": ""0x4ad445ffb6294d1394b3f6a5610642d37c702eaaa47346b680c6af2f102192e"", ""share_of_parent"": 1.0}, {""name"": ""0dAMM"", ""pool"": ""0x256462984b6063ffe3d674449892577ab3777ad0ac0b2109797800914dcf1c1"", ""share_of_parent"": 1.0}]",quote-XSTRK-sell-10.json
XSTRK,0x28d709c875c0ceac3dce7065bec5328186dc89fe254527084d1689910954b0a,False,sell,100,0.18821830441282383,96278245,96.278245,2026-09-18T10:05:24.832009+00:00,https://starknet.api.avnu.fi/swap/v3/quotes?sellTokenAddress=0x28d709c875c0ceac3dce7065bec5328186dc89fe254527084d1689910954b0a&buyTokenAddress=0x033068f6539f8e6e6b131e6b2b814e6c34a5224bc66947c47dab9dfee93b35fb&sellAmount=0x836d7ed8c481dfe0a5&size=1,"[{""name"": ""Ekubo"", ""pool"": ""0x59cdbb680d07ea5e46718e02325cb6b41dce4889ed1b523f6780f26c280ee83"", ""share_of_parent"": 1.0}, {""name"": ""0dAMM"", ""pool"": ""0xd7b9aeed671dfd92653c682fb4a06db88fed691c5c8c7c6e74c8ef5421159c"", ""share_of_parent"": 1.0}]",quote-XSTRK-sell-100.json
XSTRK,0x28d709c875c0ceac3dce7065bec5328186dc89fe254527084d1689910954b0a,False,sell,1000,0.27341928969373264,961960603,961.960603,2026-09-18T10:05:25.357172+00:00,https://starknet.api.avnu.fi/swap/v3/quotes?sellTokenAddress=0x28d709c875c0ceac3dce7065bec5328186dc89fe254527084d1689910954b0a&buyTokenAddress=0x033068f6539f8e6e6b131e6b2b814e6c34a5224bc66947c47dab9dfee93b35fb&sellAmount=0x52246f477ad12bec675&size=1,"[{""name"": ""Ekubo"", ""pool"": ""0x59cdbb680d07ea5e46718e02325cb6b41dce4889ed1b523f6780f26c280ee83"", ""share_of_parent"": 1.0}, {""name"": ""Ekubo"", ""pool"": ""0x4ffe087d21be7dc329d29721d169f5f6522a6fce624e8ac3aed285c3fb42f50"", ""share_of_parent"": 1.0}, {""name"": ""Ekubo"", ""pool"": ""0x55b5f9772697ad743ec6729541afa517c349097d1cced3abf77fa2e7307d8b9"", ""share_of_parent"": 1.0}, {""name"": ""0dAMM"", ""pool"": ""0x256462984b6063ffe3d674449892577ab3777ad0ac0b2109797800914dcf1c1"", ""share_of_parent"": 1.0}]",quote-XSTRK-sell-1000.json
XSTRK,0x28d709c875c0ceac3dce7065bec5328186dc89fe254527084d1689910954b0a,False,sell,10000,0.3577770325047358,9611468899,9611.468899,2026-09-18T10:05:25.924910+00:00,https://starknet.api.avnu.fi/swap/v3/quotes?sellTokenAddress=0x28d709c875c0ceac3dce7065bec5328186dc89fe254527084d1689910954b0a&buyTokenAddress=0x033068f6539f8e6e6b131e6b2b814e6c34a5224bc66947c47dab9dfee93b35fb&sellAmount=0x3356c58cacc2bb73c093&size=1,"[{""name"": ""Ekubo"", ""pool"": ""0x59cdbb680d07ea5e46718e02325cb6b41dce4889ed1b523f6780f26c280ee83"", ""share_of_parent"": 1.0}, {""name"": ""Ekubo"", ""pool"": ""0x4ffe087d21be7dc329d29721d169f5f6522a6fce624e8ac3aed285c3fb42f50"", ""share_of_parent"": 0.2823221501}, {""name"": ""Ekubo"", ""pool"": ""0x55b5f9772697ad743ec6729541afa517c349097d1cced3abf77fa2e7307d8b9"", ""share_of_parent"": 0.5910297825}, {""name"": ""0dAMM"", ""pool"": ""0x256462984b6063ffe3d674449892577ab3777ad0ac0b2109797800914dcf1c1"", ""share_of_parent"": 1.0}, {""name"": ""Ekubo"", ""pool"": ""0x59592b427f28fea4683279a034e443c03125e1159ab0b14cc29a04ecf57a443"", ""share_of_parent"": 0.4089702175}, {""name"": ""Ekubo"", ""pool"": ""0x2d91a3f0b1e68b0d5e6f27fb649dcaef141c4efdedb9305764fe22382fc03f0"", ""share_of_parent"": 0.0006985462}, {""name"": ""Ekubo"", ""pool"": ""0x160f5d987caf56d8109427919172c1e45ef366ea1d7dcf105a3c5a5e794aea3"", ""share_of_parent"": 1.0}, {""name"": ""Ekubo"", ""pool"": ""0x5dfce41b432a59570b82182d3f9f37abf7aee04a3faebc96ac367c4cb12d313"", ""share_of_parent"": 0.1628783102}, {""name"": ""0dAMM"", ""pool"": ""0xd7b9aeed671dfd92653c682fb4a06db88fed691c5c8c7c6e74c8ef5421159c"", ""share_of_parent"": 0.5541009935}]",quote-XSTRK-sell-10000.json
XSTRK,0x28d709c875c0ceac3dce7065bec5328186dc89fe254527084d1689910954b0a,False,sell,100000,0.6761058679366938,95807629632,95807.629632,2026-09-18T10:05:26.885352+00:00,https://starknet.api.avnu.fi/swap/v3/quotes?sellTokenAddress=0x28d709c875c0ceac3dce7065bec5328186dc89fe254527084d1689910954b0a&buyTokenAddress=0x033068f6539f8e6e6b131e6b2b814e6c34a5224bc66947c47dab9dfee93b35fb&sellAmount=0x20163b77ebf9b528585c3&size=1,"[{""name"": ""Ekubo"", ""pool"": ""0x59cdbb680d07ea5e46718e02325cb6b41dce4889ed1b523f6780f26c280ee83"", ""share_of_parent"": 1.0}, {""name"": ""Ekubo"", ""pool"": ""0x4ffe087d21be7dc329d29721d169f5f6522a6fce624e8ac3aed285c3fb42f50"", ""share_of_parent"": 0.6928476178}, {""name"": ""Ekubo"", ""pool"": ""0x144aeb3f417951bba73dd04b237f72d611d1b2e124fdf590528f57c704990ff"", ""share_of_parent"": 0.1845638051}, {""name"": ""Ekubo"", ""pool"": ""0x2e65ce680bf9243a7d3b0c40200c015f66be7602bfe8e24a0b4bbd2f4b0997"", ""share_of_parent"": 0.6272856281}, {""name"": ""0dAMM"", ""pool"": ""0x1bfb102cbf19897dc230d4f6032f5d660454706d52944ff74ab237ee18723ec"", ""share_of_parent"": 0.3727143719}, {""name"": ""Ekubo"", ""pool"": ""0x55b5f9772697ad743ec6729541afa517c349097d1cced3abf77fa2e7307d8b9"", ""share_of_parent"": 0.3169926927}, {""name"": ""Ekubo"", ""pool"": ""0x160f5d987caf56d8109427919172c1e45ef366ea1d7dcf105a3c5a5e794aea3"", ""share_of_parent"": 0.6054211341}, {""name"": ""0dAMM"", ""pool"": ""0x256462984b6063ffe3d674449892577ab3777ad0ac0b2109797800914dcf1c1"", ""share_of_parent"": 0.3945788659}, {""name"": ""Ekubo"", ""pool"": ""0x59592b427f28fea4683279a034e443c03125e1159ab0b14cc29a04ecf57a443"", ""share_of_parent"": 0.4984435022}, {""name"": ""Ekubo"", ""pool"": ""0x5dfce41b432a59570b82182d3f9f37abf7aee04a3faebc96ac367c4cb12d313"", ""share_of_parent"": 0.1231447085}, {""name"": ""0dAMM"", ""pool"": ""0xd7b9aeed671dfd92653c682fb4a06db88fed691c5c8c7c6e74c8ef5421159c"", ""share_of_parent"": 0.1840076736999999}]",quote-XSTRK-sell-100000.json
CONVERSION_XSTRK,0x28d709c875c0ceac3dce7065bec5328186dc89fe254527084d1689910954b0a,False,buy,10,0.0,251456482391575560192,,2026-09-18T10:08:32.778076+00:00,https://starknet.api.avnu.fi/swap/v3/quotes?sellTokenAddress=0x033068f6539f8e6e6b131e6b2b814e6c34a5224bc66947c47dab9dfee93b35fb&buyTokenAddress=0x28d709c875c0ceac3dce7065bec5328186dc89fe254527084d1689910954b0a&sellAmount=0x989680&size=1,"[{""name"": ""0dAMM"", ""pool"": ""0xd7b9aeed671dfd92653c682fb4a06db88fed691c5c8c7c6e74c8ef5421159c"", ""share_of_parent"": 1.0}, {""name"": ""Ekubo"", ""pool"": ""0x59cdbb680d07ea5e46718e02325cb6b41dce4889ed1b523f6780f26c280ee83"", ""share_of_parent"": 1.0}]",quote-CONVERSION_XSTRK-buy-10.json
CONVERSION_XSTRK,0x28d709c875c0ceac3dce7065bec5328186dc89fe254527084d1689910954b0a,False,buy,100,0.004460372801795565,2514452664950266003456,,2026-09-18T10:08:34.649507+00:00,https://starknet.api.avnu.fi/swap/v3/quotes?sellTokenAddress=0x033068f6539f8e6e6b131e6b2b814e6c34a5224bc66947c47dab9dfee93b35fb&buyTokenAddress=0x28d709c875c0ceac3dce7065bec5328186dc89fe254527084d1689910954b0a&sellAmount=0x5f5e100&size=1,"[{""name"": ""0dAMM"", ""pool"": ""0xd7b9aeed671dfd92653c682fb4a06db88fed691c5c8c7c6e74c8ef5421159c"", ""share_of_parent"": 1.0}, {""name"": ""Ekubo"", ""pool"": ""0x59cdbb680d07ea5e46718e02325cb6b41dce4889ed1b523f6780f26c280ee83"", ""share_of_parent"": 1.0}]",quote-CONVERSION_XSTRK-buy-100.json
CONVERSION_XSTRK,0x28d709c875c0ceac3dce7065bec5328186dc89fe254527084d1689910954b0a,False,buy,1000,-0.09639114424424555,25169886417222914539520,,2026-09-18T10:08:36.447603+00:00,https://starknet.api.avnu.fi/swap/v3/quotes?sellTokenAddress=0x033068f6539f8e6e6b131e6b2b814e6c34a5224bc66947c47dab9dfee93b35fb&buyTokenAddress=0x28d709c875c0ceac3dce7065bec5328186dc89fe254527084d1689910954b0a&sellAmount=0x3b9aca00&size=1,"[{""name"": ""0dAMM"", ""pool"": ""0xd7b9aeed671dfd92653c682fb4a06db88fed691c5c8c7c6e74c8ef5421159c"", ""share_of_parent"": 1.0}, {""name"": ""Ekubo"", ""pool"": ""0x59cdbb680d07ea5e46718e02325cb6b41dce4889ed1b523f6780f26c280ee83"", ""share_of_parent"": 1.0}]",quote-CONVERSION_XSTRK-buy-1000.json
CONVERSION_XSTRK,0x28d709c875c0ceac3dce7065bec5328186dc89fe254527084d1689910954b0a,False,buy,10000,0.15194456431132375,251074407934973085483008,,2026-09-18T10:08:39.591820+00:00,https://starknet.api.avnu.fi/swap/v3/quotes?sellTokenAddress=0x033068f6539f8e6e6b131e6b2b814e6c34a5224bc66947c47dab9dfee93b35fb&buyTokenAddress=0x28d709c875c0ceac3dce7065bec5328186dc89fe254527084d1689910954b0a&sellAmount=0x2540be400&size=1,"[{""name"": ""Ekubo"", ""pool"": ""0x59592b427f28fea4683279a034e443c03125e1159ab0b14cc29a04ecf57a443"", ""share_of_parent"": 0.0367745558}, {""name"": ""Ekubo"", ""pool"": ""0x4ffe087d21be7dc329d29721d169f5f6522a6fce624e8ac3aed285c3fb42f50"", ""share_of_parent"": 1.0}, {""name"": ""Ekubo"", ""pool"": ""0x59cdbb680d07ea5e46718e02325cb6b41dce4889ed1b523f6780f26c280ee83"", ""share_of_parent"": 1.0}, {""name"": ""Ekubo"", ""pool"": ""0x5dfce41b432a59570b82182d3f9f37abf7aee04a3faebc96ac367c4cb12d313"", ""share_of_parent"": 0.20875446}, {""name"": ""Ekubo"", ""pool"": ""0x59cdbb680d07ea5e46718e02325cb6b41dce4889ed1b523f6780f26c280ee83"", ""share_of_parent"": 1.0}, {""name"": ""0dAMM"", ""pool"": ""0xd7b9aeed671dfd92653c682fb4a06db88fed691c5c8c7c6e74c8ef5421159c"", ""share_of_parent"": 0.7544709842}, {""name"": ""Ekubo"", ""pool"": ""0x59cdbb680d07ea5e46718e02325cb6b41dce4889ed1b523f6780f26c280ee83"", ""share_of_parent"": 1.0}]",quote-CONVERSION_XSTRK-buy-10000.json
CONVERSION_XSTRK,0x28d709c875c0ceac3dce7065bec5328186dc89fe254527084d1689910954b0a,False,buy,100000,2.4083612392145515,2454005019361645080608768,,2026-09-18T10:08:42.118140+00:00,https://starknet.api.avnu.fi/swap/v3/quotes?sellTokenAddress=0x033068f6539f8e6e6b131e6b2b814e6c34a5224bc66947c47dab9dfee93b35fb&buyTokenAddress=0x28d709c875c0ceac3dce7065bec5328186dc89fe254527084d1689910954b0a&sellAmount=0x174876e800&size=1,"[{""name"": ""Ekubo"", ""pool"": ""0x59592b427f28fea4683279a034e443c03125e1159ab0b14cc29a04ecf57a443"", ""share_of_parent"": 0.0645802046}, {""name"": ""Ekubo"", ""pool"": ""0x4ffe087d21be7dc329d29721d169f5f6522a6fce624e8ac3aed285c3fb42f50"", ""share_of_parent"": 1.0}, {""name"": ""Endur"", ""pool"": ""0x28d709c875c0ceac3dce7065bec5328186dc89fe254527084d1689910954b0a"", ""share_of_parent"": 0.4729817468}, {""name"": ""Ekubo"", ""pool"": ""0x59cdbb680d07ea5e46718e02325cb6b41dce4889ed1b523f6780f26c280ee83"", ""share_of_parent"": 0.5270182532}, {""name"": ""Ekubo"", ""pool"": ""0x160f5d987caf56d8109427919172c1e45ef366ea1d7dcf105a3c5a5e794aea3"", ""share_of_parent"": 0.0738831382}, {""name"": ""Ekubo"", ""pool"": ""0x2d91a3f0b1e68b0d5e6f27fb649dcaef141c4efdedb9305764fe22382fc03f0"", ""share_of_parent"": 0.5742503454}, {""name"": ""Endur"", ""pool"": ""0x28d709c875c0ceac3dce7065bec5328186dc89fe254527084d1689910954b0a"", ""share_of_parent"": 0.9870276532}, {""name"": ""Ekubo"", ""pool"": ""0x59cdbb680d07ea5e46718e02325cb6b41dce4889ed1b523f6780f26c280ee83"", ""share_of_parent"": 0.012972346800000008}, {""name"": ""Nostra"", ""pool"": ""0x1a2de9f2895ac4e6cb80c11ecc07ce8062a4ae883f64cb2b1dc6724b85e897d"", ""share_of_parent"": 0.4257496546}, {""name"": ""Ekubo"", ""pool"": ""0x59cdbb680d07ea5e46718e02325cb6b41dce4889ed1b523f6780f26c280ee83"", ""share_of_parent"": 1.0}, {""name"": ""Ekubo"", ""pool"": ""0x5dfce41b432a59570b82182d3f9f37abf7aee04a3faebc96ac367c4cb12d313"", ""share_of_parent"": 0.7082534958}, {""name"": ""Endur"", ""pool"": ""0x28d709c875c0ceac3dce7065bec5328186dc89fe254527084d1689910954b0a"", ""share_of_parent"": 0.8684152439}, {""name"": ""Ekubo"", ""pool"": ""0x59cdbb680d07ea5e46718e02325cb6b41dce4889ed1b523f6780f26c280ee83"", ""share_of_parent"": 0.1315847561}, {""name"": ""Ekubo"", ""pool"": ""0x2e65ce680bf9243a7d3b0c40200c015f66be7602bfe8e24a0b4bbd2f4b0997"", ""share_of_parent"": 0.0164188248}, {""name"": ""Ekubo"", ""pool"": ""0x70c7729dcb5b2eab110331619cdc5c7ab894ff0b604b2dd3204df40517202a5"", ""share_of_parent"": 1.0}, {""name"": ""Endur"", ""pool"": ""0x28d709c875c0ceac3dce7065bec5328186dc89fe254527084d1689910954b0a"", ""share_of_parent"": 0.9667849921}, {""name"": ""Ekubo"", ""pool"": ""0x59cdbb680d07ea5e46718e02325cb6b41dce4889ed1b523f6780f26c280ee83"", ""share_of_parent"": 0.03321500790000001}, {""name"": ""0dAMM"", ""pool"": ""0xd7b9aeed671dfd92653c682fb4a06db88fed691c5c8c7c6e74c8ef5421159c"", ""share_of_parent"": 0.1276759393}, {""name"": ""Endur"", ""pool"": ""0x28d709c875c0ceac3dce7065bec5328186dc89fe254527084d1689910954b0a"", ""share_of_parent"": 0.0043676858}, {""name"": ""Ekubo"", ""pool"": ""0x59cdbb680d07ea5e46718e02325cb6b41dce4889ed1b523f6780f26c280ee83"", ""share_of_parent"": 0.9956323142}, {""name"": ""0dAMM"", ""pool"": ""0x256462984b6063ffe3d674449892577ab3777ad0ac0b2109797800914dcf1c1"", ""share_of_parent"": 0.0005570313}, {""name"": ""Ekubo"", ""pool"": ""0x2d91a3f0b1e68b0d5e6f27fb649dcaef141c4efdedb9305764fe22382fc03f0"", ""share_of_parent"": 1.0}, {""name"": ""Ekubo"", ""pool"": ""0x59cdbb680d07ea5e46718e02325cb6b41dce4889ed1b523f6780f26c280ee83"", ""share_of_parent"": 1.0}, {""name"": ""0dAMM"", ""pool"": ""0x1bfb102cbf19897dc230d4f6032f5d660454706d52944ff74ab237ee18723ec"", ""share_of_parent"": 0.008631366000000135}, {""name"": ""Ekubo"", ""pool"": ""0x70c7729dcb5b2eab110331619cdc5c7ab894ff0b604b2dd3204df40517202a5"", ""share_of_parent"": 1.0}, {""name"": ""Ekubo"", ""pool"": ""0x59cdbb680d07ea5e46718e02325cb6b41dce4889ed1b523f6780f26c280ee83"", ""share_of_parent"": 1.0}]",quote-CONVERSION_XSTRK-buy-100000.json
CONVERSION_XSTRK,0x28d709c875c0ceac3dce7065bec5328186dc89fe254527084d1689910954b0a,False,sell,10,0.0,9934939,9.934939,2026-09-18T10:08:33.679668+00:00,https://starknet.api.avnu.fi/swap/v3/quotes?sellTokenAddress=0x28d709c875c0ceac3dce7065bec5328186dc89fe254527084d1689910954b0a&buyTokenAddress=0x033068f6539f8e6e6b131e6b2b814e6c34a5224bc66947c47dab9dfee93b35fb&sellAmount=0xd899abe1667389e2c&size=1,"[{""name"": ""Ekubo"", ""pool"": ""0x59cdbb680d07ea5e46718e02325cb6b41dce4889ed1b523f6780f26c280ee83"", ""share_of_parent"": 1.0}, {""name"": ""10kSwap"", ""pool"": ""0x4ad445ffb6294d1394b3f6a5610642d37c702eaaa47346b680c6af2f102192e"", ""share_of_parent"": 1.0}, {""name"": ""0dAMM"", ""pool"": ""0x256462984b6063ffe3d674449892577ab3777ad0ac0b2109797800914dcf1c1"", ""share_of_parent"": 1.0}]",quote-CONVERSION_XSTRK-sell-10.json
CONVERSION_XSTRK,0x28d709c875c0ceac3dce7065bec5328186dc89fe254527084d1689910954b0a,False,sell,100,0.155058828242427,99195340,99.19534,2026-09-18T10:08:35.714948+00:00,https://starknet.api.avnu.fi/swap/v3/quotes?sellTokenAddress=0x28d709c875c0ceac3dce7065bec5328186dc89fe254527084d1689910954b0a&buyTokenAddress=0x033068f6539f8e6e6b131e6b2b814e6c34a5224bc66947c47dab9dfee93b35fb&sellAmount=0x87600b6ce008362dbb&size=1,"[{""name"": ""Ekubo"", ""pool"": ""0x59cdbb680d07ea5e46718e02325cb6b41dce4889ed1b523f6780f26c280ee83"", ""share_of_parent"": 1.0}, {""name"": ""Ekubo"", ""pool"": ""0x70c7729dcb5b2eab110331619cdc5c7ab894ff0b604b2dd3204df40517202a5"", ""share_of_parent"": 0.4424269462}, {""name"": ""Ekubo"", ""pool"": ""0x2e65ce680bf9243a7d3b0c40200c015f66be7602bfe8e24a0b4bbd2f4b0997"", ""share_of_parent"": 1.0}, {""name"": ""Ekubo"", ""pool"": ""0x5dfce41b432a59570b82182d3f9f37abf7aee04a3faebc96ac367c4cb12d313"", ""share_of_parent"": 0.5575730538}]",quote-CONVERSION_XSTRK-sell-100.json
CONVERSION_XSTRK,0x28d709c875c0ceac3dce7065bec5328186dc89fe254527084d1689910954b0a,False,sell,1000,0.3034771527032021,990478873,990.478873,2026-09-18T10:08:38.460889+00:00,https://starknet.api.avnu.fi/swap/v3/quotes?sellTokenAddress=0x28d709c875c0ceac3dce7065bec5328186dc89fe254527084d1689910954b0a&buyTokenAddress=0x033068f6539f8e6e6b131e6b2b814e6c34a5224bc66947c47dab9dfee93b35fb&sellAmount=0x549c07240c0521dc957&size=1,"[{""name"": ""Ekubo"", ""pool"": ""0x59cdbb680d07ea5e46718e02325cb6b41dce4889ed1b523f6780f26c280ee83"", ""share_of_parent"": 1.0}, {""name"": ""Ekubo"", ""pool"": ""0x4ffe087d21be7dc329d29721d169f5f6522a6fce624e8ac3aed285c3fb42f50"", ""share_of_parent"": 0.6604808533}, {""name"": ""Ekubo"", ""pool"": ""0x59592b427f28fea4683279a034e443c03125e1159ab0b14cc29a04ecf57a443"", ""share_of_parent"": 1.0}, {""name"": ""Ekubo"", ""pool"": ""0x5dfce41b432a59570b82182d3f9f37abf7aee04a3faebc96ac367c4cb12d313"", ""share_of_parent"": 0.3395191467}]",quote-CONVERSION_XSTRK-sell-1000.json
CONVERSION_XSTRK,0x28d709c875c0ceac3dce7065bec5328186dc89fe254527084d1689910954b0a,False,sell,10000,0.37586845777312083,9897596698,9897.596698,2026-09-18T10:08:41.352159+00:00,https://starknet.api.avnu.fi/swap/v3/quotes?sellTokenAddress=0x28d709c875c0ceac3dce7065bec5328186dc89fe254527084d1689910954b0a&buyTokenAddress=0x033068f6539f8e6e6b131e6b2b814e6c34a5224bc66947c47dab9dfee93b35fb&sellAmount=0x34e1847687833529dd6c&size=1,"[{""name"": ""Ekubo"", ""pool"": ""0x59cdbb680d07ea5e46718e02325cb6b41dce4889ed1b523f6780f26c280ee83"", ""share_of_parent"": 1.0}, {""name"": ""Ekubo"", ""pool"": ""0x4ffe087d21be7dc329d29721d169f5f6522a6fce624e8ac3aed285c3fb42f50"", ""share_of_parent"": 1.0}, {""name"": ""Ekubo"", ""pool"": ""0x144aeb3f417951bba73dd04b237f72d611d1b2e124fdf590528f57c704990ff"", ""share_of_parent"": 0.2896263044}, {""name"": ""Ekubo"", ""pool"": ""0x2e65ce680bf9243a7d3b0c40200c015f66be7602bfe8e24a0b4bbd2f4b0997"", ""share_of_parent"": 0.4692241368}, {""name"": ""0dAMM"", ""pool"": ""0x1bfb102cbf19897dc230d4f6032f5d660454706d52944ff74ab237ee18723ec"", ""share_of_parent"": 0.5307758632}, {""name"": ""Ekubo"", ""pool"": ""0x55b5f9772697ad743ec6729541afa517c349097d1cced3abf77fa2e7307d8b9"", ""share_of_parent"": 0.1077787853}, {""name"": ""Ekubo"", ""pool"": ""0x160f5d987caf56d8109427919172c1e45ef366ea1d7dcf105a3c5a5e794aea3"", ""share_of_parent"": 1.0}, {""name"": ""Ekubo"", ""pool"": ""0x59592b427f28fea4683279a034e443c03125e1159ab0b14cc29a04ecf57a443"", ""share_of_parent"": 0.6025949103}]",quote-CONVERSION_XSTRK-sell-10000.json
CONVERSION_XSTRK,0x28d709c875c0ceac3dce7065bec5328186dc89fe254527084d1689910954b0a,False,sell,100000,0.7197120908341792,98634360428,98634.360428,2026-09-18T10:08:42.657867+00:00,https://starknet.api.avnu.fi/swap/v3/quotes?sellTokenAddress=0x28d709c875c0ceac3dce7065bec5328186dc89fe254527084d1689910954b0a&buyTokenAddress=0x033068f6539f8e6e6b131e6b2b814e6c34a5224bc66947c47dab9dfee93b35fb&sellAmount=0x210cf2ca14b2013a2a640&size=1,"[{""name"": ""Ekubo"", ""pool"": ""0x59cdbb680d07ea5e46718e02325cb6b41dce4889ed1b523f6780f26c280ee83"", ""share_of_parent"": 1.0}, {""name"": ""Ekubo"", ""pool"": ""0x4ffe087d21be7dc329d29721d169f5f6522a6fce624e8ac3aed285c3fb42f50"", ""share_of_parent"": 0.6987989278}, {""name"": ""Ekubo"", ""pool"": ""0x144aeb3f417951bba73dd04b237f72d611d1b2e124fdf590528f57c704990ff"", ""share_of_parent"": 0.2206254825}, {""name"": ""Ekubo"", ""pool"": ""0x2e65ce680bf9243a7d3b0c40200c015f66be7602bfe8e24a0b4bbd2f4b0997"", ""share_of_parent"": 0.6319830342}, {""name"": ""0dAMM"", ""pool"": ""0x1bfb102cbf19897dc230d4f6032f5d660454706d52944ff74ab237ee18723ec"", ""share_of_parent"": 0.3680169658}, {""name"": ""Ekubo"", ""pool"": ""0x55b5f9772697ad743ec6729541afa517c349097d1cced3abf77fa2e7307d8b9"", ""share_of_parent"": 0.2938512158}, {""name"": ""Ekubo"", ""pool"": ""0x160f5d987caf56d8109427919172c1e45ef366ea1d7dcf105a3c5a5e794aea3"", ""share_of_parent"": 0.610988224}, {""name"": ""0dAMM"", ""pool"": ""0x256462984b6063ffe3d674449892577ab3777ad0ac0b2109797800914dcf1c1"", ""share_of_parent"": 0.38901177600000003}, {""name"": ""Ekubo"", ""pool"": ""0x59592b427f28fea4683279a034e443c03125e1159ab0b14cc29a04ecf57a443"", ""share_of_parent"": 0.4855233017}, {""name"": ""Ekubo"", ""pool"": ""0x5dfce41b432a59570b82182d3f9f37abf7aee04a3faebc96ac367c4cb12d313"", ""share_of_parent"": 0.1361694037}, {""name"": ""0dAMM"", ""pool"": ""0xd7b9aeed671dfd92653c682fb4a06db88fed691c5c8c7c6e74c8ef5421159c"", ""share_of_parent"": 0.1650316685}]",quote-CONVERSION_XSTRK-sell-100000.json
CONVERSION_XSBTC,0x580f3dc564a7b82f21d40d404b3842d490ae7205e6ac07b1b7af2b4a5183dc9,True,buy,10,0.0,126753208506109,,2026-09-18T10:08:32.010702+00:00,https://starknet.api.avnu.fi/swap/v3/quotes?sellTokenAddress=0x033068f6539f8e6e6b131e6b2b814e6c34a5224bc66947c47dab9dfee93b35fb&buyTokenAddress=0x580f3dc564a7b82f21d40d404b3842d490ae7205e6ac07b1b7af2b4a5183dc9&sellAmount=0x989680&size=1,"[{""name"": ""0dAMM"", ""pool"": ""0xd7b9aeed671dfd92653c682fb4a06db88fed691c5c8c7c6e74c8ef5421159c"", ""share_of_parent"": 1.0}, {""name"": ""Ekubo"", ""pool"": ""0x4ffe087d21be7dc329d29721d169f5f6522a6fce624e8ac3aed285c3fb42f50"", ""share_of_parent"": 1.0}, {""name"": ""Ekubo"", ""pool"": ""0x68fe946d96992957681c3c2b1204fda2026a22a907fe4b16c409a54012ca716"", ""share_of_parent"": 1.0}, {""name"": ""Ekubo"", ""pool"": ""0x36e80c6e619727bee646f3218267092f34407e80a780e5672bb857a2ca207c8"", ""share_of_parent"": 1.0}]",quote-CONVERSION_XSBTC-buy-10.json
CONVERSION_XSBTC,0x580f3dc564a7b82f21d40d404b3842d490ae7205e6ac07b1b7af2b4a5183dc9,True,buy,100,0.07527923789787394,1266577896567345,,2026-09-18T10:08:33.964466+00:00,https://starknet.api.avnu.fi/swap/v3/quotes?sellTokenAddress=0x033068f6539f8e6e6b131e6b2b814e6c34a5224bc66947c47dab9dfee93b35fb&buyTokenAddress=0x580f3dc564a7b82f21d40d404b3842d490ae7205e6ac07b1b7af2b4a5183dc9&sellAmount=0x5f5e100&size=1,"[{""name"": ""0dAMM"", ""pool"": ""0xd7b9aeed671dfd92653c682fb4a06db88fed691c5c8c7c6e74c8ef5421159c"", ""share_of_parent"": 1.0}, {""name"": ""Ekubo"", ""pool"": ""0x4ffe087d21be7dc329d29721d169f5f6522a6fce624e8ac3aed285c3fb42f50"", ""share_of_parent"": 1.0}, {""name"": ""Ekubo"", ""pool"": ""0x68fe946d96992957681c3c2b1204fda2026a22a907fe4b16c409a54012ca716"", ""share_of_parent"": 1.0}, {""name"": ""Ekubo"", ""pool"": ""0x36e80c6e619727bee646f3218267092f34407e80a780e5672bb857a2ca207c8"", ""share_of_parent"": 1.0}]",quote-CONVERSION_XSBTC-buy-100.json
CONVERSION_XSBTC,0x580f3dc564a7b82f21d40d404b3842d490ae7205e6ac07b1b7af2b4a5183dc9,True,buy,1000,1.4037035070509019,12497396927300920,,2026-09-18T10:08:36.735833+00:00,https://starknet.api.avnu.fi/swap/v3/quotes?sellTokenAddress=0x033068f6539f8e6e6b131e6b2b814e6c34a5224bc66947c47dab9dfee93b35fb&buyTokenAddress=0x580f3dc564a7b82f21d40d404b3842d490ae7205e6ac07b1b7af2b4a5183dc9&sellAmount=0x3b9aca00&size=1,"[{""name"": ""Ekubo"", ""pool"": ""0x160f5d987caf56d8109427919172c1e45ef366ea1d7dcf105a3c5a5e794aea3"", ""share_of_parent"": 0.0012947052}, {""name"": ""Ekubo"", ""pool"": ""0x55b5f9772697ad743ec6729541afa517c349097d1cced3abf77fa2e7307d8b9"", ""share_of_parent"": 1.0}, {""name"": ""Ekubo"", ""pool"": ""0x68fe946d96992957681c3c2b1204fda2026a22a907fe4b16c409a54012ca716"", ""share_of_parent"": 1.0}, {""name"": ""Ekubo"", ""pool"": ""0x30d87bfb26d728179a105e62595c456becb4c75175d08fdbc315af0b543f70f"", ""share_of_parent"": 1.0}, {""name"": ""0dAMM"", ""pool"": ""0xd7b9aeed671dfd92653c682fb4a06db88fed691c5c8c7c6e74c8ef5421159c"", ""share_of_parent"": 0.9857442557}, {""name"": ""Ekubo"", ""pool"": ""0x4ffe087d21be7dc329d29721d169f5f6522a6fce624e8ac3aed285c3fb42f50"", ""share_of_parent"": 1.0}, {""name"": ""Ekubo"", ""pool"": ""0x68fe946d96992957681c3c2b1204fda2026a22a907fe4b16c409a54012ca716"", ""share_of_parent"": 0.9485866005}, {""name"": ""Endur"", ""pool"": ""0x580f3dc564a7b82f21d40d404b3842d490ae7205e6ac07b1b7af2b4a5183dc9"", ""share_of_parent"": 0.581388629}, {""name"": ""Ekubo"", ""pool"": ""0x36e80c6e619727bee646f3218267092f34407e80a780e5672bb857a2ca207c8"", ""share_of_parent"": 0.126425702}, {""name"": ""Ekubo"", ""pool"": ""0x30d87bfb26d728179a105e62595c456becb4c75175d08fdbc315af0b543f70f"", ""share_of_parent"": 0.292185669}, {""name"": ""Ekubo"", ""pool"": ""0x27a2e1af2184c294a5e5df272857693533ac125d7072acac4b0bc1fb295cbf8"", ""share_of_parent"": 0.051413399500000005}, {""name"": ""Endur"", ""pool"": ""0x580f3dc564a7b82f21d40d404b3842d490ae7205e6ac07b1b7af2b4a5183dc9"", ""share_of_parent"": 1.0}, {""name"": ""Ekubo(Oracle)"", ""pool"": ""0x11c6618b5abc3c0a95cbc7f33c9c52ae0598862a6b7a2f3d64e90e833d8b854"", ""share_of_parent"": 0.0021438561}, {""name"": ""Ekubo(Oracle)"", ""pool"": ""0x73e881469d199cda961217110f4a67af4692eaeffd578e1896f7d73f9ed467d"", ""share_of_parent"": 1.0}, {""name"": ""Ekubo"", ""pool"": ""0x649cf795ef0a1b08ba90d90e9c56633812320ee928857033c143b12fcef2ac6"", ""share_of_parent"": 1.0}, {""name"": ""Endur"", ""pool"": ""0x580f3dc564a7b82f21d40d404b3842d490ae7205e6ac07b1b7af2b4a5183dc9"", ""share_of_parent"": 1.0}, {""name"": ""0dAMM"", ""pool"": ""0x256462984b6063ffe3d674449892577ab3777ad0ac0b2109797800914dcf1c1"", ""share_of_parent"": 0.010817183000000017}, {""name"": ""Ekubo"", ""pool"": ""0x55b5f9772697ad743ec6729541afa517c349097d1cced3abf77fa2e7307d8b9"", ""share_of_parent"": 0.7177692875}, {""name"": ""Ekubo"", ""pool"": ""0x68fe946d96992957681c3c2b1204fda2026a22a907fe4b16c409a54012ca716"", ""share_of_parent"": 0.7321446559}, {""name"": ""Endur"", ""pool"": ""0x580f3dc564a7b82f21d40d404b3842d490ae7205e6ac07b1b7af2b4a5183dc9"", ""share_of_parent"": 1.0}, {""name"": ""Ekubo"", ""pool"": ""0x27a2e1af2184c294a5e5df272857693533ac125d7072acac4b0bc1fb295cbf8"", ""share_of_parent"": 0.2678553441}, {""name"": ""Endur"", ""pool"": ""0x580f3dc564a7b82f21d40d404b3842d490ae7205e6ac07b1b7af2b4a5183dc9"", ""share_of_parent"": 1.0}, {""name"": ""Ekubo"", ""pool"": ""0x777df52c2a1966773817eacf5d36481fb77679fa915c78bf7dc6dd3db2c105"", ""share_of_parent"": 0.1542295322}, {""name"": ""Ekubo"", ""pool"": ""0x649cf795ef0a1b08ba90d90e9c56633812320ee928857033c143b12fcef2ac6"", ""share_of_parent"": 1.0}, {""name"": ""Endur"", ""pool"": ""0x580f3dc564a7b82f21d40d404b3842d490ae7205e6ac07b1b7af2b4a5183dc9"", ""share_of_parent"": 1.0}, {""name"": ""JediSwap"", ""pool"": ""0x260e98362e0949fefff8b4de85367c035e44f734c9f8069b6ce2075ae86b45c"", ""share_of_parent"": 0.0254894194}, {""name"": ""Ekubo"", ""pool"": ""0x649cf795ef0a1b08ba90d90e9c56633812320ee928857033c143b12fcef2ac6"", ""share_of_parent"": 1.0}, {""name"": ""Endur"", ""pool"": ""0x580f3dc564a7b82f21d40d404b3842d490ae7205e6ac07b1b7af2b4a5183dc9"", ""share_of_parent"": 1.0}, {""name"": ""Nostra"", ""pool"": ""0x1583919ffd78e87fa28fdf6b6a805fe3ddf52f754a63721dcd4c258211129a6"", ""share_of_parent"": 0.1025117608999999}, {""name"": ""Ekubo"", ""pool"": ""0x649cf795ef0a1b08ba90d90e9c56633812320ee928857033c143b12fcef2ac6"", ""share_of_parent"": 1.0}, {""name"": ""Endur"", ""pool"": ""0x580f3dc564a7b82f21d40d404b3842d490ae7205e6ac07b1b7af2b4a5183dc9"", ""share_of_parent"": 1.0}]",quote-CONVERSION_XSBTC-buy-1000.json
CONVERSION_XSBTC,0x580f3dc564a7b82f21d40d404b3842d490ae7205e6ac07b1b7af2b4a5183dc9,True,buy,10000,2.121280926199065,124064416870723568,,2026-09-18T10:08:40.042753+00:00,https://starknet.api.avnu.fi/swap/v3/quotes?sellTokenAddress=0x033068f6539f8e6e6b131e6b2b814e6c34a5224bc66947c47dab9dfee93b35fb&buyTokenAddress=0x580f3dc564a7b82f21d40d404b3842d490ae7205e6ac07b1b7af2b4a5183dc9&sellAmount=0x2540be400&size=1,"[{""name"": ""Ekubo"", ""pool"": ""0x59592b427f28fea4683279a034e443c03125e1159ab0b14cc29a04ecf57a443"", ""share_of_parent"": 0.3848651348}, {""name"": ""Ekubo"", ""pool"": ""0x68fe946d96992957681c3c2b1204fda2026a22a907fe4b16c409a54012ca716"", ""share_of_parent"": 0.8871249122}, {""name"": ""Endur"", ""pool"": ""0x580f3dc564a7b82f21d40d404b3842d490ae7205e6ac07b1b7af2b4a5183dc9"", ""share_of_parent"": 1.0}, {""name"": ""Ekubo"", ""pool"": ""0x27a2e1af2184c294a5e5df272857693533ac125d7072acac4b0bc1fb295cbf8"", ""share_of_parent"": 0.11287508780000001}, {""name"": ""Endur"", ""pool"": ""0x580f3dc564a7b82f21d40d404b3842d490ae7205e6ac07b1b7af2b4a5183dc9"", ""share_of_parent"": 1.0}, {""name"": ""Ekubo"", ""pool"": ""0x5dfce41b432a59570b82182d3f9f37abf7aee04a3faebc96ac367c4cb12d313"", ""share_of_parent"": 0.1819820179}, {""name"": ""Ekubo"", ""pool"": ""0x4ffe087d21be7dc329d29721d169f5f6522a6fce624e8ac3aed285c3fb42f50"", ""share_of_parent"": 1.0}, {""name"": ""Ekubo"", ""pool"": ""0x68fe946d96992957681c3c2b1204fda2026a22a907fe4b16c409a54012ca716"", ""share_of_parent"": 0.8873133109}, {""name"": ""Endur"", ""pool"": ""0x580f3dc564a7b82f21d40d404b3842d490ae7205e6ac07b1b7af2b4a5183dc9"", ""share_of_parent"": 0.840180334}, {""name"": ""Ekubo"", ""pool"": ""0x30d87bfb26d728179a105e62595c456becb4c75175d08fdbc315af0b543f70f"", ""share_of_parent"": 0.159819666}, {""name"": ""Ekubo"", ""pool"": ""0x27a2e1af2184c294a5e5df272857693533ac125d7072acac4b0bc1fb295cbf8"", ""share_of_parent"": 0.11268668910000001}, {""name"": ""Endur"", ""pool"": ""0x580f3dc564a7b82f21d40d404b3842d490ae7205e6ac07b1b7af2b4a5183dc9"", ""share_of_parent"": 1.0}, {""name"": ""Ekubo"", ""pool"": ""0x2e65ce680bf9243a7d3b0c40200c015f66be7602bfe8e24a0b4bbd2f4b0997"", ""share_of_parent"": 0.1029790209}, {""name"": ""Ekubo"", ""pool"": ""0x144aeb3f417951bba73dd04b237f72d611d1b2e124fdf590528f57c704990ff"", ""share_of_parent"": 1.0}, {""name"": ""Ekubo"", ""pool"": ""0x68fe946d96992957681c3c2b1204fda2026a22a907fe4b16c409a54012ca716"", ""share_of_parent"": 0.8978138831}, {""name"": ""Endur"", ""pool"": ""0x580f3dc564a7b82f21d40d404b3842d490ae7205e6ac07b1b7af2b4a5183dc9"", ""share_of_parent"": 1.0}, {""name"": ""Ekubo"", ""pool"": ""0x27a2e1af2184c294a5e5df272857693533ac125d7072acac4b0bc1fb295cbf8"", ""share_of_parent"": 0.10218611690000001}, {""name"": ""Endur"", ""pool"": ""0x580f3dc564a7b82f21d40d404b3842d490ae7205e6ac07b1b7af2b4a5183dc9"", ""share_of_parent"": 1.0}, {""name"": ""0dAMM"", ""pool"": ""0xd7b9aeed671dfd92653c682fb4a06db88fed691c5c8c7c6e74c8ef5421159c"", ""share_of_parent"": 0.247046953}, {""name"": ""Ekubo"", ""pool"": ""0x4ffe087d21be7dc329d29721d169f5f6522a6fce624e8ac3aed285c3fb42f50"", ""share_of_parent"": 1.0}, {""name"": ""Ekubo"", ""pool"": ""0x68fe946d96992957681c3c2b1204fda2026a22a907fe4b16c409a54012ca716"", ""share_of_parent"": 0.870445849}, {""name"": ""Endur"", ""pool"": ""0x580f3dc564a7b82f21d40d404b3842d490ae7205e6ac07b1b7af2b4a5183dc9"", ""share_of_parent"": 0.9999167288}, {""name"": ""Ekubo"", ""pool"": ""0x30d87bfb26d728179a105e62595c456becb4c75175d08fdbc315af0b543f70f"", ""share_of_parent"": 8.327120000000828e-05}, {""name"": ""Ekubo"", ""pool"": ""0x27a2e1af2184c294a5e5df272857693533ac125d7072acac4b0bc1fb295cbf8"", ""share_of_parent"": 0.129554151}, {""name"": ""Endur"", ""pool"": ""0x580f3dc564a7b82f21d40d404b3842d490ae7205e6ac07b1b7af2b4a5183dc9"", ""share_of_parent"": 1.0}, {""name"": ""Ekubo(Oracle)"", ""pool"": ""0x11c6618b5abc3c0a95cbc7f33c9c52ae0598862a6b7a2f3d64e90e833d8b854"", ""share_of_parent"": 0.0016903096}, {""name"": ""Ekubo(Oracle)"", ""pool"": ""0x73e881469d199cda961217110f4a67af4692eaeffd578e1896f7d73f9ed467d"", ""share_of_parent"": 1.0}, {""name"": ""Ekubo"", ""pool"": ""0x649cf795ef0a1b08ba90d90e9c56633812320ee928857033c143b12fcef2ac6"", ""share_of_parent"": 1.0}, {""name"": ""Ekubo"", ""pool"": ""0x30d87bfb26d728179a105e62595c456becb4c75175d08fdbc315af0b543f70f"", ""share_of_parent"": 1.0}, {""name"": ""0dAMM"", ""pool"": ""0x256462984b6063ffe3d674449892577ab3777ad0ac0b2109797800914dcf1c1"", ""share_of_parent"": 0.08143656380000003}, {""name"": ""Ekubo"", ""pool"": ""0x55b5f9772697ad743ec6729541afa517c349097d1cced3abf77fa2e7307d8b9"", ""share_of_parent"": 0.9990188181}, {""name"": ""Ekubo"", ""pool"": ""0x68fe946d96992957681c3c2b1204fda2026a22a907fe4b16c409a54012ca716"", ""share_of_parent"": 0.9650641626}, {""name"": ""Endur"", ""pool"": ""0x580f3dc564a7b82f21d40d404b3842d490ae7205e6ac07b1b7af2b4a5183dc9"", ""share_of_parent"": 1.0}, {""name"": ""Ekubo"", ""pool"": ""0x27a2e1af2184c294a5e5df272857693533ac125d7072acac4b0bc1fb295cbf8"", ""share_of_parent"": 0.0349358373999999}, {""name"": ""Endur"", ""pool"": ""0x580f3dc564a7b82f21d40d404b3842d490ae7205e6ac07b1b7af2b4a5183dc9"", ""share_of_parent"": 1.0}, {""name"": ""Ekubo"", ""pool"": ""0x777df52c2a1966773817eacf5d36481fb77679fa915c78bf7dc6dd3db2c105"", ""share_of_parent"": 0.0005887091}, {""name"": ""Ekubo"", ""pool"": ""0x649cf795ef0a1b08ba90d90e9c56633812320ee928857033c143b12fcef2ac6"", ""share_of_parent"": 1.0}, {""name"": ""Endur"", ""pool"": ""0x580f3dc564a7b82f21d40d404b3842d490ae7205e6ac07b1b7af2b4a5183dc9"", ""share_of_parent"": 1.0}, {""name"": ""JediSwap"", ""pool"": ""0x260e98362e0949fefff8b4de85367c035e44f734c9f8069b6ce2075ae86b45c"", ""share_of_parent"": 0.0001717068}, {""name"": ""Ekubo"", ""pool"": ""0x649cf795ef0a1b08ba90d90e9c56633812320ee928857033c143b12fcef2ac6"", ""share_of_parent"": 1.0}, {""name"": ""Endur"", ""pool"": ""0x580f3dc564a7b82f21d40d404b3842d490ae7205e6ac07b1b7af2b4a5183dc9"", ""share_of_parent"": 1.0}, {""name"": ""Nostra"", ""pool"": ""0x1583919ffd78e87fa28fdf6b6a805fe3ddf52f754a63721dcd4c258211129a6"", ""share_of_parent"": 0.00022076600000001654}, {""name"": ""Ekubo"", ""pool"": ""0x649cf795ef0a1b08ba90d90e9c56633812320ee928857033c143b12fcef2ac6"", ""share_of_parent"": 1.0}, {""name"": ""Endur"", ""pool"": ""0x580f3dc564a7b82f21d40d404b3842d490ae7205e6ac07b1b7af2b4a5183dc9"", ""share_of_parent"": 1.0}]",quote-CONVERSION_XSBTC-buy-10000.json
CONVERSION_XSBTC,0x580f3dc564a7b82f21d40d404b3842d490ae7205e6ac07b1b7af2b4a5183dc9,True,buy,100000,2.655361281840918,1233874528839467008,,2026-09-18T10:08:42.988854+00:00,https://starknet.api.avnu.fi/swap/v3/quotes?sellTokenAddress=0x033068f6539f8e6e6b131e6b2b814e6c34a5224bc66947c47dab9dfee93b35fb&buyTokenAddress=0x580f3dc564a7b82f21d40d404b3842d490ae7205e6ac07b1b7af2b4a5183dc9&sellAmount=0x174876e800&size=1,"[{""name"": ""Ekubo"", ""pool"": ""0x59592b427f28fea4683279a034e443c03125e1159ab0b14cc29a04ecf57a443"", ""share_of_parent"": 0.4746933066}, {""name"": ""Ekubo"", ""pool"": ""0x68fe946d96992957681c3c2b1204fda2026a22a907fe4b16c409a54012ca716"", ""share_of_parent"": 0.7746482131}, {""name"": ""Endur"", ""pool"": ""0x580f3dc564a7b82f21d40d404b3842d490ae7205e6ac07b1b7af2b4a5183dc9"", ""share_of_parent"": 1.0}, {""name"": ""Ekubo"", ""pool"": ""0x27a2e1af2184c294a5e5df272857693533ac125d7072acac4b0bc1fb295cbf8"", ""share_of_parent"": 0.22535178690000002}, {""name"": ""Endur"", ""pool"": ""0x580f3dc564a7b82f21d40d404b3842d490ae7205e6ac07b1b7af2b4a5183dc9"", ""share_of_parent"": 0.9928156657}, {""name"": ""Ekubo"", ""pool"": ""0x30d87bfb26d728179a105e62595c456becb4c75175d08fdbc315af0b543f70f"", ""share_of_parent"": 0.007184334300000008}, {""name"": ""Ekubo"", ""pool"": ""0x160f5d987caf56d8109427919172c1e45ef366ea1d7dcf105a3c5a5e794aea3"", ""share_of_parent"": 0.1576043956}, {""name"": ""Ekubo"", ""pool"": ""0x55b5f9772697ad743ec6729541afa517c349097d1cced3abf77fa2e7307d8b9"", ""share_of_parent"": 1.0}, {""name"": ""Ekubo"", ""pool"": ""0x68fe946d96992957681c3c2b1204fda2026a22a907fe4b16c409a54012ca716"", ""share_of_parent"": 0.7218279794}, {""name"": ""Endur"", ""pool"": ""0x580f3dc564a7b82f21d40d404b3842d490ae7205e6ac07b1b7af2b4a5183dc9"", ""share_of_parent"": 1.0}, {""name"": ""Ekubo"", ""pool"": ""0x27a2e1af2184c294a5e5df272857693533ac125d7072acac4b0bc1fb295cbf8"", ""share_of_parent"": 0.2781720206}, {""name"": ""Endur"", ""pool"": ""0x580f3dc564a7b82f21d40d404b3842d490ae7205e6ac07b1b7af2b4a5183dc9"", ""share_of_parent"": 1.0}, {""name"": ""Ekubo"", ""pool"": ""0x5dfce41b432a59570b82182d3f9f37abf7aee04a3faebc96ac367c4cb12d313"", ""share_of_parent"": 0.167014985}, {""name"": ""Ekubo"", ""pool"": ""0x4ffe087d21be7dc329d29721d169f5f6522a6fce624e8ac3aed285c3fb42f50"", ""share_of_parent"": 1.0}, {""name"": ""Ekubo"", ""pool"": ""0x68fe946d96992957681c3c2b1204fda2026a22a907fe4b16c409a54012ca716"", ""share_of_parent"": 0.7635022666}, {""name"": ""Endur"", ""pool"": ""0x580f3dc564a7b82f21d40d404b3842d490ae7205e6ac07b1b7af2b4a5183dc9"", ""share_of_parent"": 0.9843823968}, {""name"": ""Ekubo"", ""pool"": ""0x30d87bfb26d728179a105e62595c456becb4c75175d08fdbc315af0b543f70f"", ""share_of_parent"": 0.015617603200000009}, {""name"": ""Ekubo"", ""pool"": ""0x27a2e1af2184c294a5e5df272857693533ac125d7072acac4b0bc1fb295cbf8"", ""share_of_parent"": 0.23649773340000002}, {""name"": ""Endur"", ""pool"": ""0x580f3dc564a7b82f21d40d404b3842d490ae7205e6ac07b1b7af2b4a5183dc9"", ""share_of_parent"": 1.0}, {""name"": ""Ekubo"", ""pool"": ""0x2e65ce680bf9243a7d3b0c40200c015f66be7602bfe8e24a0b4bbd2f4b0997"", ""share_of_parent"": 0.130061938}, {""name"": ""Ekubo"", ""pool"": ""0x144aeb3f417951bba73dd04b237f72d611d1b2e124fdf590528f57c704990ff"", ""share_of_parent"": 1.0}, {""name"": ""Ekubo"", ""pool"": ""0x68fe946d96992957681c3c2b1204fda2026a22a907fe4b16c409a54012ca716"", ""share_of_parent"": 0.7294030784}, {""name"": ""Endur"", ""pool"": ""0x580f3dc564a7b82f21d40d404b3842d490ae7205e6ac07b1b7af2b4a5183dc9"", ""share_of_parent"": 1.0}, {""name"": ""Ekubo"", ""pool"": ""0x27a2e1af2184c294a5e5df272857693533ac125d7072acac4b0bc1fb295cbf8"", ""share_of_parent"": 0.2705969216}, {""name"": ""Endur"", ""pool"": ""0x580f3dc564a7b82f21d40d404b3842d490ae7205e6ac07b1b7af2b4a5183dc9"", ""share_of_parent"": 1.0}, {""name"": ""0dAMM"", ""pool"": ""0xd7b9aeed671dfd92653c682fb4a06db88fed691c5c8c7c6e74c8ef5421159c"", ""share_of_parent"": 0.036005994}, {""name"": ""Ekubo"", ""pool"": ""0x4ffe087d21be7dc329d29721d169f5f6522a6fce624e8ac3aed285c3fb42f50"", ""share_of_parent"": 1.0}, {""name"": ""Ekubo"", ""pool"": ""0x68fe946d96992957681c3c2b1204fda2026a22a907fe4b16c409a54012ca716"", ""share_of_parent"": 0.532185766}, {""name"": ""Endur"", ""pool"": ""0x580f3dc564a7b82f21d40d404b3842d490ae7205e6ac07b1b7af2b4a5183dc9"", ""share_of_parent"": 1.0}, {""name"": ""Ekubo"", ""pool"": ""0x27a2e1af2184c294a5e5df272857693533ac125d7072acac4b0bc1fb295cbf8"", ""share_of_parent"": 0.467814234}, {""name"": ""Endur"", ""pool"": ""0x580f3dc564a7b82f21d40d404b3842d490ae7205e6ac07b1b7af2b4a5183dc9"", ""share_of_parent"": 0.9997630823}, {""name"": ""Ekubo"", ""pool"": ""0x30d87bfb26d728179a105e62595c456becb4c75175d08fdbc315af0b543f70f"", ""share_of_parent"": 0.00023691770000000827}, {""name"": ""Ekubo(Oracle)"", ""pool"": ""0x11c6618b5abc3c0a95cbc7f33c9c52ae0598862a6b7a2f3d64e90e833d8b854"", ""share_of_parent"": 0.0002957042}, {""name"": ""Ekubo(Oracle)"", ""pool"": ""0x73e881469d199cda961217110f4a67af4692eaeffd578e1896f7d73f9ed467d"", ""share_of_parent"": 1.0}, {""name"": ""Ekubo"", ""pool"": ""0x649cf795ef0a1b08ba90d90e9c56633812320ee928857033c143b12fcef2ac6"", ""share_of_parent"": 1.0}, {""name"": ""Endur"", ""pool"": ""0x580f3dc564a7b82f21d40d404b3842d490ae7205e6ac07b1b7af2b4a5183dc9"", ""share_of_parent"": 1.0}, {""name"": ""0dAMM"", ""pool"": ""0x256462984b6063ffe3d674449892577ab3777ad0ac0b2109797800914dcf1c1"", ""share_of_parent"": 0.034323676599999915}, {""name"": ""Ekubo"", ""pool"": ""0x55b5f9772697ad743ec6729541afa517c349097d1cced3abf77fa2e7307d8b9"", ""share_of_parent"": 0.9325527511}, {""name"": ""Ekubo"", ""pool"": ""0x68fe946d96992957681c3c2b1204fda2026a22a907fe4b16c409a54012ca716"", ""share_of_parent"": 0.7730021866}, {""name"": ""Endur"", ""pool"": ""0x580f3dc564a7b82f21d40d404b3842d490ae7205e6ac07b1b7af2b4a5183dc9"", ""share_of_parent"": 1.0}, {""name"": ""Ekubo"", ""pool"": ""0x27a2e1af2184c294a5e5df272857693533ac125d7072acac4b0bc1fb295cbf8"", ""share_of_parent"": 0.2269978134}, {""name"": ""Endur"", ""pool"": ""0x580f3dc564a7b82f21d40d404b3842d490ae7205e6ac07b1b7af2b4a5183dc9"", ""share_of_parent"": 1.0}, {""name"": ""Ekubo"", ""pool"": ""0x777df52c2a1966773817eacf5d36481fb77679fa915c78bf7dc6dd3db2c105"", ""share_of_parent"": 0.0077400854}, {""name"": ""Ekubo"", ""pool"": ""0x649cf795ef0a1b08ba90d90e9c56633812320ee928857033c143b12fcef2ac6"", ""share_of_parent"": 1.0}, {""name"": ""Endur"", ""pool"": ""0x580f3dc564a7b82f21d40d404b3842d490ae7205e6ac07b1b7af2b4a5183dc9"", ""share_of_parent"": 1.0}, {""name"": ""JediSwap"", ""pool"": ""0x260e98362e0949fefff8b4de85367c035e44f734c9f8069b6ce2075ae86b45c"", ""share_of_parent"": 0.003026182}, {""name"": ""Ekubo"", ""pool"": ""0x649cf795ef0a1b08ba90d90e9c56633812320ee928857033c143b12fcef2ac6"", ""share_of_parent"": 1.0}, {""name"": ""Endur"", ""pool"": ""0x580f3dc564a7b82f21d40d404b3842d490ae7205e6ac07b1b7af2b4a5183dc9"", ""share_of_parent"": 1.0}, {""name"": ""Nostra"", ""pool"": ""0x1583919ffd78e87fa28fdf6b6a805fe3ddf52f754a63721dcd4c258211129a6"", ""share_of_parent"": 0.056680981499999915}, {""name"": ""Ekubo"", ""pool"": ""0x649cf795ef0a1b08ba90d90e9c56633812320ee928857033c143b12fcef2ac6"", ""share_of_parent"": 1.0}, {""name"": ""Endur"", ""pool"": ""0x580f3dc564a7b82f21d40d404b3842d490ae7205e6ac07b1b7af2b4a5183dc9"", ""share_of_parent"": 1.0}]",quote-CONVERSION_XSBTC-buy-100000.json
CONVERSION_XSBTC,0x580f3dc564a7b82f21d40d404b3842d490ae7205e6ac07b1b7af2b4a5183dc9,True,sell,10,0.0,9799041,9.799041,2026-09-18T10:08:32.472519+00:00,https://starknet.api.avnu.fi/swap/v3/quotes?sellTokenAddress=0x580f3dc564a7b82f21d40d404b3842d490ae7205e6ac07b1b7af2b4a5183dc9&buyTokenAddress=0x033068f6539f8e6e6b131e6b2b814e6c34a5224bc66947c47dab9dfee93b35fb&sellAmount=0x712bbe2dab34&size=1,"[{""name"": ""Ekubo"", ""pool"": ""0x36e80c6e619727bee646f3218267092f34407e80a780e5672bb857a2ca207c8"", ""share_of_parent"": 1.0}, {""name"": ""Ekubo"", ""pool"": ""0x16d587c8a78e9bff1f47d7a71c89aeefcee7833747528ad568b28d838ed3ec5"", ""share_of_parent"": 1.0}, {""name"": ""Ekubo"", ""pool"": ""0x2e65ce680bf9243a7d3b0c40200c015f66be7602bfe8e24a0b4bbd2f4b0997"", ""share_of_parent"": 1.0}]",quote-CONVERSION_XSBTC-sell-10.json
CONVERSION_XSBTC,0x580f3dc564a7b82f21d40d404b3842d490ae7205e6ac07b1b7af2b4a5183dc9,True,sell,100,85.56414040925026,14145758,14.145758,2026-09-18T10:08:35.917564+00:00,https://starknet.api.avnu.fi/swap/v3/quotes?sellTokenAddress=0x580f3dc564a7b82f21d40d404b3842d490ae7205e6ac07b1b7af2b4a5183dc9&buyTokenAddress=0x033068f6539f8e6e6b131e6b2b814e6c34a5224bc66947c47dab9dfee93b35fb&sellAmount=0x46bb56dc8b00e&size=1,"[{""name"": ""Ekubo"", ""pool"": ""0x30d87bfb26d728179a105e62595c456becb4c75175d08fdbc315af0b543f70f"", ""share_of_parent"": 0.0041818432}, {""name"": ""Ekubo"", ""pool"": ""0x649cf795ef0a1b08ba90d90e9c56633812320ee928857033c143b12fcef2ac6"", ""share_of_parent"": 1.0}, {""name"": ""Ekubo"", ""pool"": ""0x2e65ce680bf9243a7d3b0c40200c015f66be7602bfe8e24a0b4bbd2f4b0997"", ""share_of_parent"": 1.0}, {""name"": ""Ekubo"", ""pool"": ""0x36e80c6e619727bee646f3218267092f34407e80a780e5672bb857a2ca207c8"", ""share_of_parent"": 0.1211315951}, {""name"": ""Ekubo"", ""pool"": ""0x27a2e1af2184c294a5e5df272857693533ac125d7072acac4b0bc1fb295cbf8"", ""share_of_parent"": 0.269784891}, {""name"": ""Ekubo"", ""pool"": ""0x59592b427f28fea4683279a034e443c03125e1159ab0b14cc29a04ecf57a443"", ""share_of_parent"": 1.0}, {""name"": ""Ekubo(Oracle)"", ""pool"": ""0x7d5a3bde12ced30af4855ba3c223a87f287ef02ad36973ae337c06c4f7b71e0"", ""share_of_parent"": 0.0105734113}, {""name"": ""Ekubo(Twamm)"", ""pool"": ""0xac07e0ceccf6dc4a8fb5c26932864c249f7c92cb73452cb3791a5a6dd4b48"", ""share_of_parent"": 1.0}, {""name"": ""Ekubo"", ""pool"": ""0x16d587c8a78e9bff1f47d7a71c89aeefcee7833747528ad568b28d838ed3ec5"", ""share_of_parent"": 0.7196416977}, {""name"": ""Ekubo"", ""pool"": ""0x2e65ce680bf9243a7d3b0c40200c015f66be7602bfe8e24a0b4bbd2f4b0997"", ""share_of_parent"": 1.0}, {""name"": ""Ekubo(Oracle)"", ""pool"": ""0x5c039852af6972873144cf114f1c4512105e50d98fb30ad9d38b05a8a2888a5"", ""share_of_parent"": 0.8746865617}, {""name"": ""Ekubo(Oracle)"", ""pool"": ""0x1ffb67abd2e7533c95f9460fcc8a97e7b18f5ccc8e63fbee3490f61d3d7c892"", ""share_of_parent"": 0.9558989476}, {""name"": ""0dAMM"", ""pool"": ""0x256462984b6063ffe3d674449892577ab3777ad0ac0b2109797800914dcf1c1"", ""share_of_parent"": 1.0}, {""name"": ""Ekubo(Twamm)"", ""pool"": ""0x7a2848b1c028d36baba6e65040e40523cad504ae08f272b8d400615f5e20141"", ""share_of_parent"": 0.0031693807}, {""name"": ""Ekubo"", ""pool"": ""0x10e713b3b787247e9db52188d114b27165426f773e10d1acc5285ff776fa9c7"", ""share_of_parent"": 1.0}, {""name"": ""Ekubo(Twamm)"", ""pool"": ""0xac07e0ceccf6dc4a8fb5c26932864c249f7c92cb73452cb3791a5a6dd4b48"", ""share_of_parent"": 0.04093167170000002}]",quote-CONVERSION_XSBTC-sell-100.json
CONVERSION_XSBTC,0x580f3dc564a7b82f21d40d404b3842d490ae7205e6ac07b1b7af2b4a5183dc9,True,sell,1000,99.80567639221022,1904185,1.904185,2026-09-18T10:08:37.899924+00:00,https://starknet.api.avnu.fi/swap/v3/quotes?sellTokenAddress=0x580f3dc564a7b82f21d40d404b3842d490ae7205e6ac07b1b7af2b4a5183dc9&buyTokenAddress=0x033068f6539f8e6e6b131e6b2b814e6c34a5224bc66947c47dab9dfee93b35fb&sellAmount=0x2c351649d6e091&size=1,"[{""name"": ""Ekubo(Oracle)"", ""pool"": ""0x5c039852af6972873144cf114f1c4512105e50d98fb30ad9d38b05a8a2888a5"", ""share_of_parent"": 1.0}, {""name"": ""Ekubo(Twamm)"", ""pool"": ""0xac07e0ceccf6dc4a8fb5c26932864c249f7c92cb73452cb3791a5a6dd4b48"", ""share_of_parent"": 1.0}]",quote-CONVERSION_XSBTC-sell-1000.json
CONVERSION_XSBTC,0x580f3dc564a7b82f21d40d404b3842d490ae7205e6ac07b1b7af2b4a5183dc9,True,sell,10000,99.98053484009303,1907399,1.907399,2026-09-18T10:08:40.517687+00:00,https://starknet.api.avnu.fi/swap/v3/quotes?sellTokenAddress=0x580f3dc564a7b82f21d40d404b3842d490ae7205e6ac07b1b7af2b4a5183dc9&buyTokenAddress=0x033068f6539f8e6e6b131e6b2b814e6c34a5224bc66947c47dab9dfee93b35fb&sellAmount=0x1ba12dee264c5ac&size=1,"[{""name"": ""Ekubo(Oracle)"", ""pool"": ""0x5c039852af6972873144cf114f1c4512105e50d98fb30ad9d38b05a8a2888a5"", ""share_of_parent"": 1.0}, {""name"": ""Ekubo(Twamm)"", ""pool"": ""0xac07e0ceccf6dc4a8fb5c26932864c249f7c92cb73452cb3791a5a6dd4b48"", ""share_of_parent"": 1.0}]",quote-CONVERSION_XSBTC-sell-10000.json
CONVERSION_XSBTC,0x580f3dc564a7b82f21d40d404b3842d490ae7205e6ac07b1b7af2b4a5183dc9,True,sell,100000,99.99805313499556,1907741,1.907741,2026-09-18T10:08:43.446854+00:00,https://starknet.api.avnu.fi/swap/v3/quotes?sellTokenAddress=0x580f3dc564a7b82f21d40d404b3842d490ae7205e6ac07b1b7af2b4a5183dc9&buyTokenAddress=0x033068f6539f8e6e6b131e6b2b814e6c34a5224bc66947c47dab9dfee93b35fb&sellAmount=0x1144bcb4d7efb8be&size=1,"[{""name"": ""Ekubo(Oracle)"", ""pool"": ""0x5c039852af6972873144cf114f1c4512105e50d98fb30ad9d38b05a8a2888a5"", ""share_of_parent"": 1.0}, {""name"": ""Ekubo(Twamm)"", ""pool"": ""0xac07e0ceccf6dc4a8fb5c26932864c249f7c92cb73452cb3791a5a6dd4b48"", ""share_of_parent"": 1.0}]",quote-CONVERSION_XSBTC-sell-100000.json
CONVERSION_XTBTC,0x43a35c1425a0125ef8c171f1a75c6f31ef8648edcc8324b55ce1917db3f9b91,True,buy,10,0.0,124238443258019,,2026-09-18T10:08:35.162875+00:00,https://starknet.api.avnu.fi/swap/v3/quotes?sellTokenAddress=0x033068f6539f8e6e6b131e6b2b814e6c34a5224bc66947c47dab9dfee93b35fb&buyTokenAddress=0x43a35c1425a0125ef8c171f1a75c6f31ef8648edcc8324b55ce1917db3f9b91&sellAmount=0x989680&size=1,"[{""name"": ""0dAMM"", ""pool"": ""0xd7b9aeed671dfd92653c682fb4a06db88fed691c5c8c7c6e74c8ef5421159c"", ""share_of_parent"": 1.0}, {""name"": ""Ekubo"", ""pool"": ""0x4ffe087d21be7dc329d29721d169f5f6522a6fce624e8ac3aed285c3fb42f50"", ""share_of_parent"": 1.0}, {""name"": ""Ekubo"", ""pool"": ""0x7f19f85f9d2e250c58f12c165fff027d57afa00950bab1e21a01fcad694610"", ""share_of_parent"": 1.0}, {""name"": ""Endur"", ""pool"": ""0x43a35c1425a0125ef8c171f1a75c6f31ef8648edcc8324b55ce1917db3f9b91"", ""share_of_parent"": 1.0}]",quote-CONVERSION_XTBTC-buy-10.json
CONVERSION_XTBTC,0x43a35c1425a0125ef8c171f1a75c6f31ef8648edcc8324b55ce1917db3f9b91,True,buy,100,0.010987382939475765,1242247927045002,,2026-09-18T10:08:36.422254+00:00,https://starknet.api.avnu.fi/swap/v3/quotes?sellTokenAddress=0x033068f6539f8e6e6b131e6b2b814e6c34a5224bc66947c47dab9dfee93b35fb&buyTokenAddress=0x43a35c1425a0125ef8c171f1a75c6f31ef8648edcc8324b55ce1917db3f9b91&sellAmount=0x5f5e100&size=1,"[{""name"": ""0dAMM"", ""pool"": ""0xd7b9aeed671dfd92653c682fb4a06db88fed691c5c8c7c6e74c8ef5421159c"", ""share_of_parent"": 1.0}, {""name"": ""Ekubo"", ""pool"": ""0x4ffe087d21be7dc329d29721d169f5f6522a6fce624e8ac3aed285c3fb42f50"", ""share_of_parent"": 1.0}, {""name"": ""Ekubo"", ""pool"": ""0x7f19f85f9d2e250c58f12c165fff027d57afa00950bab1e21a01fcad694610"", ""share_of_parent"": 1.0}, {""name"": ""Endur"", ""pool"": ""0x43a35c1425a0125ef8c171f1a75c6f31ef8648edcc8324b55ce1917db3f9b91"", ""share_of_parent"": 1.0}]",quote-CONVERSION_XTBTC-buy-100.json
CONVERSION_XTBTC,0x43a35c1425a0125ef8c171f1a75c6f31ef8648edcc8324b55ce1917db3f9b91,True,buy,1000,0.11771319424339621,12409219821798172,,2026-09-18T10:08:40.075702+00:00,https://starknet.api.avnu.fi/swap/v3/quotes?sellTokenAddress=0x033068f6539f8e6e6b131e6b2b814e6c34a5224bc66947c47dab9dfee93b35fb&buyTokenAddress=0x43a35c1425a0125ef8c171f1a75c6f31ef8648edcc8324b55ce1917db3f9b91&sellAmount=0x3b9aca00&size=1,"[{""name"": ""0dAMM"", ""pool"": ""0x1bfb102cbf19897dc230d4f6032f5d660454706d52944ff74ab237ee18723ec"", ""share_of_parent"": 1.0}, {""name"": ""Ekubo"", ""pool"": ""0x52699044a42c3514ac16a2f451db35258d2ca9834b70516fd0a2ced8839e69c"", ""share_of_parent"": 1.0}, {""name"": ""Endur"", ""pool"": ""0x43a35c1425a0125ef8c171f1a75c6f31ef8648edcc8324b55ce1917db3f9b91"", ""share_of_parent"": 1.0}]",quote-CONVERSION_XTBTC-buy-1000.json
CONVERSION_XTBTC,0x43a35c1425a0125ef8c171f1a75c6f31ef8648edcc8324b55ce1917db3f9b91,True,buy,10000,-0.06887602566865159,124324013760087744,,2026-09-18T10:08:41.539070+00:00,https://starknet.api.avnu.fi/swap/v3/quotes?sellTokenAddress=0x033068f6539f8e6e6b131e6b2b814e6c34a5224bc66947c47dab9dfee93b35fb&buyTokenAddress=0x43a35c1425a0125ef8c171f1a75c6f31ef8648edcc8324b55ce1917db3f9b91&sellAmount=0x2540be400&size=1,"[{""name"": ""Ekubo"", ""pool"": ""0x59592b427f28fea4683279a034e443c03125e1159ab0b14cc29a04ecf57a443"", ""share_of_parent"": 0.0898401598}, {""name"": ""Ekubo"", ""pool"": ""0x144aeb3f417951bba73dd04b237f72d611d1b2e124fdf590528f57c704990ff"", ""share_of_parent"": 0.9549034228}, {""name"": ""Ekubo"", ""pool"": ""0x52699044a42c3514ac16a2f451db35258d2ca9834b70516fd0a2ced8839e69c"", ""share_of_parent"": 1.0}, {""name"": ""Endur"", ""pool"": ""0x43a35c1425a0125ef8c171f1a75c6f31ef8648edcc8324b55ce1917db3f9b91"", ""share_of_parent"": 1.0}, {""name"": ""Ekubo"", ""pool"": ""0x7f19f85f9d2e250c58f12c165fff027d57afa00950bab1e21a01fcad694610"", ""share_of_parent"": 0.04509657720000001}, {""name"": ""Endur"", ""pool"": ""0x43a35c1425a0125ef8c171f1a75c6f31ef8648edcc8324b55ce1917db3f9b91"", ""share_of_parent"": 1.0}, {""name"": ""Ekubo"", ""pool"": ""0x5dfce41b432a59570b82182d3f9f37abf7aee04a3faebc96ac367c4cb12d313"", ""share_of_parent"": 0.4768711288}, {""name"": ""Ekubo"", ""pool"": ""0x4ffe087d21be7dc329d29721d169f5f6522a6fce624e8ac3aed285c3fb42f50"", ""share_of_parent"": 1.0}, {""name"": ""Ekubo"", ""pool"": ""0x7f19f85f9d2e250c58f12c165fff027d57afa00950bab1e21a01fcad694610"", ""share_of_parent"": 1.0}, {""name"": ""Endur"", ""pool"": ""0x43a35c1425a0125ef8c171f1a75c6f31ef8648edcc8324b55ce1917db3f9b91"", ""share_of_parent"": 1.0}, {""name"": ""Ekubo"", ""pool"": ""0x2e65ce680bf9243a7d3b0c40200c015f66be7602bfe8e24a0b4bbd2f4b0997"", ""share_of_parent"": 0.0627432567}, {""name"": ""Ekubo"", ""pool"": ""0x52699044a42c3514ac16a2f451db35258d2ca9834b70516fd0a2ced8839e69c"", ""share_of_parent"": 1.0}, {""name"": ""Endur"", ""pool"": ""0x43a35c1425a0125ef8c171f1a75c6f31ef8648edcc8324b55ce1917db3f9b91"", ""share_of_parent"": 1.0}, {""name"": ""0dAMM"", ""pool"": ""0xd7b9aeed671dfd92653c682fb4a06db88fed691c5c8c7c6e74c8ef5421159c"", ""share_of_parent"": 0.3687972027}, {""name"": ""Ekubo"", ""pool"": ""0x4ffe087d21be7dc329d29721d169f5f6522a6fce624e8ac3aed285c3fb42f50"", ""share_of_parent"": 1.0}, {""name"": ""Ekubo"", ""pool"": ""0x7f19f85f9d2e250c58f12c165fff027d57afa00950bab1e21a01fcad694610"", ""share_of_parent"": 1.0}, {""name"": ""Endur"", ""pool"": ""0x43a35c1425a0125ef8c171f1a75c6f31ef8648edcc8324b55ce1917db3f9b91"", ""share_of_parent"": 1.0}, {""name"": ""Ekubo(Oracle)"", ""pool"": ""0x11c6618b5abc3c0a95cbc7f33c9c52ae0598862a6b7a2f3d64e90e833d8b854"", ""share_of_parent"": 0.0003616383}, {""name"": ""Ekubo(Oracle)"", ""pool"": ""0x73e881469d199cda961217110f4a67af4692eaeffd578e1896f7d73f9ed467d"", ""share_of_parent"": 1.0}, {""name"": ""Ekubo"", ""pool"": ""0x52699044a42c3514ac16a2f451db35258d2ca9834b70516fd0a2ced8839e69c"", ""share_of_parent"": 1.0}, {""name"": ""Endur"", ""pool"": ""0x43a35c1425a0125ef8c171f1a75c6f31ef8648edcc8324b55ce1917db3f9b91"", ""share_of_parent"": 1.0}, {""name"": ""0dAMM"", ""pool"": ""0x256462984b6063ffe3d674449892577ab3777ad0ac0b2109797800914dcf1c1"", ""share_of_parent"": 0.001386613700000033}, {""name"": ""Ekubo"", ""pool"": ""0x55b5f9772697ad743ec6729541afa517c349097d1cced3abf77fa2e7307d8b9"", ""share_of_parent"": 1.0}, {""name"": ""Ekubo"", ""pool"": ""0x7f19f85f9d2e250c58f12c165fff027d57afa00950bab1e21a01fcad694610"", ""share_of_parent"": 1.0}, {""name"": ""Endur"", ""pool"": ""0x43a35c1425a0125ef8c171f1a75c6f31ef8648edcc8324b55ce1917db3f9b91"", ""share_of_parent"": 1.0}]",quote-CONVERSION_XTBTC-buy-10000.json
CONVERSION_XTBTC,0x43a35c1425a0125ef8c171f1a75c6f31ef8648edcc8324b55ce1917db3f9b91,True,buy,100000,0.6692986350549934,1234069170530795008,,2026-09-18T10:08:44.297638+00:00,https://starknet.api.avnu.fi/swap/v3/quotes?sellTokenAddress=0x033068f6539f8e6e6b131e6b2b814e6c34a5224bc66947c47dab9dfee93b35fb&buyTokenAddress=0x43a35c1425a0125ef8c171f1a75c6f31ef8648edcc8324b55ce1917db3f9b91&sellAmount=0x174876e800&size=1,"[{""name"": ""Ekubo"", ""pool"": ""0x59592b427f28fea4683279a034e443c03125e1159ab0b14cc29a04ecf57a443"", ""share_of_parent"": 0.4815084915}, {""name"": ""Ekubo"", ""pool"": ""0x144aeb3f417951bba73dd04b237f72d611d1b2e124fdf590528f57c704990ff"", ""share_of_parent"": 0.9326571562}, {""name"": ""Ekubo"", ""pool"": ""0x52699044a42c3514ac16a2f451db35258d2ca9834b70516fd0a2ced8839e69c"", ""share_of_parent"": 1.0}, {""name"": ""Endur"", ""pool"": ""0x43a35c1425a0125ef8c171f1a75c6f31ef8648edcc8324b55ce1917db3f9b91"", ""share_of_parent"": 1.0}, {""name"": ""Ekubo"", ""pool"": ""0x7f19f85f9d2e250c58f12c165fff027d57afa00950bab1e21a01fcad694610"", ""share_of_parent"": 0.06734284380000001}, {""name"": ""Endur"", ""pool"": ""0x43a35c1425a0125ef8c171f1a75c6f31ef8648edcc8324b55ce1917db3f9b91"", ""share_of_parent"": 1.0}, {""name"": ""Ekubo"", ""pool"": ""0x160f5d987caf56d8109427919172c1e45ef366ea1d7dcf105a3c5a5e794aea3"", ""share_of_parent"": 0.1119460539}, {""name"": ""Ekubo"", ""pool"": ""0x55b5f9772697ad743ec6729541afa517c349097d1cced3abf77fa2e7307d8b9"", ""share_of_parent"": 1.0}, {""name"": ""Ekubo"", ""pool"": ""0x7f19f85f9d2e250c58f12c165fff027d57afa00950bab1e21a01fcad694610"", ""share_of_parent"": 1.0}, {""name"": ""Endur"", ""pool"": ""0x43a35c1425a0125ef8c171f1a75c6f31ef8648edcc8324b55ce1917db3f9b91"", ""share_of_parent"": 1.0}, {""name"": ""Ekubo"", ""pool"": ""0x5dfce41b432a59570b82182d3f9f37abf7aee04a3faebc96ac367c4cb12d313"", ""share_of_parent"": 0.1799220779}, {""name"": ""Ekubo"", ""pool"": ""0x4ffe087d21be7dc329d29721d169f5f6522a6fce624e8ac3aed285c3fb42f50"", ""share_of_parent"": 1.0}, {""name"": ""Ekubo"", ""pool"": ""0x7f19f85f9d2e250c58f12c165fff027d57afa00950bab1e21a01fcad694610"", ""share_of_parent"": 1.0}, {""name"": ""Endur"", ""pool"": ""0x43a35c1425a0125ef8c171f1a75c6f31ef8648edcc8324b55ce1917db3f9b91"", ""share_of_parent"": 1.0}, {""name"": ""Ekubo"", ""pool"": ""0x2e65ce680bf9243a7d3b0c40200c015f66be7602bfe8e24a0b4bbd2f4b0997"", ""share_of_parent"": 0.1191868131}, {""name"": ""Ekubo"", ""pool"": ""0x52699044a42c3514ac16a2f451db35258d2ca9834b70516fd0a2ced8839e69c"", ""share_of_parent"": 1.0}, {""name"": ""Endur"", ""pool"": ""0x43a35c1425a0125ef8c171f1a75c6f31ef8648edcc8324b55ce1917db3f9b91"", ""share_of_parent"": 1.0}, {""name"": ""Ekubo(Oracle)"", ""pool"": ""0x11c6618b5abc3c0a95cbc7f33c9c52ae0598862a6b7a2f3d64e90e833d8b854"", ""share_of_parent"": 0.0002717282}, {""name"": ""Ekubo(Oracle)"", ""pool"": ""0x73e881469d199cda961217110f4a67af4692eaeffd578e1896f7d73f9ed467d"", ""share_of_parent"": 1.0}, {""name"": ""Ekubo"", ""pool"": ""0x52699044a42c3514ac16a2f451db35258d2ca9834b70516fd0a2ced8839e69c"", ""share_of_parent"": 1.0}, {""name"": ""Endur"", ""pool"": ""0x43a35c1425a0125ef8c171f1a75c6f31ef8648edcc8324b55ce1917db3f9b91"", ""share_of_parent"": 1.0}, {""name"": ""0dAMM"", ""pool"": ""0x256462984b6063ffe3d674449892577ab3777ad0ac0b2109797800914dcf1c1"", ""share_of_parent"": 0.10716483540000002}, {""name"": ""Ekubo"", ""pool"": ""0x55b5f9772697ad743ec6729541afa517c349097d1cced3abf77fa2e7307d8b9"", ""share_of_parent"": 1.0}, {""name"": ""Ekubo"", ""pool"": ""0x7f19f85f9d2e250c58f12c165fff027d57afa00950bab1e21a01fcad694610"", ""share_of_parent"": 1.0}, {""name"": ""Endur"", ""pool"": ""0x43a35c1425a0125ef8c171f1a75c6f31ef8648edcc8324b55ce1917db3f9b91"", ""share_of_parent"": 1.0}]",quote-CONVERSION_XTBTC-buy-100000.json
CONVERSION_XTBTC,0x43a35c1425a0125ef8c171f1a75c6f31ef8648edcc8324b55ce1917db3f9b91,True,sell,10,0.0,9954152,9.954152,2026-09-18T10:08:35.684656+00:00,https://starknet.api.avnu.fi/swap/v3/quotes?sellTokenAddress=0x43a35c1425a0125ef8c171f1a75c6f31ef8648edcc8324b55ce1917db3f9b91&buyTokenAddress=0x033068f6539f8e6e6b131e6b2b814e6c34a5224bc66947c47dab9dfee93b35fb&sellAmount=0x7138ae4755ea&size=1,"[{""name"": ""Ekubo"", ""pool"": ""0x52a4094f5c86a9c35702f22d0c77979a2b2b98c70aeeb9c67f9ef823958f9c0"", ""share_of_parent"": 1.0}, {""name"": ""Ekubo"", ""pool"": ""0x7f19f85f9d2e250c58f12c165fff027d57afa00950bab1e21a01fcad694610"", ""share_of_parent"": 1.0}, {""name"": ""Ekubo"", ""pool"": ""0x55b5f9772697ad743ec6729541afa517c349097d1cced3abf77fa2e7307d8b9"", ""share_of_parent"": 1.0}, {""name"": ""0dAMM"", ""pool"": ""0x256462984b6063ffe3d674449892577ab3777ad0ac0b2109797800914dcf1c1"", ""share_of_parent"": 1.0}]",quote-CONVERSION_XTBTC-sell-10.json
CONVERSION_XTBTC,0x43a35c1425a0125ef8c171f1a75c6f31ef8648edcc8324b55ce1917db3f9b91,True,sell,100,59.695763134820524,40119450,40.11945,2026-09-18T10:08:39.331362+00:00,https://starknet.api.avnu.fi/swap/v3/quotes?sellTokenAddress=0x43a35c1425a0125ef8c171f1a75c6f31ef8648edcc8324b55ce1917db3f9b91&buyTokenAddress=0x033068f6539f8e6e6b131e6b2b814e6c34a5224bc66947c47dab9dfee93b35fb&sellAmount=0x46c36cec95b2b&size=1,"[{""name"": ""Ekubo(Oracle)"", ""pool"": ""0x787d259ce3735b93a76faf9f353285ef49cd10e5c8e872a191514c6a58e77f1"", ""share_of_parent"": 0.6508171828}, {""name"": ""Ekubo(Oracle)"", ""pool"": ""0x1ffb67abd2e7533c95f9460fcc8a97e7b18f5ccc8e63fbee3490f61d3d7c892"", ""share_of_parent"": 0.7868973729}, {""name"": ""Ekubo"", ""pool"": ""0x160f5d987caf56d8109427919172c1e45ef366ea1d7dcf105a3c5a5e794aea3"", ""share_of_parent"": 0.7492936614}, {""name"": ""0dAMM"", ""pool"": ""0x256462984b6063ffe3d674449892577ab3777ad0ac0b2109797800914dcf1c1"", ""share_of_parent"": 0.2507063386}, {""name"": ""Ekubo(Twamm)"", ""pool"": ""0xac07e0ceccf6dc4a8fb5c26932864c249f7c92cb73452cb3791a5a6dd4b48"", ""share_of_parent"": 0.2131026271}, {""name"": ""Ekubo"", ""pool"": ""0x52a4094f5c86a9c35702f22d0c77979a2b2b98c70aeeb9c67f9ef823958f9c0"", ""share_of_parent"": 0.3491828172}, {""name"": ""Ekubo"", ""pool"": ""0x7f19f85f9d2e250c58f12c165fff027d57afa00950bab1e21a01fcad694610"", ""share_of_parent"": 0.3434958727}, {""name"": ""Ekubo"", ""pool"": ""0x59592b427f28fea4683279a034e443c03125e1159ab0b14cc29a04ecf57a443"", ""share_of_parent"": 1.0}, {""name"": ""Ekubo"", ""pool"": ""0x39e3f27b9a7c2e4e957579281828d0679801324f913e340fb1098a3b19a8518"", ""share_of_parent"": 0.6565041273}, {""name"": ""Ekubo"", ""pool"": ""0x2e65ce680bf9243a7d3b0c40200c015f66be7602bfe8e24a0b4bbd2f4b0997"", ""share_of_parent"": 1.0}]",quote-CONVERSION_XTBTC-sell-100.json
CONVERSION_XTBTC,0x43a35c1425a0125ef8c171f1a75c6f31ef8648edcc8324b55ce1917db3f9b91,True,sell,1000,95.92501520973359,40563018,40.563018,2026-09-18T10:08:40.650066+00:00,https://starknet.api.avnu.fi/swap/v3/quotes?sellTokenAddress=0x43a35c1425a0125ef8c171f1a75c6f31ef8648edcc8324b55ce1917db3f9b91&buyTokenAddress=0x033068f6539f8e6e6b131e6b2b814e6c34a5224bc66947c47dab9dfee93b35fb&sellAmount=0x2c3a2413dd8fb1&size=1,"[{""name"": ""Ekubo(Oracle)"", ""pool"": ""0x787d259ce3735b93a76faf9f353285ef49cd10e5c8e872a191514c6a58e77f1"", ""share_of_parent"": 0.9650822194}, {""name"": ""Ekubo(Oracle)"", ""pool"": ""0x1ffb67abd2e7533c95f9460fcc8a97e7b18f5ccc8e63fbee3490f61d3d7c892"", ""share_of_parent"": 0.9880551188}, {""name"": ""Ekubo"", ""pool"": ""0x160f5d987caf56d8109427919172c1e45ef366ea1d7dcf105a3c5a5e794aea3"", ""share_of_parent"": 0.6778372904}, {""name"": ""0dAMM"", ""pool"": ""0x256462984b6063ffe3d674449892577ab3777ad0ac0b2109797800914dcf1c1"", ""share_of_parent"": 0.3221627096}, {""name"": ""Ekubo(Twamm)"", ""pool"": ""0xac07e0ceccf6dc4a8fb5c26932864c249f7c92cb73452cb3791a5a6dd4b48"", ""share_of_parent"": 0.011944881200000009}, {""name"": ""Ekubo"", ""pool"": ""0x52a4094f5c86a9c35702f22d0c77979a2b2b98c70aeeb9c67f9ef823958f9c0"", ""share_of_parent"": 0.0349177805999999}, {""name"": ""Ekubo"", ""pool"": ""0x7f19f85f9d2e250c58f12c165fff027d57afa00950bab1e21a01fcad694610"", ""share_of_parent"": 0.6805988582}, {""name"": ""Ekubo"", ""pool"": ""0x59592b427f28fea4683279a034e443c03125e1159ab0b14cc29a04ecf57a443"", ""share_of_parent"": 1.0}, {""name"": ""Ekubo"", ""pool"": ""0x39e3f27b9a7c2e4e957579281828d0679801324f913e340fb1098a3b19a8518"", ""share_of_parent"": 0.3194011418}, {""name"": ""Ekubo"", ""pool"": ""0x2e65ce680bf9243a7d3b0c40200c015f66be7602bfe8e24a0b4bbd2f4b0997"", ""share_of_parent"": 1.0}]",quote-CONVERSION_XTBTC-sell-1000.json
CONVERSION_XTBTC,0x43a35c1425a0125ef8c171f1a75c6f31ef8648edcc8324b55ce1917db3f9b91,True,sell,10000,99.59227822721614,40585245,40.585245,2026-09-18T10:08:43.544361+00:00,https://starknet.api.avnu.fi/swap/v3/quotes?sellTokenAddress=0x43a35c1425a0125ef8c171f1a75c6f31ef8648edcc8324b55ce1917db3f9b91&buyTokenAddress=0x033068f6539f8e6e6b131e6b2b814e6c34a5224bc66947c47dab9dfee93b35fb&sellAmount=0x1ba4568c6a79cf2&size=1,"[{""name"": ""Ekubo(Oracle)"", ""pool"": ""0x787d259ce3735b93a76faf9f353285ef49cd10e5c8e872a191514c6a58e77f1"", ""share_of_parent"": 0.9965094486}, {""name"": ""Ekubo(Oracle)"", ""pool"": ""0x1ffb67abd2e7533c95f9460fcc8a97e7b18f5ccc8e63fbee3490f61d3d7c892"", ""share_of_parent"": 0.7751789544}, {""name"": ""0dAMM"", ""pool"": ""0x256462984b6063ffe3d674449892577ab3777ad0ac0b2109797800914dcf1c1"", ""share_of_parent"": 1.0}, {""name"": ""Ekubo(Twamm)"", ""pool"": ""0xac07e0ceccf6dc4a8fb5c26932864c249f7c92cb73452cb3791a5a6dd4b48"", ""share_of_parent"": 0.22482104560000002}, {""name"": ""Ekubo"", ""pool"": ""0x52a4094f5c86a9c35702f22d0c77979a2b2b98c70aeeb9c67f9ef823958f9c0"", ""share_of_parent"": 0.003490551400000008}, {""name"": ""Ekubo"", ""pool"": ""0x39e3f27b9a7c2e4e957579281828d0679801324f913e340fb1098a3b19a8518"", ""share_of_parent"": 1.0}, {""name"": ""Ekubo"", ""pool"": ""0x2e65ce680bf9243a7d3b0c40200c015f66be7602bfe8e24a0b4bbd2f4b0997"", ""share_of_parent"": 1.0}]",quote-CONVERSION_XTBTC-sell-10000.json
CONVERSION_XTBTC,0x43a35c1425a0125ef8c171f1a75c6f31ef8648edcc8324b55ce1917db3f9b91,True,sell,100000,99.96053083678046,39288205,39.288205,2026-09-18T10:08:44.743853+00:00,https://starknet.api.avnu.fi/swap/v3/quotes?sellTokenAddress=0x43a35c1425a0125ef8c171f1a75c6f31ef8648edcc8324b55ce1917db3f9b91&buyTokenAddress=0x033068f6539f8e6e6b131e6b2b814e6c34a5224bc66947c47dab9dfee93b35fb&sellAmount=0x1146b617c28c217b&size=1,"[{""name"": ""Ekubo(Oracle)"", ""pool"": ""0x787d259ce3735b93a76faf9f353285ef49cd10e5c8e872a191514c6a58e77f1"", ""share_of_parent"": 0.9996638884}, {""name"": ""Ekubo(Oracle)"", ""pool"": ""0x1ffb67abd2e7533c95f9460fcc8a97e7b18f5ccc8e63fbee3490f61d3d7c892"", ""share_of_parent"": 1.0}, {""name"": ""Ekubo"", ""pool"": ""0x160f5d987caf56d8109427919172c1e45ef366ea1d7dcf105a3c5a5e794aea3"", ""share_of_parent"": 0.9718128355}, {""name"": ""0dAMM"", ""pool"": ""0x256462984b6063ffe3d674449892577ab3777ad0ac0b2109797800914dcf1c1"", ""share_of_parent"": 0.028187164500000007}, {""name"": ""Ekubo"", ""pool"": ""0x52a4094f5c86a9c35702f22d0c77979a2b2b98c70aeeb9c67f9ef823958f9c0"", ""share_of_parent"": 0.0003361116000000083}, {""name"": ""Ekubo"", ""pool"": ""0x39e3f27b9a7c2e4e957579281828d0679801324f913e340fb1098a3b19a8518"", ""share_of_parent"": 1.0}, {""name"": ""0dAMM"", ""pool"": ""0x1bfb102cbf19897dc230d4f6032f5d660454706d52944ff74ab237ee18723ec"", ""share_of_parent"": 1.0}]",quote-CONVERSION_XTBTC-sell-100000.json
CONVERSION_XLBTC,0x7dd3c80de9fcc5545f0cb83678826819c79619ed7992cc06ff81fc67cd2efe0,True,buy,10,0.0,12550,,2026-09-18T10:08:43.484786+00:00,https://starknet.api.avnu.fi/swap/v3/quotes?sellTokenAddress=0x033068f6539f8e6e6b131e6b2b814e6c34a5224bc66947c47dab9dfee93b35fb&buyTokenAddress=0x7dd3c80de9fcc5545f0cb83678826819c79619ed7992cc06ff81fc67cd2efe0&sellAmount=0x989680&size=1,"[{""name"": ""Ekubo"", ""pool"": ""0x59592b427f28fea4683279a034e443c03125e1159ab0b14cc29a04ecf57a443"", ""share_of_parent"": 1.0}, {""name"": ""Ekubo"", ""pool"": ""0x144aeb3f417951bba73dd04b237f72d611d1b2e124fdf590528f57c704990ff"", ""share_of_parent"": 1.0}, {""name"": ""Ekubo"", ""pool"": ""0x2467bb4eb511fdc56ef808fa222bef1add7b0e741cf57edd2b95bcdf0fd3bbb"", ""share_of_parent"": 1.0}, {""name"": ""Endur"", ""pool"": ""0x7dd3c80de9fcc5545f0cb83678826819c79619ed7992cc06ff81fc67cd2efe0"", ""share_of_parent"": 1.0}]",quote-CONVERSION_XLBTC-buy-10.json
CONVERSION_XLBTC,0x7dd3c80de9fcc5545f0cb83678826819c79619ed7992cc06ff81fc67cd2efe0,True,buy,100,0.37131474103585527,125034,,2026-09-18T10:08:45.397630+00:00,https://starknet.api.avnu.fi/swap/v3/quotes?sellTokenAddress=0x033068f6539f8e6e6b131e6b2b814e6c34a5224bc66947c47dab9dfee93b35fb&buyTokenAddress=0x7dd3c80de9fcc5545f0cb83678826819c79619ed7992cc06ff81fc67cd2efe0&sellAmount=0x5f5e100&size=1,"[{""name"": ""Ekubo"", ""pool"": ""0x2e65ce680bf9243a7d3b0c40200c015f66be7602bfe8e24a0b4bbd2f4b0997"", ""share_of_parent"": 0.507128363}, {""name"": ""Ekubo"", ""pool"": ""0x2467bb4eb511fdc56ef808fa222bef1add7b0e741cf57edd2b95bcdf0fd3bbb"", ""share_of_parent"": 0.201976443}, {""name"": ""Endur"", ""pool"": ""0x7dd3c80de9fcc5545f0cb83678826819c79619ed7992cc06ff81fc67cd2efe0"", ""share_of_parent"": 1.0}, {""name"": ""Ekubo"", ""pool"": ""0x7d5cd03d795459550d757b97a9cdbc7a8551c5ecb85ab5c1633d1b333e47f8f"", ""share_of_parent"": 0.798023557}, {""name"": ""Endur"", ""pool"": ""0x7dd3c80de9fcc5545f0cb83678826819c79619ed7992cc06ff81fc67cd2efe0"", ""share_of_parent"": 1.0}, {""name"": ""0dAMM"", ""pool"": ""0x1bfb102cbf19897dc230d4f6032f5d660454706d52944ff74ab237ee18723ec"", ""share_of_parent"": 0.49287163700000003}, {""name"": ""Ekubo"", ""pool"": ""0x2467bb4eb511fdc56ef808fa222bef1add7b0e741cf57edd2b95bcdf0fd3bbb"", ""share_of_parent"": 0.8579213833}, {""name"": ""Endur"", ""pool"": ""0x7dd3c80de9fcc5545f0cb83678826819c79619ed7992cc06ff81fc67cd2efe0"", ""share_of_parent"": 1.0}, {""name"": ""Ekubo"", ""pool"": ""0x7d5cd03d795459550d757b97a9cdbc7a8551c5ecb85ab5c1633d1b333e47f8f"", ""share_of_parent"": 0.14207861670000002}, {""name"": ""Endur"", ""pool"": ""0x7dd3c80de9fcc5545f0cb83678826819c79619ed7992cc06ff81fc67cd2efe0"", ""share_of_parent"": 1.0}]",quote-CONVERSION_XLBTC-buy-100.json
CONVERSION_XLBTC,0x7dd3c80de9fcc5545f0cb83678826819c79619ed7992cc06ff81fc67cd2efe0,True,buy,1000,89.88374501992031,126959,,2026-09-18T10:08:46.822474+00:00,https://starknet.api.avnu.fi/swap/v3/quotes?sellTokenAddress=0x033068f6539f8e6e6b131e6b2b814e6c34a5224bc66947c47dab9dfee93b35fb&buyTokenAddress=0x7dd3c80de9fcc5545f0cb83678826819c79619ed7992cc06ff81fc67cd2efe0&sellAmount=0x3b9aca00&size=1,"[{""name"": ""Ekubo(Oracle)"", ""pool"": ""0x11c6618b5abc3c0a95cbc7f33c9c52ae0598862a6b7a2f3d64e90e833d8b854"", ""share_of_parent"": 1.0}, {""name"": ""Ekubo(Twamm)"", ""pool"": ""0x38fbaa3286bcd974a4882213938342c612287200dc6e9fa7a199d33195ba8ce"", ""share_of_parent"": 1.0}, {""name"": ""Ekubo"", ""pool"": ""0x2467bb4eb511fdc56ef808fa222bef1add7b0e741cf57edd2b95bcdf0fd3bbb"", ""share_of_parent"": 1.0}, {""name"": ""Endur"", ""pool"": ""0x7dd3c80de9fcc5545f0cb83678826819c79619ed7992cc06ff81fc67cd2efe0"", ""share_of_parent"": 1.0}]",quote-CONVERSION_XLBTC-buy-1000.json
CONVERSION_XLBTC,0x7dd3c80de9fcc5545f0cb83678826819c79619ed7992cc06ff81fc67cd2efe0,True,buy,10000,98.88911553784861,139416,,2026-09-18T10:08:48.132670+00:00,https://starknet.api.avnu.fi/swap/v3/quotes?sellTokenAddress=0x033068f6539f8e6e6b131e6b2b814e6c34a5224bc66947c47dab9dfee93b35fb&buyTokenAddress=0x7dd3c80de9fcc5545f0cb83678826819c79619ed7992cc06ff81fc67cd2efe0&sellAmount=0x2540be400&size=1,"[{""name"": ""Ekubo(Oracle)"", ""pool"": ""0x11c6618b5abc3c0a95cbc7f33c9c52ae0598862a6b7a2f3d64e90e833d8b854"", ""share_of_parent"": 1.0}, {""name"": ""Ekubo(Twamm)"", ""pool"": ""0x38fbaa3286bcd974a4882213938342c612287200dc6e9fa7a199d33195ba8ce"", ""share_of_parent"": 1.0}, {""name"": ""Ekubo"", ""pool"": ""0x2467bb4eb511fdc56ef808fa222bef1add7b0e741cf57edd2b95bcdf0fd3bbb"", ""share_of_parent"": 1.0}, {""name"": ""Endur"", ""pool"": ""0x7dd3c80de9fcc5545f0cb83678826819c79619ed7992cc06ff81fc67cd2efe0"", ""share_of_parent"": 1.0}]",quote-CONVERSION_XLBTC-buy-10000.json
CONVERSION_XLBTC,0x7dd3c80de9fcc5545f0cb83678826819c79619ed7992cc06ff81fc67cd2efe0,True,buy,100000,99.88781035856573,140798,,2026-09-18T10:08:49.435719+00:00,https://starknet.api.avnu.fi/swap/v3/quotes?sellTokenAddress=0x033068f6539f8e6e6b131e6b2b814e6c34a5224bc66947c47dab9dfee93b35fb&buyTokenAddress=0x7dd3c80de9fcc5545f0cb83678826819c79619ed7992cc06ff81fc67cd2efe0&sellAmount=0x174876e800&size=1,"[{""name"": ""Ekubo(Oracle)"", ""pool"": ""0x11c6618b5abc3c0a95cbc7f33c9c52ae0598862a6b7a2f3d64e90e833d8b854"", ""share_of_parent"": 1.0}, {""name"": ""Ekubo(Twamm)"", ""pool"": ""0x38fbaa3286bcd974a4882213938342c612287200dc6e9fa7a199d33195ba8ce"", ""share_of_parent"": 1.0}, {""name"": ""Ekubo"", ""pool"": ""0x2467bb4eb511fdc56ef808fa222bef1add7b0e741cf57edd2b95bcdf0fd3bbb"", ""share_of_parent"": 1.0}, {""name"": ""Endur"", ""pool"": ""0x7dd3c80de9fcc5545f0cb83678826819c79619ed7992cc06ff81fc67cd2efe0"", ""share_of_parent"": 1.0}]",quote-CONVERSION_XLBTC-buy-100000.json
CONVERSION_XLBTC,0x7dd3c80de9fcc5545f0cb83678826819c79619ed7992cc06ff81fc67cd2efe0,True,sell,10,0.0,9809198,9.809198,2026-09-18T10:08:44.279798+00:00,https://starknet.api.avnu.fi/swap/v3/quotes?sellTokenAddress=0x7dd3c80de9fcc5545f0cb83678826819c79619ed7992cc06ff81fc67cd2efe0&buyTokenAddress=0x033068f6539f8e6e6b131e6b2b814e6c34a5224bc66947c47dab9dfee93b35fb&sellAmount=0x30d9&size=1,"[{""name"": ""Ekubo"", ""pool"": ""0x52d6496334f41048895f1df9077b9cde39983f630974652eee51a8285566d78"", ""share_of_parent"": 1.0}, {""name"": ""Ekubo"", ""pool"": ""0x2467bb4eb511fdc56ef808fa222bef1add7b0e741cf57edd2b95bcdf0fd3bbb"", ""share_of_parent"": 1.0}, {""name"": ""Ekubo"", ""pool"": ""0x2e65ce680bf9243a7d3b0c40200c015f66be7602bfe8e24a0b4bbd2f4b0997"", ""share_of_parent"": 1.0}]",quote-CONVERSION_XLBTC-sell-10.json
CONVERSION_XLBTC,0x7dd3c80de9fcc5545f0cb83678826819c79619ed7992cc06ff81fc67cd2efe0,True,sell,100,98.1860861611724,1779304,1.779304,2026-09-18T10:08:45.963830+00:00,https://starknet.api.avnu.fi/swap/v3/quotes?sellTokenAddress=0x7dd3c80de9fcc5545f0cb83678826819c79619ed7992cc06ff81fc67cd2efe0&buyTokenAddress=0x033068f6539f8e6e6b131e6b2b814e6c34a5224bc66947c47dab9dfee93b35fb&sellAmount=0x1e880&size=1,"[{""name"": ""Ekubo(Oracle)"", ""pool"": ""0x65c244ba78e9e85e95b49121498d49626f154025fb75caf4405067b8a2bdd80"", ""share_of_parent"": 1.0}, {""name"": ""Ekubo(Twamm)"", ""pool"": ""0xac07e0ceccf6dc4a8fb5c26932864c249f7c92cb73452cb3791a5a6dd4b48"", ""share_of_parent"": 1.0}]",quote-CONVERSION_XLBTC-sell-100.json
CONVERSION_XLBTC,0x7dd3c80de9fcc5545f0cb83678826819c79619ed7992cc06ff81fc67cd2efe0,True,sell,1000,95.98060453056408,39427046,39.427046,2026-09-18T10:08:47.670112+00:00,https://starknet.api.avnu.fi/swap/v3/quotes?sellTokenAddress=0x7dd3c80de9fcc5545f0cb83678826819c79619ed7992cc06ff81fc67cd2efe0&buyTokenAddress=0x033068f6539f8e6e6b131e6b2b814e6c34a5224bc66947c47dab9dfee93b35fb&sellAmount=0x131501&size=1,"[{""name"": ""Ekubo"", ""pool"": ""0x52d6496334f41048895f1df9077b9cde39983f630974652eee51a8285566d78"", ""share_of_parent"": 0.0338350048}, {""name"": ""Ekubo"", ""pool"": ""0x2467bb4eb511fdc56ef808fa222bef1add7b0e741cf57edd2b95bcdf0fd3bbb"", ""share_of_parent"": 0.9853130034}, {""name"": ""Ekubo"", ""pool"": ""0x2e65ce680bf9243a7d3b0c40200c015f66be7602bfe8e24a0b4bbd2f4b0997"", ""share_of_parent"": 0.9345350816}, {""name"": ""0dAMM"", ""pool"": ""0x1bfb102cbf19897dc230d4f6032f5d660454706d52944ff74ab237ee18723ec"", ""share_of_parent"": 0.0654649184}, {""name"": ""Ekubo(Oracle)"", ""pool"": ""0x5b32fd277195f9f912dd4d7c2a34ddbd4fb447bfab8bec241d0f5c4e2febc7d"", ""share_of_parent"": 0.014686996599999898}, {""name"": ""Ekubo(Twamm)"", ""pool"": ""0xac07e0ceccf6dc4a8fb5c26932864c249f7c92cb73452cb3791a5a6dd4b48"", ""share_of_parent"": 1.0}, {""name"": ""Ekubo(Oracle)"", ""pool"": ""0x65c244ba78e9e85e95b49121498d49626f154025fb75caf4405067b8a2bdd80"", ""share_of_parent"": 0.8062512384}, {""name"": ""Ekubo(Oracle)"", ""pool"": ""0x1ffb67abd2e7533c95f9460fcc8a97e7b18f5ccc8e63fbee3490f61d3d7c892"", ""share_of_parent"": 0.9986129106}, {""name"": ""0dAMM"", ""pool"": ""0x256462984b6063ffe3d674449892577ab3777ad0ac0b2109797800914dcf1c1"", ""share_of_parent"": 1.0}, {""name"": ""Ekubo(Twamm)"", ""pool"": ""0x7a2848b1c028d36baba6e65040e40523cad504ae08f272b8d400615f5e20141"", ""share_of_parent"": 0.0007596544}, {""name"": ""Ekubo"", ""pool"": ""0x10e713b3b787247e9db52188d114b27165426f773e10d1acc5285ff776fa9c7"", ""share_of_parent"": 1.0}, {""name"": ""Ekubo(Twamm)"", ""pool"": ""0xac07e0ceccf6dc4a8fb5c26932864c249f7c92cb73452cb3791a5a6dd4b48"", ""share_of_parent"": 0.0006274349999999055}, {""name"": ""Ekubo"", ""pool"": ""0x4bbbbcc10803664d3ff89cbad3929aa926c0645bf016082964cceec7dc61cc4"", ""share_of_parent"": 0.15991375680000003}, {""name"": ""Ekubo"", ""pool"": ""0x214aa46d7aaf366712c6339b7d8c4bd261eeb53fde5b5b3681027f7e75011b4"", ""share_of_parent"": 0.0251610447}, {""name"": ""Ekubo"", ""pool"": ""0x2e65ce680bf9243a7d3b0c40200c015f66be7602bfe8e24a0b4bbd2f4b0997"", ""share_of_parent"": 1.0}, {""name"": ""Ekubo(Oracle)"", ""pool"": ""0x5b32fd277195f9f912dd4d7c2a34ddbd4fb447bfab8bec241d0f5c4e2febc7d"", ""share_of_parent"": 0.9748389553}, {""name"": ""Ekubo(Twamm)"", ""pool"": ""0xac07e0ceccf6dc4a8fb5c26932864c249f7c92cb73452cb3791a5a6dd4b48"", ""share_of_parent"": 1.0}]",quote-CONVERSION_XLBTC-sell-1000.json
CONVERSION_XLBTC,0x7dd3c80de9fcc5545f0cb83678826819c79619ed7992cc06ff81fc67cd2efe0,True,sell,10000,99.98150977276634,1813743,1.813743,2026-09-18T10:08:48.715187+00:00,https://starknet.api.avnu.fi/swap/v3/quotes?sellTokenAddress=0x7dd3c80de9fcc5545f0cb83678826819c79619ed7992cc06ff81fc67cd2efe0&buyTokenAddress=0x033068f6539f8e6e6b131e6b2b814e6c34a5224bc66947c47dab9dfee93b35fb&sellAmount=0xbed20e&size=1,"[{""name"": ""Ekubo(Oracle)"", ""pool"": ""0x65c244ba78e9e85e95b49121498d49626f154025fb75caf4405067b8a2bdd80"", ""share_of_parent"": 1.0}, {""name"": ""Ekubo(Twamm)"", ""pool"": ""0xac07e0ceccf6dc4a8fb5c26932864c249f7c92cb73452cb3791a5a6dd4b48"", ""share_of_parent"": 1.0}]",quote-CONVERSION_XLBTC-sell-10000.json
CONVERSION_XLBTC,0x7dd3c80de9fcc5545f0cb83678826819c79619ed7992cc06ff81fc67cd2efe0,True,sell,100000,99.97076110707522,28681009,28.681009,2026-09-18T10:08:49.872001+00:00,https://starknet.api.avnu.fi/swap/v3/quotes?sellTokenAddress=0x7dd3c80de9fcc5545f0cb83678826819c79619ed7992cc06ff81fc67cd2efe0&buyTokenAddress=0x033068f6539f8e6e6b131e6b2b814e6c34a5224bc66947c47dab9dfee93b35fb&sellAmount=0x774348d&size=1,"[{""name"": ""Ekubo"", ""pool"": ""0x52d6496334f41048895f1df9077b9cde39983f630974652eee51a8285566d78"", ""share_of_parent"": 0.0002746945}, {""name"": ""Ekubo"", ""pool"": ""0x2467bb4eb511fdc56ef808fa222bef1add7b0e741cf57edd2b95bcdf0fd3bbb"", ""share_of_parent"": 1.0}, {""name"": ""0dAMM"", ""pool"": ""0x1bfb102cbf19897dc230d4f6032f5d660454706d52944ff74ab237ee18723ec"", ""share_of_parent"": 1.0}, {""name"": ""Ekubo(Oracle)"", ""pool"": ""0x65c244ba78e9e85e95b49121498d49626f154025fb75caf4405067b8a2bdd80"", ""share_of_parent"": 0.9997253055}, {""name"": ""Ekubo(Twamm)"", ""pool"": ""0x7a2848b1c028d36baba6e65040e40523cad504ae08f272b8d400615f5e20141"", ""share_of_parent"": 0.99029505}, {""name"": ""Ekubo"", ""pool"": ""0x10e713b3b787247e9db52188d114b27165426f773e10d1acc5285ff776fa9c7"", ""share_of_parent"": 1.0}, {""name"": ""Ekubo(Twamm)"", ""pool"": ""0xac07e0ceccf6dc4a8fb5c26932864c249f7c92cb73452cb3791a5a6dd4b48"", ""share_of_parent"": 0.009704950000000009}]",quote-CONVERSION_XLBTC-sell-100000.json
CONVERSION_XWBTC,0x6a567e68c805323525fe1649adb80b03cddf92c23d2629a6779f54192dffc13,False,buy,10,0.0,12526,,2026-09-18T10:08:44.338349+00:00,https://starknet.api.avnu.fi/swap/v3/quotes?sellTokenAddress=0x033068f6539f8e6e6b131e6b2b814e6c34a5224bc66947c47dab9dfee93b35fb&buyTokenAddress=0x6a567e68c805323525fe1649adb80b03cddf92c23d2629a6779f54192dffc13&sellAmount=0x989680&size=1,"[{""name"": ""0dAMM"", ""pool"": ""0xd7b9aeed671dfd92653c682fb4a06db88fed691c5c8c7c6e74c8ef5421159c"", ""share_of_parent"": 1.0}, {""name"": ""Ekubo"", ""pool"": ""0x4ffe087d21be7dc329d29721d169f5f6522a6fce624e8ac3aed285c3fb42f50"", ""share_of_parent"": 1.0}, {""name"": ""Ekubo"", ""pool"": ""0x144aeb3f417951bba73dd04b237f72d611d1b2e124fdf590528f57c704990ff"", ""share_of_parent"": 1.0}, {""name"": ""Ekubo"", ""pool"": ""0x5e2515430a8316e9e708ccf8d8d2701f965a0dc5f06fa8de3d769a821d0e4cd"", ""share_of_parent"": 1.0}]",quote-CONVERSION_XWBTC-buy-10.json
CONVERSION_XWBTC,0x6a567e68c805323525fe1649adb80b03cddf92c23d2629a6779f54192dffc13,False,buy,100,0.0391186332428517,125211,,2026-09-18T10:08:46.870638+00:00,https://starknet.api.avnu.fi/swap/v3/quotes?sellTokenAddress=0x033068f6539f8e6e6b131e6b2b814e6c34a5224bc66947c47dab9dfee93b35fb&buyTokenAddress=0x6a567e68c805323525fe1649adb80b03cddf92c23d2629a6779f54192dffc13&sellAmount=0x5f5e100&size=1,"[{""name"": ""0dAMM"", ""pool"": ""0xd7b9aeed671dfd92653c682fb4a06db88fed691c5c8c7c6e74c8ef5421159c"", ""share_of_parent"": 1.0}, {""name"": ""Ekubo"", ""pool"": ""0x4ffe087d21be7dc329d29721d169f5f6522a6fce624e8ac3aed285c3fb42f50"", ""share_of_parent"": 1.0}, {""name"": ""Ekubo"", ""pool"": ""0x144aeb3f417951bba73dd04b237f72d611d1b2e124fdf590528f57c704990ff"", ""share_of_parent"": 1.0}, {""name"": ""Ekubo"", ""pool"": ""0x5e2515430a8316e9e708ccf8d8d2701f965a0dc5f06fa8de3d769a821d0e4cd"", ""share_of_parent"": 1.0}]",quote-CONVERSION_XWBTC-buy-100.json
CONVERSION_XWBTC,0x6a567e68c805323525fe1649adb80b03cddf92c23d2629a6779f54192dffc13,False,buy,1000,-0.024109851508868907,1252902,,2026-09-18T10:08:47.830496+00:00,https://starknet.api.avnu.fi/swap/v3/quotes?sellTokenAddress=0x033068f6539f8e6e6b131e6b2b814e6c34a5224bc66947c47dab9dfee93b35fb&buyTokenAddress=0x6a567e68c805323525fe1649adb80b03cddf92c23d2629a6779f54192dffc13&sellAmount=0x3b9aca00&size=1,"[{""name"": ""0dAMM"", ""pool"": ""0xd7b9aeed671dfd92653c682fb4a06db88fed691c5c8c7c6e74c8ef5421159c"", ""share_of_parent"": 1.0}, {""name"": ""Ekubo"", ""pool"": ""0x4ffe087d21be7dc329d29721d169f5f6522a6fce624e8ac3aed285c3fb42f50"", ""share_of_parent"": 1.0}, {""name"": ""Ekubo"", ""pool"": ""0x144aeb3f417951bba73dd04b237f72d611d1b2e124fdf590528f57c704990ff"", ""share_of_parent"": 1.0}, {""name"": ""Ekubo"", ""pool"": ""0x5e2515430a8316e9e708ccf8d8d2701f965a0dc5f06fa8de3d769a821d0e4cd"", ""share_of_parent"": 1.0}]",quote-CONVERSION_XWBTC-buy-1000.json
CONVERSION_XWBTC,0x6a567e68c805323525fe1649adb80b03cddf92c23d2629a6779f54192dffc13,False,buy,10000,0.3888871148012174,12477288,,2026-09-18T10:08:49.290915+00:00,https://starknet.api.avnu.fi/swap/v3/quotes?sellTokenAddress=0x033068f6539f8e6e6b131e6b2b814e6c34a5224bc66947c47dab9dfee93b35fb&buyTokenAddress=0x6a567e68c805323525fe1649adb80b03cddf92c23d2629a6779f54192dffc13&sellAmount=0x2540be400&size=1,"[{""name"": ""Ekubo"", ""pool"": ""0x59592b427f28fea4683279a034e443c03125e1159ab0b14cc29a04ecf57a443"", ""share_of_parent"": 0.3725054945}, {""name"": ""Ekubo"", ""pool"": ""0x144aeb3f417951bba73dd04b237f72d611d1b2e124fdf590528f57c704990ff"", ""share_of_parent"": 0.9983112584}, {""name"": ""Ekubo"", ""pool"": ""0x5e2515430a8316e9e708ccf8d8d2701f965a0dc5f06fa8de3d769a821d0e4cd"", ""share_of_parent"": 1.0}, {""name"": ""Ekubo"", ""pool"": ""0x7f19f85f9d2e250c58f12c165fff027d57afa00950bab1e21a01fcad694610"", ""share_of_parent"": 0.0016887416000000083}, {""name"": ""Ekubo"", ""pool"": ""0x52699044a42c3514ac16a2f451db35258d2ca9834b70516fd0a2ced8839e69c"", ""share_of_parent"": 1.0}, {""name"": ""Ekubo"", ""pool"": ""0x5e2515430a8316e9e708ccf8d8d2701f965a0dc5f06fa8de3d769a821d0e4cd"", ""share_of_parent"": 1.0}, {""name"": ""Ekubo"", ""pool"": ""0x160f5d987caf56d8109427919172c1e45ef366ea1d7dcf105a3c5a5e794aea3"", ""share_of_parent"": 0.0637182817}, {""name"": ""Ekubo"", ""pool"": ""0x55b5f9772697ad743ec6729541afa517c349097d1cced3abf77fa2e7307d8b9"", ""share_of_parent"": 1.0}, {""name"": ""Ekubo"", ""pool"": ""0x144aeb3f417951bba73dd04b237f72d611d1b2e124fdf590528f57c704990ff"", ""share_of_parent"": 1.0}, {""name"": ""Ekubo"", ""pool"": ""0x5e2515430a8316e9e708ccf8d8d2701f965a0dc5f06fa8de3d769a821d0e4cd"", ""share_of_parent"": 1.0}, {""name"": ""Ekubo"", ""pool"": ""0x5dfce41b432a59570b82182d3f9f37abf7aee04a3faebc96ac367c4cb12d313"", ""share_of_parent"": 0.2799300699}, {""name"": ""Ekubo"", ""pool"": ""0x4ffe087d21be7dc329d29721d169f5f6522a6fce624e8ac3aed285c3fb42f50"", ""share_of_parent"": 1.0}, {""name"": ""Ekubo"", ""pool"": ""0x144aeb3f417951bba73dd04b237f72d611d1b2e124fdf590528f57c704990ff"", ""share_of_parent"": 1.0}, {""name"": ""Ekubo"", ""pool"": ""0x5e2515430a8316e9e708ccf8d8d2701f965a0dc5f06fa8de3d769a821d0e4cd"", ""share_of_parent"": 1.0}, {""name"": ""Ekubo"", ""pool"": ""0x2e65ce680bf9243a7d3b0c40200c015f66be7602bfe8e24a0b4bbd2f4b0997"", ""share_of_parent"": 0.2023796203}, {""name"": ""Ekubo"", ""pool"": ""0x5e2515430a8316e9e708ccf8d8d2701f965a0dc5f06fa8de3d769a821d0e4cd"", ""share_of_parent"": 1.0}, {""name"": ""0dAMM"", ""pool"": ""0xd7b9aeed671dfd92653c682fb4a06db88fed691c5c8c7c6e74c8ef5421159c"", ""share_of_parent"": 0.0454485514}, {""name"": ""Ekubo"", ""pool"": ""0x4ffe087d21be7dc329d29721d169f5f6522a6fce624e8ac3aed285c3fb42f50"", ""share_of_parent"": 1.0}, {""name"": ""Ekubo"", ""pool"": ""0x144aeb3f417951bba73dd04b237f72d611d1b2e124fdf590528f57c704990ff"", ""share_of_parent"": 1.0}, {""name"": ""Ekubo"", ""pool"": ""0x5e2515430a8316e9e708ccf8d8d2701f965a0dc5f06fa8de3d769a821d0e4cd"", ""share_of_parent"": 1.0}, {""name"": ""Ekubo"", ""pool"": ""0x7dfd50ffb20b9192a67fea997bb2ecc4a35346dd6bb82b37f274c004f53c0f1"", ""share_of_parent"": 0.0037262737}, {""name"": ""Ekubo"", ""pool"": ""0x4519b483ae513d2c7d336bc8bdeacd7c4a3cd62116a5b108dfa115ebecf0845"", ""share_of_parent"": 1.0}, {""name"": ""Ekubo"", ""pool"": ""0x70e37dd1f443d2ae706724dc660fe9793f34dbf338107415ff4197e847338f9"", ""share_of_parent"": 1.0}, {""name"": ""Ekubo"", ""pool"": ""0x5e2515430a8316e9e708ccf8d8d2701f965a0dc5f06fa8de3d769a821d0e4cd"", ""share_of_parent"": 1.0}, {""name"": ""0dAMM"", ""pool"": ""0x256462984b6063ffe3d674449892577ab3777ad0ac0b2109797800914dcf1c1"", ""share_of_parent"": 0.03229170849999991}, {""name"": ""Ekubo"", ""pool"": ""0x55b5f9772697ad743ec6729541afa517c349097d1cced3abf77fa2e7307d8b9"", ""share_of_parent"": 0.9850896472}, {""name"": ""Ekubo"", ""pool"": ""0x144aeb3f417951bba73dd04b237f72d611d1b2e124fdf590528f57c704990ff"", ""share_of_parent"": 1.0}, {""name"": ""Ekubo"", ""pool"": ""0x5e2515430a8316e9e708ccf8d8d2701f965a0dc5f06fa8de3d769a821d0e4cd"", ""share_of_parent"": 1.0}, {""name"": ""Ekubo"", ""pool"": ""0xc25669ed8b70551736c7833dc0fde2d93d7829df3c0969aaadc642a36d4c98"", ""share_of_parent"": 0.014910352800000009}, {""name"": ""Ekubo"", ""pool"": ""0x70e37dd1f443d2ae706724dc660fe9793f34dbf338107415ff4197e847338f9"", ""share_of_parent"": 1.0}, {""name"": ""Endur"", ""pool"": ""0x6a567e68c805323525fe1649adb80b03cddf92c23d2629a6779f54192dffc13"", ""share_of_parent"": 0.120240807}, {""name"": ""Ekubo"", ""pool"": ""0x5e2515430a8316e9e708ccf8d8d2701f965a0dc5f06fa8de3d769a821d0e4cd"", ""share_of_parent"": 0.879759193}]",quote-CONVERSION_XWBTC-buy-10000.json
CONVERSION_XWBTC,0x6a567e68c805323525fe1649adb80b03cddf92c23d2629a6779f54192dffc13,False,buy,100000,0.9734528181382762,124040653,,2026-09-18T10:08:50.349955+00:00,https://starknet.api.avnu.fi/swap/v3/quotes?sellTokenAddress=0x033068f6539f8e6e6b131e6b2b814e6c34a5224bc66947c47dab9dfee93b35fb&buyTokenAddress=0x6a567e68c805323525fe1649adb80b03cddf92c23d2629a6779f54192dffc13&sellAmount=0x174876e800&size=1,"[{""name"": ""Ekubo"", ""pool"": ""0x59592b427f28fea4683279a034e443c03125e1159ab0b14cc29a04ecf57a443"", ""share_of_parent"": 0.4647392607}, {""name"": ""Ekubo"", ""pool"": ""0x144aeb3f417951bba73dd04b237f72d611d1b2e124fdf590528f57c704990ff"", ""share_of_parent"": 1.0}, {""name"": ""Ekubo"", ""pool"": ""0x5e2515430a8316e9e708ccf8d8d2701f965a0dc5f06fa8de3d769a821d0e4cd"", ""share_of_parent"": 1.0}, {""name"": ""Ekubo"", ""pool"": ""0x160f5d987caf56d8109427919172c1e45ef366ea1d7dcf105a3c5a5e794aea3"", ""share_of_parent"": 0.1521798201}, {""name"": ""Ekubo"", ""pool"": ""0x55b5f9772697ad743ec6729541afa517c349097d1cced3abf77fa2e7307d8b9"", ""share_of_parent"": 1.0}, {""name"": ""Ekubo"", ""pool"": ""0x144aeb3f417951bba73dd04b237f72d611d1b2e124fdf590528f57c704990ff"", ""share_of_parent"": 1.0}, {""name"": ""Ekubo"", ""pool"": ""0x5e2515430a8316e9e708ccf8d8d2701f965a0dc5f06fa8de3d769a821d0e4cd"", ""share_of_parent"": 1.0}, {""name"": ""Ekubo"", ""pool"": ""0x5dfce41b432a59570b82182d3f9f37abf7aee04a3faebc96ac367c4cb12d313"", ""share_of_parent"": 0.1572547452}, {""name"": ""Ekubo"", ""pool"": ""0x4ffe087d21be7dc329d29721d169f5f6522a6fce624e8ac3aed285c3fb42f50"", ""share_of_parent"": 1.0}, {""name"": ""Ekubo"", ""pool"": ""0x144aeb3f417951bba73dd04b237f72d611d1b2e124fdf590528f57c704990ff"", ""share_of_parent"": 1.0}, {""name"": ""Ekubo"", ""pool"": ""0x5e2515430a8316e9e708ccf8d8d2701f965a0dc5f06fa8de3d769a821d0e4cd"", ""share_of_parent"": 1.0}, {""name"": ""Ekubo"", ""pool"": ""0x3b8bb80f88207c0ed6a28b6f1152e97a8d8244b508497be52320ad1b63523d3"", ""share_of_parent"": 0.0196783216}, {""name"": ""Ekubo"", ""pool"": ""0xc25669ed8b70551736c7833dc0fde2d93d7829df3c0969aaadc642a36d4c98"", ""share_of_parent"": 1.0}, {""name"": ""Nostra"", ""pool"": ""0x1583919ffd78e87fa28fdf6b6a805fe3ddf52f754a63721dcd4c258211129a6"", ""share_of_parent"": 1.0}, {""name"": ""Ekubo"", ""pool"": ""0x5e2515430a8316e9e708ccf8d8d2701f965a0dc5f06fa8de3d769a821d0e4cd"", ""share_of_parent"": 1.0}, {""name"": ""Ekubo"", ""pool"": ""0x2e65ce680bf9243a7d3b0c40200c015f66be7602bfe8e24a0b4bbd2f4b0997"", ""share_of_parent"": 0.1398541458}, {""name"": ""Ekubo"", ""pool"": ""0x5e2515430a8316e9e708ccf8d8d2701f965a0dc5f06fa8de3d769a821d0e4cd"", ""share_of_parent"": 1.0}, {""name"": ""Ekubo"", ""pool"": ""0x7dfd50ffb20b9192a67fea997bb2ecc4a35346dd6bb82b37f274c004f53c0f1"", ""share_of_parent"": 0.0091508491}, {""name"": ""10kSwap"", ""pool"": ""0x5900cfa2b50d53b097cb305d54e249e31f24f881885aae5639b0cd6af4ed298"", ""share_of_parent"": 0.0541554798}, {""name"": ""Nostra"", ""pool"": ""0x1583919ffd78e87fa28fdf6b6a805fe3ddf52f754a63721dcd4c258211129a6"", ""share_of_parent"": 1.0}, {""name"": ""Ekubo"", ""pool"": ""0x5e2515430a8316e9e708ccf8d8d2701f965a0dc5f06fa8de3d769a821d0e4cd"", ""share_of_parent"": 1.0}, {""name"": ""JediSwap"", ""pool"": ""0x45e7131d776dddc137e30bdd490b431c7144677e97bf9369f629ed8d3fb7dd6"", ""share_of_parent"": 0.0801399032}, {""name"": ""Nostra"", ""pool"": ""0x1583919ffd78e87fa28fdf6b6a805fe3ddf52f754a63721dcd4c258211129a6"", ""share_of_parent"": 1.0}, {""name"": ""Ekubo"", ""pool"": ""0x5e2515430a8316e9e708ccf8d8d2701f965a0dc5f06fa8de3d769a821d0e4cd"", ""share_of_parent"": 1.0}, {""name"": ""Ekubo"", ""pool"": ""0x4519b483ae513d2c7d336bc8bdeacd7c4a3cd62116a5b108dfa115ebecf0845"", ""share_of_parent"": 0.865704617}, {""name"": ""Ekubo"", ""pool"": ""0x70e37dd1f443d2ae706724dc660fe9793f34dbf338107415ff4197e847338f9"", ""share_of_parent"": 1.0}, {""name"": ""Ekubo"", ""pool"": ""0x5e2515430a8316e9e708ccf8d8d2701f965a0dc5f06fa8de3d769a821d0e4cd"", ""share_of_parent"": 1.0}, {""name"": ""0dAMM"", ""pool"": ""0x256462984b6063ffe3d674449892577ab3777ad0ac0b2109797800914dcf1c1"", ""share_of_parent"": 0.05714285750000003}, {""name"": ""Ekubo"", ""pool"": ""0x55b5f9772697ad743ec6729541afa517c349097d1cced3abf77fa2e7307d8b9"", ""share_of_parent"": 1.0}, {""name"": ""Ekubo"", ""pool"": ""0x144aeb3f417951bba73dd04b237f72d611d1b2e124fdf590528f57c704990ff"", ""share_of_parent"": 1.0}, {""name"": ""Ekubo"", ""pool"": ""0x5e2515430a8316e9e708ccf8d8d2701f965a0dc5f06fa8de3d769a821d0e4cd"", ""share_of_parent"": 1.0}]",quote-CONVERSION_XWBTC-buy-100000.json
CONVERSION_XWBTC,0x6a567e68c805323525fe1649adb80b03cddf92c23d2629a6779f54192dffc13,False,sell,10,0.0,9966812,9.966812,2026-09-18T10:08:44.793992+00:00,https://starknet.api.avnu.fi/swap/v3/quotes?sellTokenAddress=0x6a567e68c805323525fe1649adb80b03cddf92c23d2629a6779f54192dffc13&buyTokenAddress=0x033068f6539f8e6e6b131e6b2b814e6c34a5224bc66947c47dab9dfee93b35fb&sellAmount=0x30a2&size=1,"[{""name"": ""Ekubo"", ""pool"": ""0x5e2515430a8316e9e708ccf8d8d2701f965a0dc5f06fa8de3d769a821d0e4cd"", ""share_of_parent"": 1.0}, {""name"": ""Ekubo"", ""pool"": ""0x777df52c2a1966773817eacf5d36481fb77679fa915c78bf7dc6dd3db2c105"", ""share_of_parent"": 1.0}, {""name"": ""0dAMM"", ""pool"": ""0x256462984b6063ffe3d674449892577ab3777ad0ac0b2109797800914dcf1c1"", ""share_of_parent"": 1.0}]",quote-CONVERSION_XWBTC-sell-10.json
CONVERSION_XWBTC,0x6a567e68c805323525fe1649adb80b03cddf92c23d2629a6779f54192dffc13,False,sell,100,0.08024732482161401,99588139,99.588139,2026-09-18T10:08:47.367384+00:00,https://starknet.api.avnu.fi/swap/v3/quotes?sellTokenAddress=0x6a567e68c805323525fe1649adb80b03cddf92c23d2629a6779f54192dffc13&buyTokenAddress=0x033068f6539f8e6e6b131e6b2b814e6c34a5224bc66947c47dab9dfee93b35fb&sellAmount=0x1e65a&size=1,"[{""name"": ""Ekubo"", ""pool"": ""0x5e2515430a8316e9e708ccf8d8d2701f965a0dc5f06fa8de3d769a821d0e4cd"", ""share_of_parent"": 1.0}, {""name"": ""0dAMM"", ""pool"": ""0x1bfb102cbf19897dc230d4f6032f5d660454706d52944ff74ab237ee18723ec"", ""share_of_parent"": 1.0}]",quote-CONVERSION_XWBTC-sell-100.json
CONVERSION_XWBTC,0x6a567e68c805323525fe1649adb80b03cddf92c23d2629a6779f54192dffc13,False,sell,1000,0.11570620575566126,995527978,995.527978,2026-09-18T10:08:48.289750+00:00,https://starknet.api.avnu.fi/swap/v3/quotes?sellTokenAddress=0x6a567e68c805323525fe1649adb80b03cddf92c23d2629a6779f54192dffc13&buyTokenAddress=0x033068f6539f8e6e6b131e6b2b814e6c34a5224bc66947c47dab9dfee93b35fb&sellAmount=0x12ff8b&size=1,"[{""name"": ""Ekubo"", ""pool"": ""0x5e2515430a8316e9e708ccf8d8d2701f965a0dc5f06fa8de3d769a821d0e4cd"", ""share_of_parent"": 1.0}, {""name"": ""0dAMM"", ""pool"": ""0x1bfb102cbf19897dc230d4f6032f5d660454706d52944ff74ab237ee18723ec"", ""share_of_parent"": 1.0}]",quote-CONVERSION_XWBTC-sell-1000.json
CONVERSION_XWBTC,0x6a567e68c805323525fe1649adb80b03cddf92c23d2629a6779f54192dffc13,False,sell,10000,0.27351988780364156,9939550787,9939.550787,2026-09-18T10:08:49.758682+00:00,https://starknet.api.avnu.fi/swap/v3/quotes?sellTokenAddress=0x6a567e68c805323525fe1649adb80b03cddf92c23d2629a6779f54192dffc13&buyTokenAddress=0x033068f6539f8e6e6b131e6b2b814e6c34a5224bc66947c47dab9dfee93b35fb&sellAmount=0xbdfb6f&size=1,"[{""name"": ""Ekubo"", ""pool"": ""0x5e2515430a8316e9e708ccf8d8d2701f965a0dc5f06fa8de3d769a821d0e4cd"", ""share_of_parent"": 1.0}, {""name"": ""Ekubo"", ""pool"": ""0x144aeb3f417951bba73dd04b237f72d611d1b2e124fdf590528f57c704990ff"", ""share_of_parent"": 0.5457060147}, {""name"": ""Ekubo"", ""pool"": ""0x59592b427f28fea4683279a034e443c03125e1159ab0b14cc29a04ecf57a443"", ""share_of_parent"": 1.0}, {""name"": ""Ekubo"", ""pool"": ""0x70c7729dcb5b2eab110331619cdc5c7ab894ff0b604b2dd3204df40517202a5"", ""share_of_parent"": 0.0160416552}, {""name"": ""Ekubo"", ""pool"": ""0x5dfce41b432a59570b82182d3f9f37abf7aee04a3faebc96ac367c4cb12d313"", ""share_of_parent"": 1.0}, {""name"": ""Nostra"", ""pool"": ""0x1583919ffd78e87fa28fdf6b6a805fe3ddf52f754a63721dcd4c258211129a6"", ""share_of_parent"": 0.0650385696}, {""name"": ""Ekubo"", ""pool"": ""0x160f5d987caf56d8109427919172c1e45ef366ea1d7dcf105a3c5a5e794aea3"", ""share_of_parent"": 1.0}, {""name"": ""Ekubo"", ""pool"": ""0x2e65ce680bf9243a7d3b0c40200c015f66be7602bfe8e24a0b4bbd2f4b0997"", ""share_of_parent"": 0.0295641481}, {""name"": ""0dAMM"", ""pool"": ""0x1bfb102cbf19897dc230d4f6032f5d660454706d52944ff74ab237ee18723ec"", ""share_of_parent"": 0.3436496124}]",quote-CONVERSION_XWBTC-sell-10000.json
CONVERSION_XWBTC,0x6a567e68c805323525fe1649adb80b03cddf92c23d2629a6779f54192dffc13,False,sell,100000,0.7184617167455332,98952042714,98952.042714,2026-09-18T10:08:50.850597+00:00,https://starknet.api.avnu.fi/swap/v3/quotes?sellTokenAddress=0x6a567e68c805323525fe1649adb80b03cddf92c23d2629a6779f54192dffc13&buyTokenAddress=0x033068f6539f8e6e6b131e6b2b814e6c34a5224bc66947c47dab9dfee93b35fb&sellAmount=0x76bd25f&size=1,"[{""name"": ""Ekubo"", ""pool"": ""0x5e2515430a8316e9e708ccf8d8d2701f965a0dc5f06fa8de3d769a821d0e4cd"", ""share_of_parent"": 1.0}, {""name"": ""Ekubo"", ""pool"": ""0x144aeb3f417951bba73dd04b237f72d611d1b2e124fdf590528f57c704990ff"", ""share_of_parent"": 0.7271630598}, {""name"": ""Ekubo"", ""pool"": ""0x55b5f9772697ad743ec6729541afa517c349097d1cced3abf77fa2e7307d8b9"", ""share_of_parent"": 0.2781430831}, {""name"": ""Ekubo"", ""pool"": ""0x160f5d987caf56d8109427919172c1e45ef366ea1d7dcf105a3c5a5e794aea3"", ""share_of_parent"": 0.6702369818}, {""name"": ""0dAMM"", ""pool"": ""0x256462984b6063ffe3d674449892577ab3777ad0ac0b2109797800914dcf1c1"", ""share_of_parent"": 0.32976301820000004}, {""name"": ""Ekubo"", ""pool"": ""0x4ffe087d21be7dc329d29721d169f5f6522a6fce624e8ac3aed285c3fb42f50"", ""share_of_parent"": 0.3433468413}, {""name"": ""Ekubo"", ""pool"": ""0x5dfce41b432a59570b82182d3f9f37abf7aee04a3faebc96ac367c4cb12d313"", ""share_of_parent"": 0.342166174}, {""name"": ""0dAMM"", ""pool"": ""0xd7b9aeed671dfd92653c682fb4a06db88fed691c5c8c7c6e74c8ef5421159c"", ""share_of_parent"": 0.657833826}, {""name"": ""Ekubo"", ""pool"": ""0x59592b427f28fea4683279a034e443c03125e1159ab0b14cc29a04ecf57a443"", ""share_of_parent"": 0.3785100756}, {""name"": ""Ekubo"", ""pool"": ""0x52699044a42c3514ac16a2f451db35258d2ca9834b70516fd0a2ced8839e69c"", ""share_of_parent"": 0.1205027247}, {""name"": ""Ekubo"", ""pool"": ""0x7f19f85f9d2e250c58f12c165fff027d57afa00950bab1e21a01fcad694610"", ""share_of_parent"": 1.0}, {""name"": ""Ekubo"", ""pool"": ""0x59592b427f28fea4683279a034e443c03125e1159ab0b14cc29a04ecf57a443"", ""share_of_parent"": 1.0}, {""name"": ""Ekubo"", ""pool"": ""0x2e65ce680bf9243a7d3b0c40200c015f66be7602bfe8e24a0b4bbd2f4b0997"", ""share_of_parent"": 0.1026343535}, {""name"": ""0dAMM"", ""pool"": ""0x1bfb102cbf19897dc230d4f6032f5d660454706d52944ff74ab237ee18723ec"", ""share_of_parent"": 0.049699862000000025}]",quote-CONVERSION_XWBTC-sell-100000.json
CONVERSION_XSTRKBTC,0x47751b3532fabca89b0f2e35ca1cb45e5a7b11d5e3d3663dfa1f4406b45fd88,False,buy,10,0.0,12789,,2026-09-18T10:08:46.059442+00:00,https://starknet.api.avnu.fi/swap/v3/quotes?sellTokenAddress=0x033068f6539f8e6e6b131e6b2b814e6c34a5224bc66947c47dab9dfee93b35fb&buyTokenAddress=0x47751b3532fabca89b0f2e35ca1cb45e5a7b11d5e3d3663dfa1f4406b45fd88&sellAmount=0x989680&size=1,"[{""name"": ""0dAMM"", ""pool"": ""0xd7b9aeed671dfd92653c682fb4a06db88fed691c5c8c7c6e74c8ef5421159c"", ""share_of_parent"": 1.0}, {""name"": ""Ekubo"", ""pool"": ""0x4ffe087d21be7dc329d29721d169f5f6522a6fce624e8ac3aed285c3fb42f50"", ""share_of_parent"": 1.0}, {""name"": ""Ekubo"", ""pool"": ""0x63ce2b8ae986a946649f1f208b280f2d1fc14111bdc03dba82889a1561ebc2a"", ""share_of_parent"": 1.0}]",quote-CONVERSION_XSTRKBTC-buy-10.json
CONVERSION_XSTRKBTC,0x47751b3532fabca89b0f2e35ca1cb45e5a7b11d5e3d3663dfa1f4406b45fd88,False,buy,100,0.1204159824849449,127736,,2026-09-18T10:08:48.420830+00:00,https://starknet.api.avnu.fi/swap/v3/quotes?sellTokenAddress=0x033068f6539f8e6e6b131e6b2b814e6c34a5224bc66947c47dab9dfee93b35fb&buyTokenAddress=0x47751b3532fabca89b0f2e35ca1cb45e5a7b11d5e3d3663dfa1f4406b45fd88&sellAmount=0x5f5e100&size=1,"[{""name"": ""0dAMM"", ""pool"": ""0xd7b9aeed671dfd92653c682fb4a06db88fed691c5c8c7c6e74c8ef5421159c"", ""share_of_parent"": 1.0}, {""name"": ""Ekubo"", ""pool"": ""0x4ffe087d21be7dc329d29721d169f5f6522a6fce624e8ac3aed285c3fb42f50"", ""share_of_parent"": 1.0}, {""name"": ""Ekubo"", ""pool"": ""0x63ce2b8ae986a946649f1f208b280f2d1fc14111bdc03dba82889a1561ebc2a"", ""share_of_parent"": 1.0}]",quote-CONVERSION_XSTRKBTC-buy-100.json
CONVERSION_XSTRKBTC,0x47751b3532fabca89b0f2e35ca1cb45e5a7b11d5e3d3663dfa1f4406b45fd88,False,buy,1000,0.24724372507624048,1275738,,2026-09-18T10:08:50.687292+00:00,https://starknet.api.avnu.fi/swap/v3/quotes?sellTokenAddress=0x033068f6539f8e6e6b131e6b2b814e6c34a5224bc66947c47dab9dfee93b35fb&buyTokenAddress=0x47751b3532fabca89b0f2e35ca1cb45e5a7b11d5e3d3663dfa1f4406b45fd88&sellAmount=0x3b9aca00&size=1,"[{""name"": ""Ekubo"", ""pool"": ""0x5dfce41b432a59570b82182d3f9f37abf7aee04a3faebc96ac367c4cb12d313"", ""share_of_parent"": 0.0902425065}, {""name"": ""Ekubo"", ""pool"": ""0x4ffe087d21be7dc329d29721d169f5f6522a6fce624e8ac3aed285c3fb42f50"", ""share_of_parent"": 1.0}, {""name"": ""Ekubo"", ""pool"": ""0x63ce2b8ae986a946649f1f208b280f2d1fc14111bdc03dba82889a1561ebc2a"", ""share_of_parent"": 1.0}, {""name"": ""Ekubo"", ""pool"": ""0x2e65ce680bf9243a7d3b0c40200c015f66be7602bfe8e24a0b4bbd2f4b0997"", ""share_of_parent"": 0.2682657371}, {""name"": ""Ekubo"", ""pool"": ""0x144aeb3f417951bba73dd04b237f72d611d1b2e124fdf590528f57c704990ff"", ""share_of_parent"": 1.0}, {""name"": ""Ekubo"", ""pool"": ""0x63ce2b8ae986a946649f1f208b280f2d1fc14111bdc03dba82889a1561ebc2a"", ""share_of_parent"": 1.0}, {""name"": ""0dAMM"", ""pool"": ""0xd7b9aeed671dfd92653c682fb4a06db88fed691c5c8c7c6e74c8ef5421159c"", ""share_of_parent"": 0.4421381434}, {""name"": ""Ekubo"", ""pool"": ""0x4ffe087d21be7dc329d29721d169f5f6522a6fce624e8ac3aed285c3fb42f50"", ""share_of_parent"": 1.0}, {""name"": ""Ekubo"", ""pool"": ""0x63ce2b8ae986a946649f1f208b280f2d1fc14111bdc03dba82889a1561ebc2a"", ""share_of_parent"": 1.0}, {""name"": ""0dAMM"", ""pool"": ""0x256462984b6063ffe3d674449892577ab3777ad0ac0b2109797800914dcf1c1"", ""share_of_parent"": 0.1238723216}, {""name"": ""Ekubo"", ""pool"": ""0x55b5f9772697ad743ec6729541afa517c349097d1cced3abf77fa2e7307d8b9"", ""share_of_parent"": 1.0}, {""name"": ""Ekubo"", ""pool"": ""0x63ce2b8ae986a946649f1f208b280f2d1fc14111bdc03dba82889a1561ebc2a"", ""share_of_parent"": 1.0}, {""name"": ""0dAMM"", ""pool"": ""0x1bfb102cbf19897dc230d4f6032f5d660454706d52944ff74ab237ee18723ec"", ""share_of_parent"": 0.07548129140000003}, {""name"": ""Ekubo"", ""pool"": ""0x144aeb3f417951bba73dd04b237f72d611d1b2e124fdf590528f57c704990ff"", ""share_of_parent"": 1.0}, {""name"": ""Endur"", ""pool"": ""0x47751b3532fabca89b0f2e35ca1cb45e5a7b11d5e3d3663dfa1f4406b45fd88"", ""share_of_parent"": 0.1711539257}, {""name"": ""Ekubo"", ""pool"": ""0x63ce2b8ae986a946649f1f208b280f2d1fc14111bdc03dba82889a1561ebc2a"", ""share_of_parent"": 0.8288460743}]",quote-CONVERSION_XSTRKBTC-buy-1000.json
CONVERSION_XSTRKBTC,0x47751b3532fabca89b0f2e35ca1cb45e5a7b11d5e3d3663dfa1f4406b45fd88,False,buy,10000,0.3895144264602357,12739185,,2026-09-18T10:08:51.801898+00:00,https://starknet.api.avnu.fi/swap/v3/quotes?sellTokenAddress=0x033068f6539f8e6e6b131e6b2b814e6c34a5224bc66947c47dab9dfee93b35fb&buyTokenAddress=0x47751b3532fabca89b0f2e35ca1cb45e5a7b11d5e3d3663dfa1f4406b45fd88&sellAmount=0x2540be400&size=1,"[{""name"": ""Ekubo"", ""pool"": ""0x59592b427f28fea4683279a034e443c03125e1159ab0b14cc29a04ecf57a443"", ""share_of_parent"": 0.4513886113}, {""name"": ""Ekubo"", ""pool"": ""0x63ce2b8ae986a946649f1f208b280f2d1fc14111bdc03dba82889a1561ebc2a"", ""share_of_parent"": 1.0}, {""name"": ""Ekubo"", ""pool"": ""0x160f5d987caf56d8109427919172c1e45ef366ea1d7dcf105a3c5a5e794aea3"", ""share_of_parent"": 0.1294685314}, {""name"": ""Ekubo"", ""pool"": ""0x55b5f9772697ad743ec6729541afa517c349097d1cced3abf77fa2e7307d8b9"", ""share_of_parent"": 1.0}, {""name"": ""Ekubo"", ""pool"": ""0x63ce2b8ae986a946649f1f208b280f2d1fc14111bdc03dba82889a1561ebc2a"", ""share_of_parent"": 1.0}, {""name"": ""Ekubo"", ""pool"": ""0x5dfce41b432a59570b82182d3f9f37abf7aee04a3faebc96ac367c4cb12d313"", ""share_of_parent"": 0.1678801198}, {""name"": ""Ekubo"", ""pool"": ""0x4ffe087d21be7dc329d29721d169f5f6522a6fce624e8ac3aed285c3fb42f50"", ""share_of_parent"": 1.0}, {""name"": ""Ekubo"", ""pool"": ""0x63ce2b8ae986a946649f1f208b280f2d1fc14111bdc03dba82889a1561ebc2a"", ""share_of_parent"": 1.0}, {""name"": ""Ekubo"", ""pool"": ""0x2e65ce680bf9243a7d3b0c40200c015f66be7602bfe8e24a0b4bbd2f4b0997"", ""share_of_parent"": 0.1734465534}, {""name"": ""Ekubo"", ""pool"": ""0x144aeb3f417951bba73dd04b237f72d611d1b2e124fdf590528f57c704990ff"", ""share_of_parent"": 1.0}, {""name"": ""Ekubo"", ""pool"": ""0x63ce2b8ae986a946649f1f208b280f2d1fc14111bdc03dba82889a1561ebc2a"", ""share_of_parent"": 1.0}, {""name"": ""0dAMM"", ""pool"": ""0x256462984b6063ffe3d674449892577ab3777ad0ac0b2109797800914dcf1c1"", ""share_of_parent"": 0.0599860139}, {""name"": ""Ekubo"", ""pool"": ""0x55b5f9772697ad743ec6729541afa517c349097d1cced3abf77fa2e7307d8b9"", ""share_of_parent"": 1.0}, {""name"": ""Ekubo"", ""pool"": ""0x63ce2b8ae986a946649f1f208b280f2d1fc14111bdc03dba82889a1561ebc2a"", ""share_of_parent"": 1.0}, {""name"": ""0dAMM"", ""pool"": ""0x1bfb102cbf19897dc230d4f6032f5d660454706d52944ff74ab237ee18723ec"", ""share_of_parent"": 0.017830170200000033}, {""name"": ""Ekubo"", ""pool"": ""0x144aeb3f417951bba73dd04b237f72d611d1b2e124fdf590528f57c704990ff"", ""share_of_parent"": 1.0}, {""name"": ""Endur"", ""pool"": ""0x47751b3532fabca89b0f2e35ca1cb45e5a7b11d5e3d3663dfa1f4406b45fd88"", ""share_of_parent"": 0.0038066452}, {""name"": ""Ekubo"", ""pool"": ""0x63ce2b8ae986a946649f1f208b280f2d1fc14111bdc03dba82889a1561ebc2a"", ""share_of_parent"": 0.9961933548}]",quote-CONVERSION_XSTRKBTC-buy-10000.json
CONVERSION_XSTRKBTC,0x47751b3532fabca89b0f2e35ca1cb45e5a7b11d5e3d3663dfa1f4406b45fd88,False,buy,100000,1.0513597622957227,126545416,,2026-09-18T10:08:53.087282+00:00,https://starknet.api.avnu.fi/swap/v3/quotes?sellTokenAddress=0x033068f6539f8e6e6b131e6b2b814e6c34a5224bc66947c47dab9dfee93b35fb&buyTokenAddress=0x47751b3532fabca89b0f2e35ca1cb45e5a7b11d5e3d3663dfa1f4406b45fd88&sellAmount=0x174876e800&size=1,"[{""name"": ""Ekubo"", ""pool"": ""0x59592b427f28fea4683279a034e443c03125e1159ab0b14cc29a04ecf57a443"", ""share_of_parent"": 0.4152988367}, {""name"": ""Endur"", ""pool"": ""0x47751b3532fabca89b0f2e35ca1cb45e5a7b11d5e3d3663dfa1f4406b45fd88"", ""share_of_parent"": 0.9999833845}, {""name"": ""Ekubo"", ""pool"": ""0x63ce2b8ae986a946649f1f208b280f2d1fc14111bdc03dba82889a1561ebc2a"", ""share_of_parent"": 1.6615500000008274e-05}, {""name"": ""Ekubo"", ""pool"": ""0x160f5d987caf56d8109427919172c1e45ef366ea1d7dcf105a3c5a5e794aea3"", ""share_of_parent"": 0.0981984166}, {""name"": ""Ekubo"", ""pool"": ""0x55b5f9772697ad743ec6729541afa517c349097d1cced3abf77fa2e7307d8b9"", ""share_of_parent"": 1.0}, {""name"": ""Endur"", ""pool"": ""0x47751b3532fabca89b0f2e35ca1cb45e5a7b11d5e3d3663dfa1f4406b45fd88"", ""share_of_parent"": 0.7374622856}, {""name"": ""Ekubo"", ""pool"": ""0x63ce2b8ae986a946649f1f208b280f2d1fc14111bdc03dba82889a1561ebc2a"", ""share_of_parent"": 0.2625377144}, {""name"": ""Ekubo"", ""pool"": ""0x5dfce41b432a59570b82182d3f9f37abf7aee04a3faebc96ac367c4cb12d313"", ""share_of_parent"": 0.1206181586}, {""name"": ""Ekubo"", ""pool"": ""0x4ffe087d21be7dc329d29721d169f5f6522a6fce624e8ac3aed285c3fb42f50"", ""share_of_parent"": 1.0}, {""name"": ""Endur"", ""pool"": ""0x47751b3532fabca89b0f2e35ca1cb45e5a7b11d5e3d3663dfa1f4406b45fd88"", ""share_of_parent"": 0.1967353633}, {""name"": ""Ekubo"", ""pool"": ""0x63ce2b8ae986a946649f1f208b280f2d1fc14111bdc03dba82889a1561ebc2a"", ""share_of_parent"": 0.8032646367}, {""name"": ""Ekubo"", ""pool"": ""0x2e65ce680bf9243a7d3b0c40200c015f66be7602bfe8e24a0b4bbd2f4b0997"", ""share_of_parent"": 0.1674740998}, {""name"": ""Ekubo"", ""pool"": ""0x144aeb3f417951bba73dd04b237f72d611d1b2e124fdf590528f57c704990ff"", ""share_of_parent"": 1.0}, {""name"": ""Endur"", ""pool"": ""0x47751b3532fabca89b0f2e35ca1cb45e5a7b11d5e3d3663dfa1f4406b45fd88"", ""share_of_parent"": 1.0}, {""name"": ""Ekubo(Oracle)"", ""pool"": ""0x11c6618b5abc3c0a95cbc7f33c9c52ae0598862a6b7a2f3d64e90e833d8b854"", ""share_of_parent"": 1.38886e-05}, {""name"": ""Ekubo(Twamm)"", ""pool"": ""0x1cd40eb91c8f9ed51c85b97227a9d94c529ea4980404c117bddd4dac9e25bbd"", ""share_of_parent"": 1.0}, {""name"": ""Endur"", ""pool"": ""0x47751b3532fabca89b0f2e35ca1cb45e5a7b11d5e3d3663dfa1f4406b45fd88"", ""share_of_parent"": 0.50456621}, {""name"": ""Ekubo"", ""pool"": ""0x63ce2b8ae986a946649f1f208b280f2d1fc14111bdc03dba82889a1561ebc2a"", ""share_of_parent"": 0.49543379}, {""name"": ""0dAMM"", ""pool"": ""0x256462984b6063ffe3d674449892577ab3777ad0ac0b2109797800914dcf1c1"", ""share_of_parent"": 0.0694592267}, {""name"": ""Ekubo"", ""pool"": ""0x55b5f9772697ad743ec6729541afa517c349097d1cced3abf77fa2e7307d8b9"", ""share_of_parent"": 1.0}, {""name"": ""Endur"", ""pool"": ""0x47751b3532fabca89b0f2e35ca1cb45e5a7b11d5e3d3663dfa1f4406b45fd88"", ""share_of_parent"": 0.8622362693}, {""name"": ""Ekubo"", ""pool"": ""0x63ce2b8ae986a946649f1f208b280f2d1fc14111bdc03dba82889a1561ebc2a"", ""share_of_parent"": 0.1377637307}, {""name"": ""0dAMM"", ""pool"": ""0x1bfb102cbf19897dc230d4f6032f5d660454706d52944ff74ab237ee18723ec"", ""share_of_parent"": 0.1289304285}, {""name"": ""Ekubo"", ""pool"": ""0x144aeb3f417951bba73dd04b237f72d611d1b2e124fdf590528f57c704990ff"", ""share_of_parent"": 1.0}, {""name"": ""Ekubo"", ""pool"": ""0x63ce2b8ae986a946649f1f208b280f2d1fc14111bdc03dba82889a1561ebc2a"", ""share_of_parent"": 1.0}, {""name"": ""Ekubo"", ""pool"": ""0x4edf688b34e7a4e58f6e52dbc8f24847f2df6089f2d747980b85ad4be05bdc9"", ""share_of_parent"": 6.9444999999055255e-06}, {""name"": ""Ekubo(Twamm)"", ""pool"": ""0x1cd40eb91c8f9ed51c85b97227a9d94c529ea4980404c117bddd4dac9e25bbd"", ""share_of_parent"": 1.0}, {""name"": ""Ekubo"", ""pool"": ""0x63ce2b8ae986a946649f1f208b280f2d1fc14111bdc03dba82889a1561ebc2a"", ""share_of_parent"": 1.0}]",quote-CONVERSION_XSTRKBTC-buy-100000.json
CONVERSION_XSTRKBTC,0x47751b3532fabca89b0f2e35ca1cb45e5a7b11d5e3d3663dfa1f4406b45fd88,False,sell,10,0.0,9944100,9.9441,2026-09-18T10:08:46.960512+00:00,https://starknet.api.avnu.fi/swap/v3/quotes?sellTokenAddress=0x47751b3532fabca89b0f2e35ca1cb45e5a7b11d5e3d3663dfa1f4406b45fd88&buyTokenAddress=0x033068f6539f8e6e6b131e6b2b814e6c34a5224bc66947c47dab9dfee93b35fb&sellAmount=0x319b&size=1,"[{""name"": ""Ekubo"", ""pool"": ""0x63ce2b8ae986a946649f1f208b280f2d1fc14111bdc03dba82889a1561ebc2a"", ""share_of_parent"": 1.0}, {""name"": ""Ekubo"", ""pool"": ""0x144aeb3f417951bba73dd04b237f72d611d1b2e124fdf590528f57c704990ff"", ""share_of_parent"": 1.0}, {""name"": ""0dAMM"", ""pool"": ""0x1bfb102cbf19897dc230d4f6032f5d660454706d52944ff74ab237ee18723ec"", ""share_of_parent"": 1.0}]",quote-CONVERSION_XSTRKBTC-sell-10.json
CONVERSION_XSTRKBTC,0x47751b3532fabca89b0f2e35ca1cb45e5a7b11d5e3d3663dfa1f4406b45fd88,False,sell,100,-0.0034814613690592466,99444462,99.444462,2026-09-18T10:08:50.176094+00:00,https://starknet.api.avnu.fi/swap/v3/quotes?sellTokenAddress=0x47751b3532fabca89b0f2e35ca1cb45e5a7b11d5e3d3663dfa1f4406b45fd88&buyTokenAddress=0x033068f6539f8e6e6b131e6b2b814e6c34a5224bc66947c47dab9dfee93b35fb&sellAmount=0x1f014&size=1,"[{""name"": ""Ekubo"", ""pool"": ""0x63ce2b8ae986a946649f1f208b280f2d1fc14111bdc03dba82889a1561ebc2a"", ""share_of_parent"": 1.0}, {""name"": ""Ekubo"", ""pool"": ""0x144aeb3f417951bba73dd04b237f72d611d1b2e124fdf590528f57c704990ff"", ""share_of_parent"": 1.0}, {""name"": ""0dAMM"", ""pool"": ""0x1bfb102cbf19897dc230d4f6032f5d660454706d52944ff74ab237ee18723ec"", ""share_of_parent"": 1.0}]",quote-CONVERSION_XSTRKBTC-sell-100.json
CONVERSION_XSTRKBTC,0x47751b3532fabca89b0f2e35ca1cb45e5a7b11d5e3d3663dfa1f4406b45fd88,False,sell,1000,0.03217415351817188,994090057,994.090057,2026-09-18T10:08:51.288024+00:00,https://starknet.api.avnu.fi/swap/v3/quotes?sellTokenAddress=0x47751b3532fabca89b0f2e35ca1cb45e5a7b11d5e3d3663dfa1f4406b45fd88&buyTokenAddress=0x033068f6539f8e6e6b131e6b2b814e6c34a5224bc66947c47dab9dfee93b35fb&sellAmount=0x1360cf&size=1,"[{""name"": ""Ekubo"", ""pool"": ""0x63ce2b8ae986a946649f1f208b280f2d1fc14111bdc03dba82889a1561ebc2a"", ""share_of_parent"": 1.0}, {""name"": ""Ekubo"", ""pool"": ""0x144aeb3f417951bba73dd04b237f72d611d1b2e124fdf590528f57c704990ff"", ""share_of_parent"": 1.0}, {""name"": ""0dAMM"", ""pool"": ""0x1bfb102cbf19897dc230d4f6032f5d660454706d52944ff74ab237ee18723ec"", ""share_of_parent"": 1.0}]",quote-CONVERSION_XSTRKBTC-sell-1000.json
CONVERSION_XSTRKBTC,0x47751b3532fabca89b0f2e35ca1cb45e5a7b11d5e3d3663dfa1f4406b45fd88,False,sell,10000,0.16589438963807712,9927603296,9927.603296,2026-09-18T10:08:52.395228+00:00,https://starknet.api.avnu.fi/swap/v3/quotes?sellTokenAddress=0x47751b3532fabca89b0f2e35ca1cb45e5a7b11d5e3d3663dfa1f4406b45fd88&buyTokenAddress=0x033068f6539f8e6e6b131e6b2b814e6c34a5224bc66947c47dab9dfee93b35fb&sellAmount=0xc1c81c&size=1,"[{""name"": ""Ekubo"", ""pool"": ""0x63ce2b8ae986a946649f1f208b280f2d1fc14111bdc03dba82889a1561ebc2a"", ""share_of_parent"": 1.0}, {""name"": ""Ekubo"", ""pool"": ""0x144aeb3f417951bba73dd04b237f72d611d1b2e124fdf590528f57c704990ff"", ""share_of_parent"": 0.5067236576}, {""name"": ""Ekubo"", ""pool"": ""0x2e65ce680bf9243a7d3b0c40200c015f66be7602bfe8e24a0b4bbd2f4b0997"", ""share_of_parent"": 0.0571409132}, {""name"": ""0dAMM"", ""pool"": ""0x1bfb102cbf19897dc230d4f6032f5d660454706d52944ff74ab237ee18723ec"", ""share_of_parent"": 0.9428590868}, {""name"": ""Ekubo"", ""pool"": ""0x55b5f9772697ad743ec6729541afa517c349097d1cced3abf77fa2e7307d8b9"", ""share_of_parent"": 0.1358191541}, {""name"": ""Ekubo"", ""pool"": ""0x160f5d987caf56d8109427919172c1e45ef366ea1d7dcf105a3c5a5e794aea3"", ""share_of_parent"": 0.5721493472}, {""name"": ""0dAMM"", ""pool"": ""0x256462984b6063ffe3d674449892577ab3777ad0ac0b2109797800914dcf1c1"", ""share_of_parent"": 0.4278506528}, {""name"": ""Ekubo"", ""pool"": ""0x4ffe087d21be7dc329d29721d169f5f6522a6fce624e8ac3aed285c3fb42f50"", ""share_of_parent"": 0.0282214226}, {""name"": ""Ekubo"", ""pool"": ""0x5dfce41b432a59570b82182d3f9f37abf7aee04a3faebc96ac367c4cb12d313"", ""share_of_parent"": 1.0}, {""name"": ""Ekubo"", ""pool"": ""0x59592b427f28fea4683279a034e443c03125e1159ab0b14cc29a04ecf57a443"", ""share_of_parent"": 0.3292357656999999}]",quote-CONVERSION_XSTRKBTC-sell-10000.json
CONVERSION_XSTRKBTC,0x47751b3532fabca89b0f2e35ca1cb45e5a7b11d5e3d3663dfa1f4406b45fd88,False,sell,100000,0.680049228185553,98764752247,98764.752247,2026-09-18T10:08:53.550326+00:00,https://starknet.api.avnu.fi/swap/v3/quotes?sellTokenAddress=0x47751b3532fabca89b0f2e35ca1cb45e5a7b11d5e3d3663dfa1f4406b45fd88&buyTokenAddress=0x033068f6539f8e6e6b131e6b2b814e6c34a5224bc66947c47dab9dfee93b35fb&sellAmount=0x791d119&size=1,"[{""name"": ""Ekubo"", ""pool"": ""0x63ce2b8ae986a946649f1f208b280f2d1fc14111bdc03dba82889a1561ebc2a"", ""share_of_parent"": 1.0}, {""name"": ""Ekubo"", ""pool"": ""0x144aeb3f417951bba73dd04b237f72d611d1b2e124fdf590528f57c704990ff"", ""share_of_parent"": 0.2031819186}, {""name"": ""Nostra"", ""pool"": ""0x1583919ffd78e87fa28fdf6b6a805fe3ddf52f754a63721dcd4c258211129a6"", ""share_of_parent"": 0.2990192341}, {""name"": ""0dAMM"", ""pool"": ""0x256462984b6063ffe3d674449892577ab3777ad0ac0b2109797800914dcf1c1"", ""share_of_parent"": 1.0}, {""name"": ""Ekubo"", ""pool"": ""0x70e37dd1f443d2ae706724dc660fe9793f34dbf338107415ff4197e847338f9"", ""share_of_parent"": 0.0063347594}, {""name"": ""Ekubo"", ""pool"": ""0x3b8bb80f88207c0ed6a28b6f1152e97a8d8244b508497be52320ad1b63523d3"", ""share_of_parent"": 1.0}, {""name"": ""Ekubo"", ""pool"": ""0x2e65ce680bf9243a7d3b0c40200c015f66be7602bfe8e24a0b4bbd2f4b0997"", ""share_of_parent"": 0.4776655015}, {""name"": ""0dAMM"", ""pool"": ""0x1bfb102cbf19897dc230d4f6032f5d660454706d52944ff74ab237ee18723ec"", ""share_of_parent"": 0.21698050500000002}, {""name"": ""Ekubo"", ""pool"": ""0x55b5f9772697ad743ec6729541afa517c349097d1cced3abf77fa2e7307d8b9"", ""share_of_parent"": 0.143525956}, {""name"": ""Ekubo"", ""pool"": ""0xc25669ed8b70551736c7833dc0fde2d93d7829df3c0969aaadc642a36d4c98"", ""share_of_parent"": 0.1139708815}, {""name"": ""Ekubo"", ""pool"": ""0x3b8bb80f88207c0ed6a28b6f1152e97a8d8244b508497be52320ad1b63523d3"", ""share_of_parent"": 1.0}, {""name"": ""Ekubo"", ""pool"": ""0x160f5d987caf56d8109427919172c1e45ef366ea1d7dcf105a3c5a5e794aea3"", ""share_of_parent"": 0.8860291185}, {""name"": ""Ekubo"", ""pool"": ""0x4ffe087d21be7dc329d29721d169f5f6522a6fce624e8ac3aed285c3fb42f50"", ""share_of_parent"": 0.2406642664}, {""name"": ""Ekubo"", ""pool"": ""0x5dfce41b432a59570b82182d3f9f37abf7aee04a3faebc96ac367c4cb12d313"", ""share_of_parent"": 0.2218134738}, {""name"": ""0dAMM"", ""pool"": ""0xd7b9aeed671dfd92653c682fb4a06db88fed691c5c8c7c6e74c8ef5421159c"", ""share_of_parent"": 0.7781865262000001}, {""name"": ""Ekubo"", ""pool"": ""0x59592b427f28fea4683279a034e443c03125e1159ab0b14cc29a04ecf57a443"", ""share_of_parent"": 0.41262785900000004}]",quote-CONVERSION_XSTRKBTC-sell-100000.json
